solid OpenSCAD_Model
  facet normal 1 0 0
    outer loop
      vertex 120 126 44
      vertex 120 120 38
      vertex 120 126 38
    endloop
  endfacet
  facet normal 1 0 0
    outer loop
      vertex 120 120 38
      vertex 120 0 38
      vertex 120 120 0
    endloop
  endfacet
  facet normal 1 0 0
    outer loop
      vertex 120 126 44
      vertex 120 0 38
      vertex 120 120 38
    endloop
  endfacet
  facet normal 1 -0 0
    outer loop
      vertex 120 -6 44
      vertex 120 0 38
      vertex 120 126 44
    endloop
  endfacet
  facet normal 1 0 0
    outer loop
      vertex 120 0 38
      vertex 120 -6 44
      vertex 120 -6 38
    endloop
  endfacet
  facet normal 1 0 0
    outer loop
      vertex 120 120 0
      vertex 120 0 38
      vertex 120 0 0
    endloop
  endfacet
  facet normal 0 0 1
    outer loop
      vertex 17 126 44
      vertex 7 123.102 44
      vertex 17 123.102 44
    endloop
  endfacet
  facet normal 0 0 1
    outer loop
      vertex 0 126 44
      vertex 7 119.955 44
      vertex 7 123.102 44
    endloop
  endfacet
  facet normal 0 0 1
    outer loop
      vertex 7 119.955 44
      vertex 0 126 44
      vertex 6.46198 67.0484 44
    endloop
  endfacet
  facet normal 0 0 1
    outer loop
      vertex 6.46198 67.0484 44
      vertex 0 126 44
      vertex 6.11562 63.5318 44
    endloop
  endfacet
  facet normal 0 0 1
    outer loop
      vertex 6.11562 63.5318 44
      vertex 0 126 44
      vertex 6 60 44
    endloop
  endfacet
  facet normal -0 0 1
    outer loop
      vertex 0 126 44
      vertex 7 123.102 44
      vertex 17 126 44
    endloop
  endfacet
  facet normal 0 0 1
    outer loop
      vertex 24.3953 19.4007 44
      vertex 25 0.0448058 44
      vertex 27.1269 17.1589 44
    endloop
  endfacet
  facet normal 0 0 1
    outer loop
      vertex 7 0.0448058 44
      vertex 24.3953 19.4007 44
      vertex 21.8162 21.8162 44
    endloop
  endfacet
  facet normal 0 0 1
    outer loop
      vertex 7 0.0448058 44
      vertex 21.8162 21.8162 44
      vertex 19.4007 24.3953 44
    endloop
  endfacet
  facet normal 0 0 1
    outer loop
      vertex 7 0.0448058 44
      vertex 19.4007 24.3953 44
      vertex 17.1589 27.1269 44
    endloop
  endfacet
  facet normal 0 0 1
    outer loop
      vertex 7 0.0448058 44
      vertex 17.1589 27.1269 44
      vertex 15.1006 29.9992 44
    endloop
  endfacet
  facet normal 0 0 1
    outer loop
      vertex 7 0.0448058 44
      vertex 15.1006 29.9992 44
      vertex 13.2346 33 44
    endloop
  endfacet
  facet normal 0 0 1
    outer loop
      vertex 7 0.0448058 44
      vertex 13.2346 33 44
      vertex 11.5689 36.1164 44
    endloop
  endfacet
  facet normal 0 0 1
    outer loop
      vertex 0 -6 44
      vertex 11.5689 36.1164 44
      vertex 10.1105 39.3351 44
    endloop
  endfacet
  facet normal 0 0 1
    outer loop
      vertex 24.3953 19.4007 44
      vertex 7 0.0448058 44
      vertex 25 0.0448058 44
    endloop
  endfacet
  facet normal 0 0 1
    outer loop
      vertex 0 -6 44
      vertex 10.1105 39.3351 44
      vertex 8.86577 42.6423 44
    endloop
  endfacet
  facet normal 0 0 1
    outer loop
      vertex 0 -6 44
      vertex 8.86577 42.6423 44
      vertex 7.84 46.0238 44
    endloop
  endfacet
  facet normal 0 0 1
    outer loop
      vertex 0 -6 44
      vertex 7.84 46.0238 44
      vertex 7.03759 49.4651 44
    endloop
  endfacet
  facet normal 0 0 1
    outer loop
      vertex 11.5689 36.1164 44
      vertex 0 -6 44
      vertex 7 0.0448058 44
    endloop
  endfacet
  facet normal 0 0 1
    outer loop
      vertex 0 -6 44
      vertex 7.03759 49.4651 44
      vertex 6.46198 52.9516 44
    endloop
  endfacet
  facet normal 0 0 1
    outer loop
      vertex 61 126 44
      vertex 51 123.102 44
      vertex 61 123.102 44
    endloop
  endfacet
  facet normal 0 0 1
    outer loop
      vertex 42.6423 111.134 44
      vertex 51 119.955 44
      vertex 51 123.102 44
    endloop
  endfacet
  facet normal 0 0 1
    outer loop
      vertex 51 119.955 44
      vertex 46.0238 112.16 44
      vertex 49.4651 112.962 44
    endloop
  endfacet
  facet normal 0 0 1
    outer loop
      vertex 51 119.955 44
      vertex 42.6423 111.134 44
      vertex 46.0238 112.16 44
    endloop
  endfacet
  facet normal 0 0 1
    outer loop
      vertex 25 126 44
      vertex 42.6423 111.134 44
      vertex 51 123.102 44
    endloop
  endfacet
  facet normal 0 0 1
    outer loop
      vertex 42.6423 111.134 44
      vertex 25 119.955 44
      vertex 39.3351 109.889 44
    endloop
  endfacet
  facet normal 0 0 1
    outer loop
      vertex 39.3351 109.889 44
      vertex 25 119.955 44
      vertex 36.1164 108.431 44
    endloop
  endfacet
  facet normal 0 0 1
    outer loop
      vertex 36.1164 108.431 44
      vertex 25 119.955 44
      vertex 33 106.765 44
    endloop
  endfacet
  facet normal 0 0 1
    outer loop
      vertex 33 106.765 44
      vertex 25 119.955 44
      vertex 29.9992 104.899 44
    endloop
  endfacet
  facet normal -0 0 1
    outer loop
      vertex 25 126 44
      vertex 51 123.102 44
      vertex 61 126 44
    endloop
  endfacet
  facet normal 0 0 1
    outer loop
      vertex 42.6423 111.134 44
      vertex 25 126 44
      vertex 25 119.955 44
    endloop
  endfacet
  facet normal 0 0 1
    outer loop
      vertex 29.9992 104.899 44
      vertex 25 119.955 44
      vertex 27.1269 102.841 44
    endloop
  endfacet
  facet normal 0 0 1
    outer loop
      vertex 25 119.955 44
      vertex 24.3953 100.599 44
      vertex 27.1269 102.841 44
    endloop
  endfacet
  facet normal -0 0 1
    outer loop
      vertex 7 119.955 44
      vertex 24.3953 100.599 44
      vertex 25 119.955 44
    endloop
  endfacet
  facet normal 0 0 1
    outer loop
      vertex 24.3953 100.599 44
      vertex 7 119.955 44
      vertex 21.8162 98.1838 44
    endloop
  endfacet
  facet normal 0 0 1
    outer loop
      vertex 21.8162 98.1838 44
      vertex 7 119.955 44
      vertex 19.4007 95.6047 44
    endloop
  endfacet
  facet normal 0 0 1
    outer loop
      vertex 19.4007 95.6047 44
      vertex 7 119.955 44
      vertex 17.1589 92.8731 44
    endloop
  endfacet
  facet normal 0 0 1
    outer loop
      vertex 17.1589 92.8731 44
      vertex 7 119.955 44
      vertex 15.1006 90.0008 44
    endloop
  endfacet
  facet normal 0 0 1
    outer loop
      vertex 15.1006 90.0008 44
      vertex 7 119.955 44
      vertex 13.2346 87 44
    endloop
  endfacet
  facet normal 0 0 1
    outer loop
      vertex 13.2346 87 44
      vertex 7 119.955 44
      vertex 11.5689 83.8836 44
    endloop
  endfacet
  facet normal 0 0 1
    outer loop
      vertex 11.5689 83.8836 44
      vertex 7 119.955 44
      vertex 10.1105 80.6649 44
    endloop
  endfacet
  facet normal 0 0 1
    outer loop
      vertex 7 119.955 44
      vertex 8.86577 77.3577 44
      vertex 10.1105 80.6649 44
    endloop
  endfacet
  facet normal 0 0 1
    outer loop
      vertex 7 119.955 44
      vertex 7.84 73.9762 44
      vertex 8.86577 77.3577 44
    endloop
  endfacet
  facet normal 0 0 1
    outer loop
      vertex 7 119.955 44
      vertex 7.03759 70.5349 44
      vertex 7.84 73.9762 44
    endloop
  endfacet
  facet normal 0 0 1
    outer loop
      vertex 7.03759 70.5349 44
      vertex 7 119.955 44
      vertex 6.46198 67.0484 44
    endloop
  endfacet
  facet normal -0 0 1
    outer loop
      vertex 67.0484 6.46198 44
      vertex 69 0.0448058 44
      vertex 70.5349 7.03759 44
    endloop
  endfacet
  facet normal -0 0 1
    outer loop
      vertex 63.5318 6.11562 44
      vertex 69 0.0448058 44
      vertex 67.0484 6.46198 44
    endloop
  endfacet
  facet normal -0 0 1
    outer loop
      vertex 60 6 44
      vertex 69 0.0448058 44
      vertex 63.5318 6.11562 44
    endloop
  endfacet
  facet normal 0 0 1
    outer loop
      vertex 51 0.0448058 44
      vertex 60 6 44
      vertex 56.4682 6.11562 44
    endloop
  endfacet
  facet normal 0 0 1
    outer loop
      vertex 51 0.0448058 44
      vertex 56.4682 6.11562 44
      vertex 52.9516 6.46198 44
    endloop
  endfacet
  facet normal 0 0 1
    outer loop
      vertex 60 6 44
      vertex 51 0.0448058 44
      vertex 69 0.0448058 44
    endloop
  endfacet
  facet normal 0 0 1
    outer loop
      vertex 46.0238 7.84 44
      vertex 51 0.0448058 44
      vertex 49.4651 7.03759 44
    endloop
  endfacet
  facet normal 0 0 1
    outer loop
      vertex 49.4651 7.03759 44
      vertex 51 0.0448058 44
      vertex 52.9516 6.46198 44
    endloop
  endfacet
  facet normal 0 0 1
    outer loop
      vertex 105 126 44
      vertex 95 123.102 44
      vertex 105 123.102 44
    endloop
  endfacet
  facet normal 0 0 1
    outer loop
      vertex 80.6649 109.889 44
      vertex 95 119.955 44
      vertex 95 123.102 44
    endloop
  endfacet
  facet normal 0 0 1
    outer loop
      vertex 95 119.955 44
      vertex 90.0008 104.899 44
      vertex 92.8731 102.841 44
    endloop
  endfacet
  facet normal 0 0 1
    outer loop
      vertex 95 119.955 44
      vertex 87 106.765 44
      vertex 90.0008 104.899 44
    endloop
  endfacet
  facet normal 0 0 1
    outer loop
      vertex 95 119.955 44
      vertex 83.8836 108.431 44
      vertex 87 106.765 44
    endloop
  endfacet
  facet normal 0 0 1
    outer loop
      vertex 95 119.955 44
      vertex 80.6649 109.889 44
      vertex 83.8836 108.431 44
    endloop
  endfacet
  facet normal 0 0 1
    outer loop
      vertex 95 123.102 44
      vertex 77.3577 111.134 44
      vertex 80.6649 109.889 44
    endloop
  endfacet
  facet normal 0 0 1
    outer loop
      vertex 69 126 44
      vertex 77.3577 111.134 44
      vertex 95 123.102 44
    endloop
  endfacet
  facet normal 0 0 1
    outer loop
      vertex 77.3577 111.134 44
      vertex 69 119.955 44
      vertex 73.9762 112.16 44
    endloop
  endfacet
  facet normal -0 0 1
    outer loop
      vertex 69 126 44
      vertex 95 123.102 44
      vertex 105 126 44
    endloop
  endfacet
  facet normal 0 0 1
    outer loop
      vertex 77.3577 111.134 44
      vertex 69 126 44
      vertex 69 119.955 44
    endloop
  endfacet
  facet normal 0 0 1
    outer loop
      vertex 73.9762 112.16 44
      vertex 69 119.955 44
      vertex 70.5349 112.962 44
    endloop
  endfacet
  facet normal 0 0 1
    outer loop
      vertex 69 119.955 44
      vertex 67.0484 113.538 44
      vertex 70.5349 112.962 44
    endloop
  endfacet
  facet normal 0 0 1
    outer loop
      vertex 69 119.955 44
      vertex 63.5318 113.884 44
      vertex 67.0484 113.538 44
    endloop
  endfacet
  facet normal 0 0 1
    outer loop
      vertex 69 119.955 44
      vertex 60 114 44
      vertex 63.5318 113.884 44
    endloop
  endfacet
  facet normal -0 0 1
    outer loop
      vertex 51 119.955 44
      vertex 60 114 44
      vertex 69 119.955 44
    endloop
  endfacet
  facet normal 0 0 1
    outer loop
      vertex 60 114 44
      vertex 51 119.955 44
      vertex 56.4682 113.884 44
    endloop
  endfacet
  facet normal 0 0 1
    outer loop
      vertex 56.4682 113.884 44
      vertex 51 119.955 44
      vertex 52.9516 113.538 44
    endloop
  endfacet
  facet normal 0 0 1
    outer loop
      vertex 52.9516 113.538 44
      vertex 51 119.955 44
      vertex 49.4651 112.962 44
    endloop
  endfacet
  facet normal -0 0 1
    outer loop
      vertex 112.16 46.0238 44
      vertex 120 -6 44
      vertex 112.962 49.4651 44
    endloop
  endfacet
  facet normal -0 0 1
    outer loop
      vertex 111.134 42.6423 44
      vertex 120 -6 44
      vertex 112.16 46.0238 44
    endloop
  endfacet
  facet normal -0 0 1
    outer loop
      vertex 109.889 39.3351 44
      vertex 120 -6 44
      vertex 111.134 42.6423 44
    endloop
  endfacet
  facet normal -0 0 1
    outer loop
      vertex 108.431 36.1164 44
      vertex 120 -6 44
      vertex 109.889 39.3351 44
    endloop
  endfacet
  facet normal 0 0 1
    outer loop
      vertex 120 -6 44
      vertex 108.431 36.1164 44
      vertex 113 0.0448058 44
    endloop
  endfacet
  facet normal -0 0 1
    outer loop
      vertex 106.765 33 44
      vertex 113 0.0448058 44
      vertex 108.431 36.1164 44
    endloop
  endfacet
  facet normal -0 0 1
    outer loop
      vertex 104.899 29.9992 44
      vertex 113 0.0448058 44
      vertex 106.765 33 44
    endloop
  endfacet
  facet normal -0 0 1
    outer loop
      vertex 102.841 27.1269 44
      vertex 113 0.0448058 44
      vertex 104.899 29.9992 44
    endloop
  endfacet
  facet normal -0 0 1
    outer loop
      vertex 100.599 24.3953 44
      vertex 113 0.0448058 44
      vertex 102.841 27.1269 44
    endloop
  endfacet
  facet normal -0 0 1
    outer loop
      vertex 98.1838 21.8162 44
      vertex 113 0.0448058 44
      vertex 100.599 24.3953 44
    endloop
  endfacet
  facet normal -0 0 1
    outer loop
      vertex 95.6047 19.4007 44
      vertex 113 0.0448058 44
      vertex 98.1838 21.8162 44
    endloop
  endfacet
  facet normal 0 0 1
    outer loop
      vertex 95.6047 19.4007 44
      vertex 95 0.0448058 44
      vertex 113 0.0448058 44
    endloop
  endfacet
  facet normal -0 0 1
    outer loop
      vertex 90.0008 15.1006 44
      vertex 95 0.0448058 44
      vertex 92.8731 17.1589 44
    endloop
  endfacet
  facet normal -0 0 1
    outer loop
      vertex 92.8731 17.1589 44
      vertex 95 0.0448058 44
      vertex 95.6047 19.4007 44
    endloop
  endfacet
  facet normal 0 0 1
    outer loop
      vertex 120 126 44
      vertex 114 60 44
      vertex 120 -6 44
    endloop
  endfacet
  facet normal 0 0 1
    outer loop
      vertex 120 126 44
      vertex 113.884 63.5318 44
      vertex 114 60 44
    endloop
  endfacet
  facet normal 0 0 1
    outer loop
      vertex 120 126 44
      vertex 113.538 67.0484 44
      vertex 113.884 63.5318 44
    endloop
  endfacet
  facet normal 0 0 1
    outer loop
      vertex 113 119.955 44
      vertex 120 126 44
      vertex 113 126 44
    endloop
  endfacet
  facet normal 0 0 1
    outer loop
      vertex 108.431 83.8836 44
      vertex 120 126 44
      vertex 113 119.955 44
    endloop
  endfacet
  facet normal 0 0 1
    outer loop
      vertex 120 126 44
      vertex 112.962 70.5349 44
      vertex 113.538 67.0484 44
    endloop
  endfacet
  facet normal 0 0 1
    outer loop
      vertex 120 126 44
      vertex 112.16 73.9762 44
      vertex 112.962 70.5349 44
    endloop
  endfacet
  facet normal 0 0 1
    outer loop
      vertex 120 126 44
      vertex 111.134 77.3577 44
      vertex 112.16 73.9762 44
    endloop
  endfacet
  facet normal 0 0 1
    outer loop
      vertex 120 126 44
      vertex 109.889 80.6649 44
      vertex 111.134 77.3577 44
    endloop
  endfacet
  facet normal 0 0 1
    outer loop
      vertex 120 126 44
      vertex 108.431 83.8836 44
      vertex 109.889 80.6649 44
    endloop
  endfacet
  facet normal 0 0 1
    outer loop
      vertex 113 119.955 44
      vertex 106.765 87 44
      vertex 108.431 83.8836 44
    endloop
  endfacet
  facet normal 0 0 1
    outer loop
      vertex 113 119.955 44
      vertex 104.899 90.0008 44
      vertex 106.765 87 44
    endloop
  endfacet
  facet normal 0 0 1
    outer loop
      vertex 113 119.955 44
      vertex 102.841 92.8731 44
      vertex 104.899 90.0008 44
    endloop
  endfacet
  facet normal 0 0 1
    outer loop
      vertex 113 119.955 44
      vertex 100.599 95.6047 44
      vertex 102.841 92.8731 44
    endloop
  endfacet
  facet normal 0 0 1
    outer loop
      vertex 113 119.955 44
      vertex 98.1838 98.1838 44
      vertex 100.599 95.6047 44
    endloop
  endfacet
  facet normal 0 0 1
    outer loop
      vertex 113 119.955 44
      vertex 95.6047 100.599 44
      vertex 98.1838 98.1838 44
    endloop
  endfacet
  facet normal -0 0 1
    outer loop
      vertex 95 119.955 44
      vertex 95.6047 100.599 44
      vertex 113 119.955 44
    endloop
  endfacet
  facet normal 0 0 1
    outer loop
      vertex 95.6047 100.599 44
      vertex 95 119.955 44
      vertex 92.8731 102.841 44
    endloop
  endfacet
  facet normal -0 0 1
    outer loop
      vertex 113.884 56.4682 44
      vertex 120 -6 44
      vertex 114 60 44
    endloop
  endfacet
  facet normal -0 0 1
    outer loop
      vertex 113.538 52.9516 44
      vertex 120 -6 44
      vertex 113.884 56.4682 44
    endloop
  endfacet
  facet normal -0 0 1
    outer loop
      vertex 112.962 49.4651 44
      vertex 120 -6 44
      vertex 113.538 52.9516 44
    endloop
  endfacet
  facet normal 0 0 1
    outer loop
      vertex 120 -6 44
      vertex 113 0.0448058 44
      vertex 113 -6 44
    endloop
  endfacet
  facet normal -0 0 1
    outer loop
      vertex 95 -3.10168 44
      vertex 105 -6 44
      vertex 105 -3.10168 44
    endloop
  endfacet
  facet normal -0 0 1
    outer loop
      vertex 87 13.2346 44
      vertex 95 0.0448058 44
      vertex 90.0008 15.1006 44
    endloop
  endfacet
  facet normal -0 0 1
    outer loop
      vertex 83.8836 11.5689 44
      vertex 95 0.0448058 44
      vertex 87 13.2346 44
    endloop
  endfacet
  facet normal -0 0 1
    outer loop
      vertex 80.6649 10.1105 44
      vertex 95 0.0448058 44
      vertex 83.8836 11.5689 44
    endloop
  endfacet
  facet normal 0 0 1
    outer loop
      vertex 95 0.0448058 44
      vertex 80.6649 10.1105 44
      vertex 95 -3.10168 44
    endloop
  endfacet
  facet normal -0 0 1
    outer loop
      vertex 77.3577 8.86577 44
      vertex 95 -3.10168 44
      vertex 80.6649 10.1105 44
    endloop
  endfacet
  facet normal 0 0 1
    outer loop
      vertex 69 0.0448058 44
      vertex 77.3577 8.86577 44
      vertex 73.9762 7.84 44
    endloop
  endfacet
  facet normal 0 0 1
    outer loop
      vertex 69 0.0448058 44
      vertex 73.9762 7.84 44
      vertex 70.5349 7.03759 44
    endloop
  endfacet
  facet normal 0 0 1
    outer loop
      vertex 69 -6 44
      vertex 77.3577 8.86577 44
      vertex 69 0.0448058 44
    endloop
  endfacet
  facet normal 0 0 1
    outer loop
      vertex 77.3577 8.86577 44
      vertex 69 -6 44
      vertex 95 -3.10168 44
    endloop
  endfacet
  facet normal 0 0 1
    outer loop
      vertex 95 -3.10168 44
      vertex 69 -6 44
      vertex 105 -6 44
    endloop
  endfacet
  facet normal -0 0 1
    outer loop
      vertex 51 -3.10168 44
      vertex 61 -6 44
      vertex 61 -3.10168 44
    endloop
  endfacet
  facet normal 0 0 1
    outer loop
      vertex 42.6423 8.86577 44
      vertex 51 0.0448058 44
      vertex 46.0238 7.84 44
    endloop
  endfacet
  facet normal 0 0 1
    outer loop
      vertex 51 0.0448058 44
      vertex 42.6423 8.86577 44
      vertex 51 -3.10168 44
    endloop
  endfacet
  facet normal 0 0 1
    outer loop
      vertex 25 0.0448058 44
      vertex 42.6423 8.86577 44
      vertex 39.3351 10.1105 44
    endloop
  endfacet
  facet normal 0 0 1
    outer loop
      vertex 25 0.0448058 44
      vertex 39.3351 10.1105 44
      vertex 36.1164 11.5689 44
    endloop
  endfacet
  facet normal 0 0 1
    outer loop
      vertex 25 0.0448058 44
      vertex 36.1164 11.5689 44
      vertex 33 13.2346 44
    endloop
  endfacet
  facet normal 0 0 1
    outer loop
      vertex 25 0.0448058 44
      vertex 33 13.2346 44
      vertex 29.9992 15.1006 44
    endloop
  endfacet
  facet normal 0 0 1
    outer loop
      vertex 25 0.0448058 44
      vertex 29.9992 15.1006 44
      vertex 27.1269 17.1589 44
    endloop
  endfacet
  facet normal 0 0 1
    outer loop
      vertex 25 -6 44
      vertex 42.6423 8.86577 44
      vertex 25 0.0448058 44
    endloop
  endfacet
  facet normal 0 0 1
    outer loop
      vertex 42.6423 8.86577 44
      vertex 25 -6 44
      vertex 51 -3.10168 44
    endloop
  endfacet
  facet normal 0 0 1
    outer loop
      vertex 51 -3.10168 44
      vertex 25 -6 44
      vertex 61 -6 44
    endloop
  endfacet
  facet normal -0 0 1
    outer loop
      vertex 7 -3.10168 44
      vertex 17 -6 44
      vertex 17 -3.10168 44
    endloop
  endfacet
  facet normal 0 0 1
    outer loop
      vertex 0 -6 44
      vertex 6.46198 52.9516 44
      vertex 6.11562 56.4682 44
    endloop
  endfacet
  facet normal 0 0 1
    outer loop
      vertex 0 -6 44
      vertex 6.11562 56.4682 44
      vertex 6 60 44
    endloop
  endfacet
  facet normal 0 0 1
    outer loop
      vertex 0 -6 44
      vertex 6 60 44
      vertex 0 126 44
    endloop
  endfacet
  facet normal 0 0 1
    outer loop
      vertex 7 -3.10168 44
      vertex 0 -6 44
      vertex 17 -6 44
    endloop
  endfacet
  facet normal 0 0 1
    outer loop
      vertex 7 0.0448058 44
      vertex 0 -6 44
      vertex 7 -3.10168 44
    endloop
  endfacet
  facet normal 0 0 -1
    outer loop
      vertex 0 0 0
      vertex 120 120 0
      vertex 120 0 0
    endloop
  endfacet
  facet normal -0 0 -1
    outer loop
      vertex 120 120 0
      vertex 0 0 0
      vertex 0 120 0
    endloop
  endfacet
  facet normal -1 0 0
    outer loop
      vertex 0 120 0
      vertex 0 0 0
      vertex 0 120 38
    endloop
  endfacet
  facet normal -1 0 0
    outer loop
      vertex 0 120 38
      vertex 0 126 44
      vertex 0 126 38
    endloop
  endfacet
  facet normal -1 0 0
    outer loop
      vertex 0 0 38
      vertex 0 120 38
      vertex 0 0 0
    endloop
  endfacet
  facet normal -1 0 0
    outer loop
      vertex 0 120 38
      vertex 0 0 38
      vertex 0 126 44
    endloop
  endfacet
  facet normal -1 0 0
    outer loop
      vertex 0 -6 44
      vertex 0 0 38
      vertex 0 -6 38
    endloop
  endfacet
  facet normal -1 0 0
    outer loop
      vertex 0 0 38
      vertex 0 -6 44
      vertex 0 126 44
    endloop
  endfacet
  facet normal 0 1 -0
    outer loop
      vertex 120 120 0
      vertex 0 120 38
      vertex 120 120 38
    endloop
  endfacet
  facet normal 0 1 0
    outer loop
      vertex 0 120 38
      vertex 120 120 0
      vertex 0 120 0
    endloop
  endfacet
  facet normal 0 -1 0
    outer loop
      vertex 0 0 0
      vertex 120 0 38
      vertex 0 0 38
    endloop
  endfacet
  facet normal 0 -1 -0
    outer loop
      vertex 120 0 38
      vertex 0 0 0
      vertex 120 0 0
    endloop
  endfacet
  facet normal -0.995195 -0.0979177 0
    outer loop
      vertex 113.884 63.5318 4
      vertex 113.538 67.0484 44
      vertex 113.538 67.0484 4
    endloop
  endfacet
  facet normal -0.995195 -0.0979177 0
    outer loop
      vertex 113.538 67.0484 44
      vertex 113.884 63.5318 4
      vertex 113.884 63.5318 44
    endloop
  endfacet
  facet normal -0.999461 -0.0328267 0
    outer loop
      vertex 114 60 4
      vertex 113.884 63.5318 44
      vertex 113.884 63.5318 4
    endloop
  endfacet
  facet normal -0.999461 -0.0328267 0
    outer loop
      vertex 113.884 63.5318 44
      vertex 114 60 4
      vertex 114 60 44
    endloop
  endfacet
  facet normal 0.881927 -0.471386 0
    outer loop
      vertex 11.5689 83.8836 44
      vertex 13.2346 87 4
      vertex 13.2346 87 44
    endloop
  endfacet
  facet normal 0.881927 -0.471386 0
    outer loop
      vertex 13.2346 87 4
      vertex 11.5689 83.8836 44
      vertex 11.5689 83.8836 4
    endloop
  endfacet
  facet normal 0.290345 -0.956922 0
    outer loop
      vertex 42.6423 111.134 4
      vertex 46.0238 112.16 44
      vertex 42.6423 111.134 44
    endloop
  endfacet
  facet normal 0.290345 -0.956922 0
    outer loop
      vertex 46.0238 112.16 44
      vertex 42.6423 111.134 4
      vertex 46.0238 112.16 4
    endloop
  endfacet
  facet normal -0.910904 0.412619 0
    outer loop
      vertex 108.431 36.1164 4
      vertex 109.889 39.3351 44
      vertex 109.889 39.3351 4
    endloop
  endfacet
  facet normal -0.910904 0.412619 0
    outer loop
      vertex 109.889 39.3351 44
      vertex 108.431 36.1164 4
      vertex 108.431 36.1164 44
    endloop
  endfacet
  facet normal 0.352247 0.935907 -0
    outer loop
      vertex 42.6423 8.86577 4
      vertex 39.3351 10.1105 44
      vertex 42.6423 8.86577 44
    endloop
  endfacet
  facet normal 0.352247 0.935907 0
    outer loop
      vertex 39.3351 10.1105 44
      vertex 42.6423 8.86577 4
      vertex 39.3351 10.1105 4
    endloop
  endfacet
  facet normal -0.471386 0.881927 0
    outer loop
      vertex 87 13.2346 4
      vertex 83.8836 11.5689 44
      vertex 87 13.2346 44
    endloop
  endfacet
  facet normal -0.471386 0.881927 0
    outer loop
      vertex 83.8836 11.5689 44
      vertex 87 13.2346 4
      vertex 83.8836 11.5689 4
    endloop
  endfacet
  facet normal -0.290286 0.95694 0
    outer loop
      vertex 77.3577 8.86577 4
      vertex 73.9762 7.84 44
      vertex 77.3577 8.86577 44
    endloop
  endfacet
  facet normal -0.290286 0.95694 0
    outer loop
      vertex 73.9762 7.84 44
      vertex 77.3577 8.86577 4
      vertex 73.9762 7.84 4
    endloop
  endfacet
  facet normal -0.995195 0.0979177 0
    outer loop
      vertex 113.538 52.9516 4
      vertex 113.884 56.4682 44
      vertex 113.884 56.4682 4
    endloop
  endfacet
  facet normal -0.995195 0.0979177 0
    outer loop
      vertex 113.884 56.4682 44
      vertex 113.538 52.9516 4
      vertex 113.538 52.9516 44
    endloop
  endfacet
  facet normal 0.352314 -0.935882 0
    outer loop
      vertex 39.3351 109.889 4
      vertex 42.6423 111.134 44
      vertex 39.3351 109.889 44
    endloop
  endfacet
  facet normal 0.352314 -0.935882 0
    outer loop
      vertex 42.6423 111.134 44
      vertex 39.3351 109.889 4
      vertex 42.6423 111.134 4
    endloop
  endfacet
  facet normal -0.729919 0.683533 0
    outer loop
      vertex 98.1838 21.8162 4
      vertex 100.599 24.3953 44
      vertex 100.599 24.3953 4
    endloop
  endfacet
  facet normal -0.729919 0.683533 0
    outer loop
      vertex 100.599 24.3953 44
      vertex 98.1838 21.8162 4
      vertex 98.1838 21.8162 44
    endloop
  endfacet
  facet normal -0.973902 -0.226969 0
    outer loop
      vertex 112.962 70.5349 4
      vertex 112.16 73.9762 44
      vertex 112.16 73.9762 4
    endloop
  endfacet
  facet normal -0.973902 -0.226969 0
    outer loop
      vertex 112.16 73.9762 44
      vertex 112.962 70.5349 4
      vertex 112.962 70.5349 44
    endloop
  endfacet
  facet normal 0.910861 0.412713 0
    outer loop
      vertex 11.5689 36.1164 44
      vertex 10.1105 39.3351 4
      vertex 10.1105 39.3351 44
    endloop
  endfacet
  facet normal 0.910861 0.412713 0
    outer loop
      vertex 10.1105 39.3351 4
      vertex 11.5689 36.1164 44
      vertex 11.5689 36.1164 4
    endloop
  endfacet
  facet normal -0.352314 -0.935882 0
    outer loop
      vertex 77.3577 111.134 4
      vertex 80.6649 109.889 44
      vertex 77.3577 111.134 44
    endloop
  endfacet
  facet normal -0.352314 -0.935882 -0
    outer loop
      vertex 80.6649 109.889 44
      vertex 77.3577 111.134 4
      vertex 80.6649 109.889 4
    endloop
  endfacet
  facet normal 0.95694 0.290286 0
    outer loop
      vertex 8.86577 42.6423 44
      vertex 7.84 46.0238 4
      vertex 7.84 46.0238 44
    endloop
  endfacet
  facet normal 0.95694 0.290286 0
    outer loop
      vertex 7.84 46.0238 4
      vertex 8.86577 42.6423 44
      vertex 8.86577 42.6423 4
    endloop
  endfacet
  facet normal 0.0328267 -0.999461 0
    outer loop
      vertex 56.4682 113.884 4
      vertex 60 114 44
      vertex 56.4682 113.884 44
    endloop
  endfacet
  facet normal 0.0328267 -0.999461 0
    outer loop
      vertex 60 114 44
      vertex 56.4682 113.884 4
      vertex 60 114 4
    endloop
  endfacet
  facet normal -0.772978 -0.634433 0
    outer loop
      vertex 102.841 92.8731 4
      vertex 100.599 95.6047 44
      vertex 100.599 95.6047 4
    endloop
  endfacet
  facet normal -0.772978 -0.634433 0
    outer loop
      vertex 100.599 95.6047 44
      vertex 102.841 92.8731 4
      vertex 102.841 92.8731 44
    endloop
  endfacet
  facet normal -0.956922 -0.290345 0
    outer loop
      vertex 112.16 73.9762 4
      vertex 111.134 77.3577 44
      vertex 111.134 77.3577 4
    endloop
  endfacet
  facet normal -0.956922 -0.290345 0
    outer loop
      vertex 111.134 77.3577 44
      vertex 112.16 73.9762 4
      vertex 112.16 73.9762 44
    endloop
  endfacet
  facet normal 0.227079 0.973876 -0
    outer loop
      vertex 49.4651 7.03759 4
      vertex 46.0238 7.84 44
      vertex 49.4651 7.03759 44
    endloop
  endfacet
  facet normal 0.227079 0.973876 0
    outer loop
      vertex 46.0238 7.84 44
      vertex 49.4651 7.03759 4
      vertex 46.0238 7.84 4
    endloop
  endfacet
  facet normal -0.935882 -0.352314 0
    outer loop
      vertex 111.134 77.3577 4
      vertex 109.889 80.6649 44
      vertex 109.889 80.6649 4
    endloop
  endfacet
  facet normal -0.935882 -0.352314 0
    outer loop
      vertex 109.889 80.6649 44
      vertex 111.134 77.3577 4
      vertex 111.134 77.3577 44
    endloop
  endfacet
  facet normal 0.999465 0.0327193 0
    outer loop
      vertex 6.11562 56.4682 44
      vertex 6 60 4
      vertex 6 60 44
    endloop
  endfacet
  facet normal 0.999465 0.0327193 0
    outer loop
      vertex 6 60 4
      vertex 6.11562 56.4682 44
      vertex 6.11562 56.4682 4
    endloop
  endfacet
  facet normal -0.812882 -0.582429 0
    outer loop
      vertex 104.899 90.0008 4
      vertex 102.841 92.8731 44
      vertex 102.841 92.8731 4
    endloop
  endfacet
  facet normal -0.812882 -0.582429 0
    outer loop
      vertex 102.841 92.8731 44
      vertex 104.899 90.0008 4
      vertex 104.899 90.0008 44
    endloop
  endfacet
  facet normal -0.956922 0.290345 0
    outer loop
      vertex 111.134 42.6423 4
      vertex 112.16 46.0238 44
      vertex 112.16 46.0238 4
    endloop
  endfacet
  facet normal -0.956922 0.290345 0
    outer loop
      vertex 112.16 46.0238 44
      vertex 111.134 42.6423 4
      vertex 111.134 42.6423 44
    endloop
  endfacet
  facet normal 0.683579 0.729877 -0
    outer loop
      vertex 24.3953 19.4007 4
      vertex 21.8162 21.8162 44
      vertex 24.3953 19.4007 44
    endloop
  endfacet
  facet normal 0.683579 0.729877 0
    outer loop
      vertex 21.8162 21.8162 44
      vertex 24.3953 19.4007 4
      vertex 21.8162 21.8162 4
    endloop
  endfacet
  facet normal 0.528064 0.849204 -0
    outer loop
      vertex 33 13.2346 4
      vertex 29.9992 15.1006 44
      vertex 33 13.2346 44
    endloop
  endfacet
  facet normal 0.528064 0.849204 0
    outer loop
      vertex 29.9992 15.1006 44
      vertex 33 13.2346 4
      vertex 29.9992 15.1006 4
    endloop
  endfacet
  facet normal 0.986644 0.162892 0
    outer loop
      vertex 7.03759 49.4651 44
      vertex 6.46198 52.9516 4
      vertex 6.46198 52.9516 44
    endloop
  endfacet
  facet normal 0.986644 0.162892 0
    outer loop
      vertex 6.46198 52.9516 4
      vertex 7.03759 49.4651 44
      vertex 7.03759 49.4651 4
    endloop
  endfacet
  facet normal -0.634433 -0.772978 0
    outer loop
      vertex 92.8731 102.841 4
      vertex 95.6047 100.599 44
      vertex 92.8731 102.841 44
    endloop
  endfacet
  facet normal -0.634433 -0.772978 -0
    outer loop
      vertex 95.6047 100.599 44
      vertex 92.8731 102.841 4
      vertex 95.6047 100.599 4
    endloop
  endfacet
  facet normal 0.412619 -0.910904 0
    outer loop
      vertex 36.1164 108.431 4
      vertex 39.3351 109.889 44
      vertex 36.1164 108.431 44
    endloop
  endfacet
  facet normal 0.412619 -0.910904 0
    outer loop
      vertex 39.3351 109.889 44
      vertex 36.1164 108.431 4
      vertex 39.3351 109.889 4
    endloop
  endfacet
  facet normal 0.634433 -0.772978 0
    outer loop
      vertex 24.3953 100.599 4
      vertex 27.1269 102.841 44
      vertex 24.3953 100.599 44
    endloop
  endfacet
  facet normal 0.634433 -0.772978 0
    outer loop
      vertex 27.1269 102.841 44
      vertex 24.3953 100.599 4
      vertex 27.1269 102.841 4
    endloop
  endfacet
  facet normal -0.881892 -0.471452 0
    outer loop
      vertex 108.431 83.8836 4
      vertex 106.765 87 44
      vertex 106.765 87 4
    endloop
  endfacet
  facet normal -0.881892 -0.471452 0
    outer loop
      vertex 106.765 87 44
      vertex 108.431 83.8836 4
      vertex 108.431 83.8836 44
    endloop
  endfacet
  facet normal 0.683533 -0.729919 0
    outer loop
      vertex 21.8162 98.1838 4
      vertex 24.3953 100.599 44
      vertex 21.8162 98.1838 44
    endloop
  endfacet
  facet normal 0.683533 -0.729919 0
    outer loop
      vertex 24.3953 100.599 44
      vertex 21.8162 98.1838 4
      vertex 24.3953 100.599 4
    endloop
  endfacet
  facet normal 0.935907 -0.352247 0
    outer loop
      vertex 8.86577 77.3577 44
      vertex 10.1105 80.6649 4
      vertex 10.1105 80.6649 44
    endloop
  endfacet
  facet normal 0.935907 -0.352247 0
    outer loop
      vertex 10.1105 80.6649 4
      vertex 8.86577 77.3577 44
      vertex 8.86577 77.3577 4
    endloop
  endfacet
  facet normal -0.162892 0.986644 0
    outer loop
      vertex 70.5349 7.03759 4
      vertex 67.0484 6.46198 44
      vertex 70.5349 7.03759 44
    endloop
  endfacet
  facet normal -0.162892 0.986644 0
    outer loop
      vertex 67.0484 6.46198 44
      vertex 70.5349 7.03759 4
      vertex 67.0484 6.46198 4
    endloop
  endfacet
  facet normal -0.528064 -0.849204 0
    outer loop
      vertex 87 106.765 4
      vertex 90.0008 104.899 44
      vertex 87 106.765 44
    endloop
  endfacet
  facet normal -0.528064 -0.849204 -0
    outer loop
      vertex 90.0008 104.899 44
      vertex 87 106.765 4
      vertex 90.0008 104.899 4
    endloop
  endfacet
  facet normal -0.471452 -0.881892 0
    outer loop
      vertex 83.8836 108.431 4
      vertex 87 106.765 44
      vertex 83.8836 108.431 44
    endloop
  endfacet
  facet normal -0.471452 -0.881892 -0
    outer loop
      vertex 87 106.765 44
      vertex 83.8836 108.431 4
      vertex 87 106.765 4
    endloop
  endfacet
  facet normal -0.0980186 0.995185 0
    outer loop
      vertex 67.0484 6.46198 4
      vertex 63.5318 6.11562 44
      vertex 67.0484 6.46198 44
    endloop
  endfacet
  facet normal -0.0980186 0.995185 0
    outer loop
      vertex 63.5318 6.11562 44
      vertex 67.0484 6.46198 4
      vertex 63.5318 6.11562 4
    endloop
  endfacet
  facet normal -0.849204 0.528064 0
    outer loop
      vertex 104.899 29.9992 4
      vertex 106.765 33 44
      vertex 106.765 33 4
    endloop
  endfacet
  facet normal -0.849204 0.528064 0
    outer loop
      vertex 106.765 33 44
      vertex 104.899 29.9992 4
      vertex 104.899 29.9992 44
    endloop
  endfacet
  facet normal -0.729919 -0.683533 0
    outer loop
      vertex 100.599 95.6047 4
      vertex 98.1838 98.1838 44
      vertex 98.1838 98.1838 4
    endloop
  endfacet
  facet normal -0.729919 -0.683533 0
    outer loop
      vertex 98.1838 98.1838 44
      vertex 100.599 95.6047 4
      vertex 100.599 95.6047 44
    endloop
  endfacet
  facet normal -0.634399 0.773006 0
    outer loop
      vertex 95.6047 19.4007 4
      vertex 92.8731 17.1589 44
      vertex 95.6047 19.4007 44
    endloop
  endfacet
  facet normal -0.634399 0.773006 0
    outer loop
      vertex 92.8731 17.1589 44
      vertex 95.6047 19.4007 4
      vertex 92.8731 17.1589 4
    endloop
  endfacet
  facet normal 0.95694 -0.290286 0
    outer loop
      vertex 7.84 73.9762 44
      vertex 8.86577 77.3577 4
      vertex 8.86577 77.3577 44
    endloop
  endfacet
  facet normal 0.95694 -0.290286 0
    outer loop
      vertex 8.86577 77.3577 4
      vertex 7.84 73.9762 44
      vertex 7.84 73.9762 4
    endloop
  endfacet
  facet normal 0.773006 -0.634399 0
    outer loop
      vertex 17.1589 92.8731 44
      vertex 19.4007 95.6047 4
      vertex 19.4007 95.6047 44
    endloop
  endfacet
  facet normal 0.773006 -0.634399 0
    outer loop
      vertex 19.4007 95.6047 4
      vertex 17.1589 92.8731 44
      vertex 17.1589 92.8731 4
    endloop
  endfacet
  facet normal 0.935907 0.352247 0
    outer loop
      vertex 10.1105 39.3351 44
      vertex 8.86577 42.6423 4
      vertex 8.86577 42.6423 44
    endloop
  endfacet
  facet normal 0.935907 0.352247 0
    outer loop
      vertex 8.86577 42.6423 4
      vertex 10.1105 39.3351 44
      vertex 10.1105 39.3351 4
    endloop
  endfacet
  facet normal 0.729877 -0.683579 0
    outer loop
      vertex 19.4007 95.6047 44
      vertex 21.8162 98.1838 4
      vertex 21.8162 98.1838 44
    endloop
  endfacet
  facet normal 0.729877 -0.683579 0
    outer loop
      vertex 21.8162 98.1838 4
      vertex 19.4007 95.6047 44
      vertex 19.4007 95.6047 4
    endloop
  endfacet
  facet normal -0.582485 0.812841 0
    outer loop
      vertex 92.8731 17.1589 4
      vertex 90.0008 15.1006 44
      vertex 92.8731 17.1589 44
    endloop
  endfacet
  facet normal -0.582485 0.812841 0
    outer loop
      vertex 90.0008 15.1006 44
      vertex 92.8731 17.1589 4
      vertex 90.0008 15.1006 4
    endloop
  endfacet
  facet normal -0.910904 -0.412619 0
    outer loop
      vertex 109.889 80.6649 4
      vertex 108.431 83.8836 44
      vertex 108.431 83.8836 4
    endloop
  endfacet
  facet normal -0.910904 -0.412619 0
    outer loop
      vertex 108.431 83.8836 44
      vertex 109.889 80.6649 4
      vertex 109.889 80.6649 44
    endloop
  endfacet
  facet normal -0.683533 -0.729919 0
    outer loop
      vertex 95.6047 100.599 4
      vertex 98.1838 98.1838 44
      vertex 95.6047 100.599 44
    endloop
  endfacet
  facet normal -0.683533 -0.729919 -0
    outer loop
      vertex 98.1838 98.1838 44
      vertex 95.6047 100.599 4
      vertex 98.1838 98.1838 4
    endloop
  endfacet
  facet normal -0.812882 0.582429 0
    outer loop
      vertex 102.841 27.1269 4
      vertex 104.899 29.9992 44
      vertex 104.899 29.9992 4
    endloop
  endfacet
  facet normal -0.812882 0.582429 0
    outer loop
      vertex 104.899 29.9992 44
      vertex 102.841 27.1269 4
      vertex 102.841 27.1269 44
    endloop
  endfacet
  facet normal 0.0980186 0.995185 -0
    outer loop
      vertex 56.4682 6.11562 4
      vertex 52.9516 6.46198 44
      vertex 56.4682 6.11562 44
    endloop
  endfacet
  facet normal 0.0980186 0.995185 0
    outer loop
      vertex 52.9516 6.46198 44
      vertex 56.4682 6.11562 4
      vertex 52.9516 6.46198 4
    endloop
  endfacet
  facet normal 0.973876 0.227079 0
    outer loop
      vertex 7.84 46.0238 44
      vertex 7.03759 49.4651 4
      vertex 7.03759 49.4651 44
    endloop
  endfacet
  facet normal 0.973876 0.227079 0
    outer loop
      vertex 7.03759 49.4651 4
      vertex 7.84 46.0238 44
      vertex 7.84 46.0238 4
    endloop
  endfacet
  facet normal 0.773006 0.634399 0
    outer loop
      vertex 19.4007 24.3953 44
      vertex 17.1589 27.1269 4
      vertex 17.1589 27.1269 44
    endloop
  endfacet
  facet normal 0.773006 0.634399 0
    outer loop
      vertex 17.1589 27.1269 4
      vertex 19.4007 24.3953 44
      vertex 19.4007 24.3953 4
    endloop
  endfacet
  facet normal -0.999461 0.0328267 0
    outer loop
      vertex 113.884 56.4682 4
      vertex 114 60 44
      vertex 114 60 4
    endloop
  endfacet
  facet normal -0.999461 0.0328267 0
    outer loop
      vertex 114 60 44
      vertex 113.884 56.4682 4
      vertex 113.884 56.4682 44
    endloop
  endfacet
  facet normal 0.0979177 -0.995195 0
    outer loop
      vertex 52.9516 113.538 4
      vertex 56.4682 113.884 44
      vertex 52.9516 113.538 44
    endloop
  endfacet
  facet normal 0.0979177 -0.995195 0
    outer loop
      vertex 56.4682 113.884 44
      vertex 52.9516 113.538 4
      vertex 56.4682 113.884 4
    endloop
  endfacet
  facet normal 0.729877 0.683579 0
    outer loop
      vertex 21.8162 21.8162 44
      vertex 19.4007 24.3953 4
      vertex 19.4007 24.3953 44
    endloop
  endfacet
  facet normal 0.729877 0.683579 0
    outer loop
      vertex 19.4007 24.3953 4
      vertex 21.8162 21.8162 44
      vertex 21.8162 21.8162 4
    endloop
  endfacet
  facet normal 0.995185 0.0980186 0
    outer loop
      vertex 6.46198 52.9516 44
      vertex 6.11562 56.4682 4
      vertex 6.11562 56.4682 44
    endloop
  endfacet
  facet normal 0.995185 0.0980186 0
    outer loop
      vertex 6.11562 56.4682 4
      vertex 6.46198 52.9516 44
      vertex 6.46198 52.9516 4
    endloop
  endfacet
  facet normal -0.0327193 0.999465 0
    outer loop
      vertex 63.5318 6.11562 4
      vertex 60 6 44
      vertex 63.5318 6.11562 44
    endloop
  endfacet
  facet normal -0.0327193 0.999465 0
    outer loop
      vertex 60 6 44
      vertex 63.5318 6.11562 4
      vertex 60 6 4
    endloop
  endfacet
  facet normal 0.849204 0.528064 0
    outer loop
      vertex 15.1006 29.9992 44
      vertex 13.2346 33 4
      vertex 13.2346 33 44
    endloop
  endfacet
  facet normal 0.849204 0.528064 0
    outer loop
      vertex 13.2346 33 4
      vertex 15.1006 29.9992 44
      vertex 15.1006 29.9992 4
    endloop
  endfacet
  facet normal -0.683579 0.729877 0
    outer loop
      vertex 98.1838 21.8162 4
      vertex 95.6047 19.4007 44
      vertex 98.1838 21.8162 44
    endloop
  endfacet
  facet normal -0.683579 0.729877 0
    outer loop
      vertex 95.6047 19.4007 44
      vertex 98.1838 21.8162 4
      vertex 95.6047 19.4007 4
    endloop
  endfacet
  facet normal -0.412713 0.910861 0
    outer loop
      vertex 83.8836 11.5689 4
      vertex 80.6649 10.1105 44
      vertex 83.8836 11.5689 44
    endloop
  endfacet
  facet normal -0.412713 0.910861 0
    outer loop
      vertex 80.6649 10.1105 44
      vertex 83.8836 11.5689 4
      vertex 80.6649 10.1105 4
    endloop
  endfacet
  facet normal 0.849204 -0.528064 0
    outer loop
      vertex 13.2346 87 44
      vertex 15.1006 90.0008 4
      vertex 15.1006 90.0008 44
    endloop
  endfacet
  facet normal 0.849204 -0.528064 0
    outer loop
      vertex 15.1006 90.0008 4
      vertex 13.2346 87 44
      vertex 13.2346 87 4
    endloop
  endfacet
  facet normal 0.162999 -0.986626 0
    outer loop
      vertex 49.4651 112.962 4
      vertex 52.9516 113.538 44
      vertex 49.4651 112.962 44
    endloop
  endfacet
  facet normal 0.162999 -0.986626 0
    outer loop
      vertex 52.9516 113.538 44
      vertex 49.4651 112.962 4
      vertex 52.9516 113.538 4
    endloop
  endfacet
  facet normal 0.582429 -0.812882 0
    outer loop
      vertex 27.1269 102.841 4
      vertex 29.9992 104.899 44
      vertex 27.1269 102.841 44
    endloop
  endfacet
  facet normal 0.582429 -0.812882 0
    outer loop
      vertex 29.9992 104.899 44
      vertex 27.1269 102.841 4
      vertex 29.9992 104.899 4
    endloop
  endfacet
  facet normal -0.226969 -0.973902 0
    outer loop
      vertex 70.5349 112.962 4
      vertex 73.9762 112.16 44
      vertex 70.5349 112.962 44
    endloop
  endfacet
  facet normal -0.226969 -0.973902 -0
    outer loop
      vertex 73.9762 112.16 44
      vertex 70.5349 112.962 4
      vertex 73.9762 112.16 4
    endloop
  endfacet
  facet normal -0.412619 -0.910904 0
    outer loop
      vertex 80.6649 109.889 4
      vertex 83.8836 108.431 44
      vertex 80.6649 109.889 44
    endloop
  endfacet
  facet normal -0.412619 -0.910904 -0
    outer loop
      vertex 83.8836 108.431 44
      vertex 80.6649 109.889 4
      vertex 83.8836 108.431 4
    endloop
  endfacet
  facet normal -0.849204 -0.528064 0
    outer loop
      vertex 106.765 87 4
      vertex 104.899 90.0008 44
      vertex 104.899 90.0008 4
    endloop
  endfacet
  facet normal -0.849204 -0.528064 0
    outer loop
      vertex 104.899 90.0008 44
      vertex 106.765 87 4
      vertex 106.765 87 44
    endloop
  endfacet
  facet normal -0.973902 0.226969 0
    outer loop
      vertex 112.16 46.0238 4
      vertex 112.962 49.4651 44
      vertex 112.962 49.4651 4
    endloop
  endfacet
  facet normal -0.973902 0.226969 0
    outer loop
      vertex 112.962 49.4651 44
      vertex 112.16 46.0238 4
      vertex 112.16 46.0238 44
    endloop
  endfacet
  facet normal -0.881892 0.471452 0
    outer loop
      vertex 106.765 33 4
      vertex 108.431 36.1164 44
      vertex 108.431 36.1164 4
    endloop
  endfacet
  facet normal -0.881892 0.471452 0
    outer loop
      vertex 108.431 36.1164 44
      vertex 106.765 33 4
      vertex 106.765 33 44
    endloop
  endfacet
  facet normal -0.772978 0.634433 0
    outer loop
      vertex 100.599 24.3953 4
      vertex 102.841 27.1269 44
      vertex 102.841 27.1269 4
    endloop
  endfacet
  facet normal -0.772978 0.634433 0
    outer loop
      vertex 102.841 27.1269 44
      vertex 100.599 24.3953 4
      vertex 100.599 24.3953 44
    endloop
  endfacet
  facet normal -0.352247 0.935907 0
    outer loop
      vertex 80.6649 10.1105 4
      vertex 77.3577 8.86577 44
      vertex 80.6649 10.1105 44
    endloop
  endfacet
  facet normal -0.352247 0.935907 0
    outer loop
      vertex 77.3577 8.86577 44
      vertex 80.6649 10.1105 4
      vertex 77.3577 8.86577 4
    endloop
  endfacet
  facet normal -0.528064 0.849204 0
    outer loop
      vertex 90.0008 15.1006 4
      vertex 87 13.2346 44
      vertex 90.0008 15.1006 44
    endloop
  endfacet
  facet normal -0.528064 0.849204 0
    outer loop
      vertex 87 13.2346 44
      vertex 90.0008 15.1006 4
      vertex 87 13.2346 4
    endloop
  endfacet
  facet normal -0.162999 -0.986626 0
    outer loop
      vertex 67.0484 113.538 4
      vertex 70.5349 112.962 44
      vertex 67.0484 113.538 44
    endloop
  endfacet
  facet normal -0.162999 -0.986626 -0
    outer loop
      vertex 70.5349 112.962 44
      vertex 67.0484 113.538 4
      vertex 70.5349 112.962 4
    endloop
  endfacet
  facet normal -0.582429 -0.812882 0
    outer loop
      vertex 90.0008 104.899 4
      vertex 92.8731 102.841 44
      vertex 90.0008 104.899 44
    endloop
  endfacet
  facet normal -0.582429 -0.812882 -0
    outer loop
      vertex 92.8731 102.841 44
      vertex 90.0008 104.899 4
      vertex 92.8731 102.841 4
    endloop
  endfacet
  facet normal -0.935882 0.352314 0
    outer loop
      vertex 109.889 39.3351 4
      vertex 111.134 42.6423 44
      vertex 111.134 42.6423 4
    endloop
  endfacet
  facet normal -0.935882 0.352314 0
    outer loop
      vertex 111.134 42.6423 44
      vertex 109.889 39.3351 4
      vertex 109.889 39.3351 44
    endloop
  endfacet
  facet normal -0.227079 0.973876 0
    outer loop
      vertex 73.9762 7.84 4
      vertex 70.5349 7.03759 44
      vertex 73.9762 7.84 44
    endloop
  endfacet
  facet normal -0.227079 0.973876 0
    outer loop
      vertex 70.5349 7.03759 44
      vertex 73.9762 7.84 4
      vertex 70.5349 7.03759 4
    endloop
  endfacet
  facet normal -0.986626 -0.162999 0
    outer loop
      vertex 113.538 67.0484 4
      vertex 112.962 70.5349 44
      vertex 112.962 70.5349 4
    endloop
  endfacet
  facet normal -0.986626 -0.162999 0
    outer loop
      vertex 112.962 70.5349 44
      vertex 113.538 67.0484 4
      vertex 113.538 67.0484 44
    endloop
  endfacet
  facet normal 0.881927 0.471386 0
    outer loop
      vertex 13.2346 33 44
      vertex 11.5689 36.1164 4
      vertex 11.5689 36.1164 44
    endloop
  endfacet
  facet normal 0.881927 0.471386 0
    outer loop
      vertex 11.5689 36.1164 4
      vertex 13.2346 33 44
      vertex 13.2346 33 4
    endloop
  endfacet
  facet normal 0.162892 0.986644 -0
    outer loop
      vertex 52.9516 6.46198 4
      vertex 49.4651 7.03759 44
      vertex 52.9516 6.46198 44
    endloop
  endfacet
  facet normal 0.162892 0.986644 0
    outer loop
      vertex 49.4651 7.03759 44
      vertex 52.9516 6.46198 4
      vertex 49.4651 7.03759 4
    endloop
  endfacet
  facet normal 0.226969 -0.973902 0
    outer loop
      vertex 46.0238 112.16 4
      vertex 49.4651 112.962 44
      vertex 46.0238 112.16 44
    endloop
  endfacet
  facet normal 0.226969 -0.973902 0
    outer loop
      vertex 49.4651 112.962 44
      vertex 46.0238 112.16 4
      vertex 49.4651 112.962 4
    endloop
  endfacet
  facet normal 0.812841 0.582485 0
    outer loop
      vertex 17.1589 27.1269 44
      vertex 15.1006 29.9992 4
      vertex 15.1006 29.9992 44
    endloop
  endfacet
  facet normal 0.812841 0.582485 0
    outer loop
      vertex 15.1006 29.9992 4
      vertex 17.1589 27.1269 44
      vertex 17.1589 27.1269 4
    endloop
  endfacet
  facet normal 0.995185 -0.0980186 0
    outer loop
      vertex 6.11562 63.5318 44
      vertex 6.46198 67.0484 4
      vertex 6.46198 67.0484 44
    endloop
  endfacet
  facet normal 0.995185 -0.0980186 0
    outer loop
      vertex 6.46198 67.0484 4
      vertex 6.11562 63.5318 44
      vertex 6.11562 63.5318 4
    endloop
  endfacet
  facet normal 0.290286 0.95694 -0
    outer loop
      vertex 46.0238 7.84 4
      vertex 42.6423 8.86577 44
      vertex 46.0238 7.84 44
    endloop
  endfacet
  facet normal 0.290286 0.95694 0
    outer loop
      vertex 42.6423 8.86577 44
      vertex 46.0238 7.84 4
      vertex 42.6423 8.86577 4
    endloop
  endfacet
  facet normal 0.0327193 0.999465 -0
    outer loop
      vertex 60 6 4
      vertex 56.4682 6.11562 44
      vertex 60 6 44
    endloop
  endfacet
  facet normal 0.0327193 0.999465 0
    outer loop
      vertex 56.4682 6.11562 44
      vertex 60 6 4
      vertex 56.4682 6.11562 4
    endloop
  endfacet
  facet normal -0.290345 -0.956922 0
    outer loop
      vertex 73.9762 112.16 4
      vertex 77.3577 111.134 44
      vertex 73.9762 112.16 44
    endloop
  endfacet
  facet normal -0.290345 -0.956922 -0
    outer loop
      vertex 77.3577 111.134 44
      vertex 73.9762 112.16 4
      vertex 77.3577 111.134 4
    endloop
  endfacet
  facet normal -0.0979177 -0.995195 0
    outer loop
      vertex 63.5318 113.884 4
      vertex 67.0484 113.538 44
      vertex 63.5318 113.884 44
    endloop
  endfacet
  facet normal -0.0979177 -0.995195 -0
    outer loop
      vertex 67.0484 113.538 44
      vertex 63.5318 113.884 4
      vertex 67.0484 113.538 4
    endloop
  endfacet
  facet normal 0.812841 -0.582485 0
    outer loop
      vertex 15.1006 90.0008 44
      vertex 17.1589 92.8731 4
      vertex 17.1589 92.8731 44
    endloop
  endfacet
  facet normal 0.812841 -0.582485 0
    outer loop
      vertex 17.1589 92.8731 4
      vertex 15.1006 90.0008 44
      vertex 15.1006 90.0008 4
    endloop
  endfacet
  facet normal -0.0328267 -0.999461 0
    outer loop
      vertex 60 114 4
      vertex 63.5318 113.884 44
      vertex 60 114 44
    endloop
  endfacet
  facet normal -0.0328267 -0.999461 -0
    outer loop
      vertex 63.5318 113.884 44
      vertex 60 114 4
      vertex 63.5318 113.884 4
    endloop
  endfacet
  facet normal 0 0 1
    outer loop
      vertex 113.884 63.5318 4
      vertex 113.884 56.4682 4
      vertex 114 60 4
    endloop
  endfacet
  facet normal 0 0 1
    outer loop
      vertex 113.538 67.0484 4
      vertex 113.884 56.4682 4
      vertex 113.884 63.5318 4
    endloop
  endfacet
  facet normal 0 0 1
    outer loop
      vertex 113.538 67.0484 4
      vertex 113.538 52.9516 4
      vertex 113.884 56.4682 4
    endloop
  endfacet
  facet normal 0 0 1
    outer loop
      vertex 112.962 70.5349 4
      vertex 113.538 52.9516 4
      vertex 113.538 67.0484 4
    endloop
  endfacet
  facet normal 0 0 1
    outer loop
      vertex 112.962 70.5349 4
      vertex 112.962 49.4651 4
      vertex 113.538 52.9516 4
    endloop
  endfacet
  facet normal 0 0 1
    outer loop
      vertex 112.16 73.9762 4
      vertex 112.962 49.4651 4
      vertex 112.962 70.5349 4
    endloop
  endfacet
  facet normal 0 0 1
    outer loop
      vertex 112.16 73.9762 4
      vertex 112.16 46.0238 4
      vertex 112.962 49.4651 4
    endloop
  endfacet
  facet normal 0 0 1
    outer loop
      vertex 111.134 77.3577 4
      vertex 112.16 46.0238 4
      vertex 112.16 73.9762 4
    endloop
  endfacet
  facet normal 0 0 1
    outer loop
      vertex 111.134 77.3577 4
      vertex 111.134 42.6423 4
      vertex 112.16 46.0238 4
    endloop
  endfacet
  facet normal 0 0 1
    outer loop
      vertex 109.889 80.6649 4
      vertex 111.134 42.6423 4
      vertex 111.134 77.3577 4
    endloop
  endfacet
  facet normal 0 0 1
    outer loop
      vertex 109.889 80.6649 4
      vertex 109.889 39.3351 4
      vertex 111.134 42.6423 4
    endloop
  endfacet
  facet normal 0 0 1
    outer loop
      vertex 108.431 83.8836 4
      vertex 109.889 39.3351 4
      vertex 109.889 80.6649 4
    endloop
  endfacet
  facet normal 0 0 1
    outer loop
      vertex 108.431 83.8836 4
      vertex 108.431 36.1164 4
      vertex 109.889 39.3351 4
    endloop
  endfacet
  facet normal 0 0 1
    outer loop
      vertex 106.765 87 4
      vertex 108.431 36.1164 4
      vertex 108.431 83.8836 4
    endloop
  endfacet
  facet normal 0 0 1
    outer loop
      vertex 106.765 87 4
      vertex 106.765 33 4
      vertex 108.431 36.1164 4
    endloop
  endfacet
  facet normal 0 0 1
    outer loop
      vertex 104.899 90.0008 4
      vertex 106.765 33 4
      vertex 106.765 87 4
    endloop
  endfacet
  facet normal 0 0 1
    outer loop
      vertex 104.899 90.0008 4
      vertex 104.899 29.9992 4
      vertex 106.765 33 4
    endloop
  endfacet
  facet normal 0 0 1
    outer loop
      vertex 102.841 92.8731 4
      vertex 104.899 29.9992 4
      vertex 104.899 90.0008 4
    endloop
  endfacet
  facet normal 0 0 1
    outer loop
      vertex 102.841 92.8731 4
      vertex 102.841 27.1269 4
      vertex 104.899 29.9992 4
    endloop
  endfacet
  facet normal 0 0 1
    outer loop
      vertex 100.599 95.6047 4
      vertex 102.841 27.1269 4
      vertex 102.841 92.8731 4
    endloop
  endfacet
  facet normal 0 0 1
    outer loop
      vertex 100.599 95.6047 4
      vertex 100.599 24.3953 4
      vertex 102.841 27.1269 4
    endloop
  endfacet
  facet normal 0 0 1
    outer loop
      vertex 98.1838 98.1838 4
      vertex 100.599 24.3953 4
      vertex 100.599 95.6047 4
    endloop
  endfacet
  facet normal 0 0 1
    outer loop
      vertex 98.1838 98.1838 4
      vertex 98.1838 21.8162 4
      vertex 100.599 24.3953 4
    endloop
  endfacet
  facet normal 0 0 1
    outer loop
      vertex 95.6047 100.599 4
      vertex 98.1838 21.8162 4
      vertex 98.1838 98.1838 4
    endloop
  endfacet
  facet normal 0 0 1
    outer loop
      vertex 95.6047 100.599 4
      vertex 95.6047 19.4007 4
      vertex 98.1838 21.8162 4
    endloop
  endfacet
  facet normal 0 0 1
    outer loop
      vertex 92.8731 102.841 4
      vertex 95.6047 19.4007 4
      vertex 95.6047 100.599 4
    endloop
  endfacet
  facet normal 0 0 1
    outer loop
      vertex 92.8731 102.841 4
      vertex 92.8731 17.1589 4
      vertex 95.6047 19.4007 4
    endloop
  endfacet
  facet normal 0 0 1
    outer loop
      vertex 90.0008 104.899 4
      vertex 92.8731 17.1589 4
      vertex 92.8731 102.841 4
    endloop
  endfacet
  facet normal 0 0 1
    outer loop
      vertex 90.0008 104.899 4
      vertex 90.0008 15.1006 4
      vertex 92.8731 17.1589 4
    endloop
  endfacet
  facet normal 0 0 1
    outer loop
      vertex 87 106.765 4
      vertex 90.0008 15.1006 4
      vertex 90.0008 104.899 4
    endloop
  endfacet
  facet normal 0 0 1
    outer loop
      vertex 87 106.765 4
      vertex 87 13.2346 4
      vertex 90.0008 15.1006 4
    endloop
  endfacet
  facet normal 0 0 1
    outer loop
      vertex 83.8836 108.431 4
      vertex 87 13.2346 4
      vertex 87 106.765 4
    endloop
  endfacet
  facet normal 0 0 1
    outer loop
      vertex 83.8836 108.431 4
      vertex 83.8836 11.5689 4
      vertex 87 13.2346 4
    endloop
  endfacet
  facet normal 0 0 1
    outer loop
      vertex 80.6649 109.889 4
      vertex 83.8836 11.5689 4
      vertex 83.8836 108.431 4
    endloop
  endfacet
  facet normal 0 0 1
    outer loop
      vertex 80.6649 109.889 4
      vertex 80.6649 10.1105 4
      vertex 83.8836 11.5689 4
    endloop
  endfacet
  facet normal 0 0 1
    outer loop
      vertex 77.3577 111.134 4
      vertex 80.6649 10.1105 4
      vertex 80.6649 109.889 4
    endloop
  endfacet
  facet normal 0 0 1
    outer loop
      vertex 77.3577 111.134 4
      vertex 77.3577 8.86577 4
      vertex 80.6649 10.1105 4
    endloop
  endfacet
  facet normal 0 0 1
    outer loop
      vertex 73.9762 112.16 4
      vertex 77.3577 8.86577 4
      vertex 77.3577 111.134 4
    endloop
  endfacet
  facet normal 0 0 1
    outer loop
      vertex 73.9762 112.16 4
      vertex 73.9762 7.84 4
      vertex 77.3577 8.86577 4
    endloop
  endfacet
  facet normal 0 0 1
    outer loop
      vertex 70.5349 112.962 4
      vertex 73.9762 7.84 4
      vertex 73.9762 112.16 4
    endloop
  endfacet
  facet normal 0 0 1
    outer loop
      vertex 70.5349 112.962 4
      vertex 70.5349 7.03759 4
      vertex 73.9762 7.84 4
    endloop
  endfacet
  facet normal 0 0 1
    outer loop
      vertex 67.0484 113.538 4
      vertex 70.5349 7.03759 4
      vertex 70.5349 112.962 4
    endloop
  endfacet
  facet normal 0 0 1
    outer loop
      vertex 67.0484 113.538 4
      vertex 67.0484 6.46198 4
      vertex 70.5349 7.03759 4
    endloop
  endfacet
  facet normal 0 0 1
    outer loop
      vertex 63.5318 113.884 4
      vertex 67.0484 6.46198 4
      vertex 67.0484 113.538 4
    endloop
  endfacet
  facet normal 0 0 1
    outer loop
      vertex 63.5318 113.884 4
      vertex 63.5318 6.11562 4
      vertex 67.0484 6.46198 4
    endloop
  endfacet
  facet normal 0 0 1
    outer loop
      vertex 60 114 4
      vertex 63.5318 6.11562 4
      vertex 63.5318 113.884 4
    endloop
  endfacet
  facet normal 0 0 1
    outer loop
      vertex 60 114 4
      vertex 60 6 4
      vertex 63.5318 6.11562 4
    endloop
  endfacet
  facet normal -0 0 1
    outer loop
      vertex 56.4682 113.884 4
      vertex 60 6 4
      vertex 60 114 4
    endloop
  endfacet
  facet normal 0 0 1
    outer loop
      vertex 56.4682 113.884 4
      vertex 56.4682 6.11562 4
      vertex 60 6 4
    endloop
  endfacet
  facet normal -0 0 1
    outer loop
      vertex 52.9516 113.538 4
      vertex 56.4682 6.11562 4
      vertex 56.4682 113.884 4
    endloop
  endfacet
  facet normal 0 0 1
    outer loop
      vertex 52.9516 113.538 4
      vertex 52.9516 6.46198 4
      vertex 56.4682 6.11562 4
    endloop
  endfacet
  facet normal -0 0 1
    outer loop
      vertex 49.4651 112.962 4
      vertex 52.9516 6.46198 4
      vertex 52.9516 113.538 4
    endloop
  endfacet
  facet normal 0 0 1
    outer loop
      vertex 49.4651 112.962 4
      vertex 49.4651 7.03759 4
      vertex 52.9516 6.46198 4
    endloop
  endfacet
  facet normal -0 0 1
    outer loop
      vertex 46.0238 112.16 4
      vertex 49.4651 7.03759 4
      vertex 49.4651 112.962 4
    endloop
  endfacet
  facet normal 0 0 1
    outer loop
      vertex 46.0238 112.16 4
      vertex 46.0238 7.84 4
      vertex 49.4651 7.03759 4
    endloop
  endfacet
  facet normal -0 0 1
    outer loop
      vertex 42.6423 111.134 4
      vertex 46.0238 7.84 4
      vertex 46.0238 112.16 4
    endloop
  endfacet
  facet normal 0 0 1
    outer loop
      vertex 42.6423 111.134 4
      vertex 42.6423 8.86577 4
      vertex 46.0238 7.84 4
    endloop
  endfacet
  facet normal -0 0 1
    outer loop
      vertex 39.3351 109.889 4
      vertex 42.6423 8.86577 4
      vertex 42.6423 111.134 4
    endloop
  endfacet
  facet normal 0 0 1
    outer loop
      vertex 39.3351 109.889 4
      vertex 39.3351 10.1105 4
      vertex 42.6423 8.86577 4
    endloop
  endfacet
  facet normal -0 0 1
    outer loop
      vertex 36.1164 108.431 4
      vertex 39.3351 10.1105 4
      vertex 39.3351 109.889 4
    endloop
  endfacet
  facet normal 0 0 1
    outer loop
      vertex 36.1164 108.431 4
      vertex 36.1164 11.5689 4
      vertex 39.3351 10.1105 4
    endloop
  endfacet
  facet normal -0 0 1
    outer loop
      vertex 33 106.765 4
      vertex 36.1164 11.5689 4
      vertex 36.1164 108.431 4
    endloop
  endfacet
  facet normal 0 0 1
    outer loop
      vertex 33 106.765 4
      vertex 33 13.2346 4
      vertex 36.1164 11.5689 4
    endloop
  endfacet
  facet normal -0 0 1
    outer loop
      vertex 29.9992 104.899 4
      vertex 33 13.2346 4
      vertex 33 106.765 4
    endloop
  endfacet
  facet normal 0 0 1
    outer loop
      vertex 29.9992 104.899 4
      vertex 29.9992 15.1006 4
      vertex 33 13.2346 4
    endloop
  endfacet
  facet normal -0 0 1
    outer loop
      vertex 27.1269 102.841 4
      vertex 29.9992 15.1006 4
      vertex 29.9992 104.899 4
    endloop
  endfacet
  facet normal 0 0 1
    outer loop
      vertex 27.1269 102.841 4
      vertex 27.1269 17.1589 4
      vertex 29.9992 15.1006 4
    endloop
  endfacet
  facet normal -0 0 1
    outer loop
      vertex 24.3953 100.599 4
      vertex 27.1269 17.1589 4
      vertex 27.1269 102.841 4
    endloop
  endfacet
  facet normal 0 0 1
    outer loop
      vertex 24.3953 100.599 4
      vertex 24.3953 19.4007 4
      vertex 27.1269 17.1589 4
    endloop
  endfacet
  facet normal -0 0 1
    outer loop
      vertex 21.8162 98.1838 4
      vertex 24.3953 19.4007 4
      vertex 24.3953 100.599 4
    endloop
  endfacet
  facet normal 0 0 1
    outer loop
      vertex 21.8162 98.1838 4
      vertex 21.8162 21.8162 4
      vertex 24.3953 19.4007 4
    endloop
  endfacet
  facet normal -0 0 1
    outer loop
      vertex 19.4007 95.6047 4
      vertex 21.8162 21.8162 4
      vertex 21.8162 98.1838 4
    endloop
  endfacet
  facet normal 0 0 1
    outer loop
      vertex 19.4007 95.6047 4
      vertex 19.4007 24.3953 4
      vertex 21.8162 21.8162 4
    endloop
  endfacet
  facet normal -0 0 1
    outer loop
      vertex 17.1589 92.8731 4
      vertex 19.4007 24.3953 4
      vertex 19.4007 95.6047 4
    endloop
  endfacet
  facet normal 0 0 1
    outer loop
      vertex 17.1589 92.8731 4
      vertex 17.1589 27.1269 4
      vertex 19.4007 24.3953 4
    endloop
  endfacet
  facet normal -0 0 1
    outer loop
      vertex 15.1006 90.0008 4
      vertex 17.1589 27.1269 4
      vertex 17.1589 92.8731 4
    endloop
  endfacet
  facet normal 0 0 1
    outer loop
      vertex 15.1006 90.0008 4
      vertex 15.1006 29.9992 4
      vertex 17.1589 27.1269 4
    endloop
  endfacet
  facet normal -0 0 1
    outer loop
      vertex 13.2346 87 4
      vertex 15.1006 29.9992 4
      vertex 15.1006 90.0008 4
    endloop
  endfacet
  facet normal 0 0 1
    outer loop
      vertex 13.2346 87 4
      vertex 13.2346 33 4
      vertex 15.1006 29.9992 4
    endloop
  endfacet
  facet normal -0 0 1
    outer loop
      vertex 11.5689 83.8836 4
      vertex 13.2346 33 4
      vertex 13.2346 87 4
    endloop
  endfacet
  facet normal 0 0 1
    outer loop
      vertex 11.5689 83.8836 4
      vertex 11.5689 36.1164 4
      vertex 13.2346 33 4
    endloop
  endfacet
  facet normal -0 0 1
    outer loop
      vertex 10.1105 80.6649 4
      vertex 11.5689 36.1164 4
      vertex 11.5689 83.8836 4
    endloop
  endfacet
  facet normal 0 0 1
    outer loop
      vertex 10.1105 80.6649 4
      vertex 10.1105 39.3351 4
      vertex 11.5689 36.1164 4
    endloop
  endfacet
  facet normal -0 0 1
    outer loop
      vertex 8.86577 77.3577 4
      vertex 10.1105 39.3351 4
      vertex 10.1105 80.6649 4
    endloop
  endfacet
  facet normal 0 0 1
    outer loop
      vertex 8.86577 77.3577 4
      vertex 8.86577 42.6423 4
      vertex 10.1105 39.3351 4
    endloop
  endfacet
  facet normal -0 0 1
    outer loop
      vertex 7.84 73.9762 4
      vertex 8.86577 42.6423 4
      vertex 8.86577 77.3577 4
    endloop
  endfacet
  facet normal 0 0 1
    outer loop
      vertex 7.84 73.9762 4
      vertex 7.84 46.0238 4
      vertex 8.86577 42.6423 4
    endloop
  endfacet
  facet normal -0 0 1
    outer loop
      vertex 7.03759 70.5349 4
      vertex 7.84 46.0238 4
      vertex 7.84 73.9762 4
    endloop
  endfacet
  facet normal 0 0 1
    outer loop
      vertex 7.03759 70.5349 4
      vertex 7.03759 49.4651 4
      vertex 7.84 46.0238 4
    endloop
  endfacet
  facet normal -0 0 1
    outer loop
      vertex 6.46198 67.0484 4
      vertex 7.03759 49.4651 4
      vertex 7.03759 70.5349 4
    endloop
  endfacet
  facet normal 0 0 1
    outer loop
      vertex 6.46198 67.0484 4
      vertex 6.46198 52.9516 4
      vertex 7.03759 49.4651 4
    endloop
  endfacet
  facet normal -0 0 1
    outer loop
      vertex 6.11562 63.5318 4
      vertex 6.46198 52.9516 4
      vertex 6.46198 67.0484 4
    endloop
  endfacet
  facet normal 0 0 1
    outer loop
      vertex 6.11562 63.5318 4
      vertex 6.11562 56.4682 4
      vertex 6.46198 52.9516 4
    endloop
  endfacet
  facet normal 0 -0 1
    outer loop
      vertex 6.11562 56.4682 4
      vertex 6.11562 63.5318 4
      vertex 6 60 4
    endloop
  endfacet
  facet normal -0.986626 0.162999 0
    outer loop
      vertex 112.962 49.4651 4
      vertex 113.538 52.9516 44
      vertex 113.538 52.9516 4
    endloop
  endfacet
  facet normal -0.986626 0.162999 0
    outer loop
      vertex 113.538 52.9516 44
      vertex 112.962 49.4651 4
      vertex 112.962 49.4651 44
    endloop
  endfacet
  facet normal 0.471452 -0.881892 0
    outer loop
      vertex 33 106.765 4
      vertex 36.1164 108.431 44
      vertex 33 106.765 44
    endloop
  endfacet
  facet normal 0.471452 -0.881892 0
    outer loop
      vertex 36.1164 108.431 44
      vertex 33 106.765 4
      vertex 36.1164 108.431 4
    endloop
  endfacet
  facet normal 0.986644 -0.162892 0
    outer loop
      vertex 6.46198 67.0484 44
      vertex 7.03759 70.5349 4
      vertex 7.03759 70.5349 44
    endloop
  endfacet
  facet normal 0.986644 -0.162892 0
    outer loop
      vertex 7.03759 70.5349 4
      vertex 6.46198 67.0484 44
      vertex 6.46198 67.0484 4
    endloop
  endfacet
  facet normal 0.973876 -0.227079 0
    outer loop
      vertex 7.03759 70.5349 44
      vertex 7.84 73.9762 4
      vertex 7.84 73.9762 44
    endloop
  endfacet
  facet normal 0.973876 -0.227079 0
    outer loop
      vertex 7.84 73.9762 4
      vertex 7.03759 70.5349 44
      vertex 7.03759 70.5349 4
    endloop
  endfacet
  facet normal 0.634399 0.773006 -0
    outer loop
      vertex 27.1269 17.1589 4
      vertex 24.3953 19.4007 44
      vertex 27.1269 17.1589 44
    endloop
  endfacet
  facet normal 0.634399 0.773006 0
    outer loop
      vertex 24.3953 19.4007 44
      vertex 27.1269 17.1589 4
      vertex 24.3953 19.4007 4
    endloop
  endfacet
  facet normal 0.999465 -0.0327193 0
    outer loop
      vertex 6 60 44
      vertex 6.11562 63.5318 4
      vertex 6.11562 63.5318 44
    endloop
  endfacet
  facet normal 0.999465 -0.0327193 0
    outer loop
      vertex 6.11562 63.5318 4
      vertex 6 60 44
      vertex 6 60 4
    endloop
  endfacet
  facet normal 0.471386 0.881927 -0
    outer loop
      vertex 36.1164 11.5689 4
      vertex 33 13.2346 44
      vertex 36.1164 11.5689 44
    endloop
  endfacet
  facet normal 0.471386 0.881927 0
    outer loop
      vertex 33 13.2346 44
      vertex 36.1164 11.5689 4
      vertex 33 13.2346 4
    endloop
  endfacet
  facet normal 0.910861 -0.412713 0
    outer loop
      vertex 10.1105 80.6649 44
      vertex 11.5689 83.8836 4
      vertex 11.5689 83.8836 44
    endloop
  endfacet
  facet normal 0.910861 -0.412713 0
    outer loop
      vertex 11.5689 83.8836 4
      vertex 10.1105 80.6649 44
      vertex 10.1105 80.6649 4
    endloop
  endfacet
  facet normal 0.528064 -0.849204 0
    outer loop
      vertex 29.9992 104.899 4
      vertex 33 106.765 44
      vertex 29.9992 104.899 44
    endloop
  endfacet
  facet normal 0.528064 -0.849204 0
    outer loop
      vertex 33 106.765 44
      vertex 29.9992 104.899 4
      vertex 33 106.765 4
    endloop
  endfacet
  facet normal 0.582485 0.812841 -0
    outer loop
      vertex 29.9992 15.1006 4
      vertex 27.1269 17.1589 44
      vertex 29.9992 15.1006 44
    endloop
  endfacet
  facet normal 0.582485 0.812841 0
    outer loop
      vertex 27.1269 17.1589 44
      vertex 29.9992 15.1006 4
      vertex 27.1269 17.1589 4
    endloop
  endfacet
  facet normal 0.412713 0.910861 -0
    outer loop
      vertex 39.3351 10.1105 4
      vertex 36.1164 11.5689 44
      vertex 39.3351 10.1105 44
    endloop
  endfacet
  facet normal 0.412713 0.910861 0
    outer loop
      vertex 36.1164 11.5689 44
      vertex 39.3351 10.1105 4
      vertex 36.1164 11.5689 4
    endloop
  endfacet
  facet normal 0 0.995185 -0.0980127
    outer loop
      vertex 25 0.203926 44.5245
      vertex 7 0.3 45.5
      vertex 25 0.3 45.5
    endloop
  endfacet
  facet normal 0 0.995185 -0.0980127
    outer loop
      vertex 7 0.3 45.5
      vertex 25 0.203926 44.5245
      vertex 7 0.203926 44.5245
    endloop
  endfacet
  facet normal 0 0.772975 0.634437
    outer loop
      vertex 25 -0.542652 48.2779
      vertex 7 -1.16447 49.0355
      vertex 25 -1.16447 49.0355
    endloop
  endfacet
  facet normal 0 0.772975 0.634437
    outer loop
      vertex 7 -1.16447 49.0355
      vertex 25 -0.542652 48.2779
      vertex 7 -0.542652 48.2779
    endloop
  endfacet
  facet normal 0 -0.881936 0.471369
    outer loop
      vertex 7 -9.3194 47.4134
      vertex 25 -8.85735 48.2779
      vertex 7 -8.85735 48.2779
    endloop
  endfacet
  facet normal 0 -0.881936 0.471369
    outer loop
      vertex 25 -8.85735 48.2779
      vertex 7 -9.3194 47.4134
      vertex 25 -9.3194 47.4134
    endloop
  endfacet
  facet normal -0 0.634386 0.773016
    outer loop
      vertex 7 -1.16447 49.0355
      vertex 25 -1.92215 49.6573
      vertex 25 -1.16447 49.0355
    endloop
  endfacet
  facet normal 0 0.634386 0.773016
    outer loop
      vertex 25 -1.92215 49.6573
      vertex 7 -1.16447 49.0355
      vertex 7 -1.92215 49.6573
    endloop
  endfacet
  facet normal 1 0 0
    outer loop
      vertex 25 -6 44
      vertex 25 0.3 45.5
      vertex 25 0.203926 46.4755
    endloop
  endfacet
  facet normal 1 0 0
    outer loop
      vertex 25 0.3 45.5
      vertex 25 -6 44
      vertex 25 0.203926 44.5245
    endloop
  endfacet
  facet normal 1 0 0
    outer loop
      vertex 25 -6 44
      vertex 25 0.203926 46.4755
      vertex 25 -0.0806028 47.4134
    endloop
  endfacet
  facet normal 1 0 0
    outer loop
      vertex 25 -6 44
      vertex 25 -0.0806028 47.4134
      vertex 25 -0.542652 48.2779
    endloop
  endfacet
  facet normal 1 0 0
    outer loop
      vertex 25 -6 44
      vertex 25 -0.542652 48.2779
      vertex 25 -1.16447 49.0355
    endloop
  endfacet
  facet normal 1 0 0
    outer loop
      vertex 25 -6 44
      vertex 25 -1.16447 49.0355
      vertex 25 -1.92215 49.6573
    endloop
  endfacet
  facet normal 1 0 0
    outer loop
      vertex 25 -6 44
      vertex 25 -1.92215 49.6573
      vertex 25 -2.78658 50.1194
    endloop
  endfacet
  facet normal 1 0 0
    outer loop
      vertex 25 -6 44
      vertex 25 -2.78658 50.1194
      vertex 25 -3.72455 50.4039
    endloop
  endfacet
  facet normal 1 0 0
    outer loop
      vertex 25 -6 44
      vertex 25 -3.72455 50.4039
      vertex 25 -4.7 50.5
    endloop
  endfacet
  facet normal 1 0 0
    outer loop
      vertex 25 -6 44
      vertex 25 -4.7 50.5
      vertex 25 -5.67545 50.4039
    endloop
  endfacet
  facet normal 1 0 0
    outer loop
      vertex 25 0.203926 44.5245
      vertex 25 -6 44
      vertex 25 0.0448058 44
    endloop
  endfacet
  facet normal 1 -0 0
    outer loop
      vertex 25 -6.61342 50.1194
      vertex 25 -6 44
      vertex 25 -5.67545 50.4039
    endloop
  endfacet
  facet normal 1 -0 0
    outer loop
      vertex 25 -7.47785 49.6573
      vertex 25 -6 44
      vertex 25 -6.61342 50.1194
    endloop
  endfacet
  facet normal 1 -0 0
    outer loop
      vertex 25 -8.23553 49.0355
      vertex 25 -6 44
      vertex 25 -7.47785 49.6573
    endloop
  endfacet
  facet normal 1 -0 0
    outer loop
      vertex 25 -8.85735 48.2779
      vertex 25 -6 44
      vertex 25 -8.23553 49.0355
    endloop
  endfacet
  facet normal 1 0 0
    outer loop
      vertex 25 -6 44
      vertex 25 -6.61342 40.8806
      vertex 25 -6 40.6945
    endloop
  endfacet
  facet normal 1 0 -0
    outer loop
      vertex 25 -7.47785 41.3427
      vertex 25 -6 44
      vertex 25 -8.23553 41.9645
    endloop
  endfacet
  facet normal 1 0 -0
    outer loop
      vertex 25 -6.61342 40.8806
      vertex 25 -6 44
      vertex 25 -7.47785 41.3427
    endloop
  endfacet
  facet normal 1 -0 0
    outer loop
      vertex 25 -9.3194 47.4134
      vertex 25 -6 44
      vertex 25 -8.85735 48.2779
    endloop
  endfacet
  facet normal 1 0 0
    outer loop
      vertex 25 -6 44
      vertex 25 -8.85735 42.7221
      vertex 25 -8.23553 41.9645
    endloop
  endfacet
  facet normal 1 -0 0
    outer loop
      vertex 25 -9.60393 46.4755
      vertex 25 -6 44
      vertex 25 -9.3194 47.4134
    endloop
  endfacet
  facet normal 1 0 0
    outer loop
      vertex 25 -6 44
      vertex 25 -9.3194 43.5866
      vertex 25 -8.85735 42.7221
    endloop
  endfacet
  facet normal 1 -0 0
    outer loop
      vertex 25 -9.7 45.5
      vertex 25 -6 44
      vertex 25 -9.60393 46.4755
    endloop
  endfacet
  facet normal 1 0 0
    outer loop
      vertex 25 -6 44
      vertex 25 -9.60393 44.5245
      vertex 25 -9.3194 43.5866
    endloop
  endfacet
  facet normal 1 0 0
    outer loop
      vertex 25 -6 44
      vertex 25 -9.7 45.5
      vertex 25 -9.60393 44.5245
    endloop
  endfacet
  facet normal 0 -0.634386 0.773016
    outer loop
      vertex 7 -7.47785 49.6573
      vertex 25 -8.23553 49.0355
      vertex 25 -7.47785 49.6573
    endloop
  endfacet
  facet normal 0 -0.634386 0.773016
    outer loop
      vertex 25 -8.23553 49.0355
      vertex 7 -7.47785 49.6573
      vertex 7 -8.23553 49.0355
    endloop
  endfacet
  facet normal 0 -0.471438 0.881899
    outer loop
      vertex 7 -6.61342 50.1194
      vertex 25 -7.47785 49.6573
      vertex 25 -6.61342 50.1194
    endloop
  endfacet
  facet normal 0 -0.471438 0.881899
    outer loop
      vertex 25 -7.47785 49.6573
      vertex 7 -6.61342 50.1194
      vertex 7 -7.47785 49.6573
    endloop
  endfacet
  facet normal 0 -0.471438 -0.881899
    outer loop
      vertex 7 -7.47785 41.3427
      vertex 25 -6.61342 40.8806
      vertex 25 -7.47785 41.3427
    endloop
  endfacet
  facet normal -0 -0.471438 -0.881899
    outer loop
      vertex 25 -6.61342 40.8806
      vertex 7 -7.47785 41.3427
      vertex 7 -6.61342 40.8806
    endloop
  endfacet
  facet normal 0 0.956935 0.290303
    outer loop
      vertex 25 0.203926 46.4755
      vertex 7 -0.0806028 47.4134
      vertex 25 -0.0806028 47.4134
    endloop
  endfacet
  facet normal 0 0.956935 0.290303
    outer loop
      vertex 7 -0.0806028 47.4134
      vertex 25 0.203926 46.4755
      vertex 7 0.203926 46.4755
    endloop
  endfacet
  facet normal 0 -0.956934 -0.290304
    outer loop
      vertex 7 -9.3194 43.5866
      vertex 25 -9.60393 44.5245
      vertex 7 -9.60393 44.5245
    endloop
  endfacet
  facet normal 0 -0.956934 -0.290304
    outer loop
      vertex 25 -9.60393 44.5245
      vertex 7 -9.3194 43.5866
      vertex 25 -9.3194 43.5866
    endloop
  endfacet
  facet normal 0 0.995185 0.0980127
    outer loop
      vertex 25 0.3 45.5
      vertex 7 0.203926 46.4755
      vertex 25 0.203926 46.4755
    endloop
  endfacet
  facet normal 0 0.995185 0.0980127
    outer loop
      vertex 7 0.203926 46.4755
      vertex 25 0.3 45.5
      vertex 7 0.3 45.5
    endloop
  endfacet
  facet normal 0 -0.772974 -0.634438
    outer loop
      vertex 7 -8.23553 41.9645
      vertex 25 -8.85735 42.7221
      vertex 7 -8.85735 42.7221
    endloop
  endfacet
  facet normal 0 -0.772974 -0.634438
    outer loop
      vertex 25 -8.85735 42.7221
      vertex 7 -8.23553 41.9645
      vertex 25 -8.23553 41.9645
    endloop
  endfacet
  facet normal 0 -0.098044 0.995182
    outer loop
      vertex 7 -4.7 50.5
      vertex 25 -5.67545 50.4039
      vertex 25 -4.7 50.5
    endloop
  endfacet
  facet normal 0 -0.098044 0.995182
    outer loop
      vertex 25 -5.67545 50.4039
      vertex 7 -4.7 50.5
      vertex 7 -5.67545 50.4039
    endloop
  endfacet
  facet normal 0 -0.881936 -0.471369
    outer loop
      vertex 7 -8.85735 42.7221
      vertex 25 -9.3194 43.5866
      vertex 7 -9.3194 43.5866
    endloop
  endfacet
  facet normal 0 -0.881936 -0.471369
    outer loop
      vertex 25 -9.3194 43.5866
      vertex 7 -8.85735 42.7221
      vertex 25 -8.85735 42.7221
    endloop
  endfacet
  facet normal 0 -0.772974 0.634438
    outer loop
      vertex 7 -8.85735 48.2779
      vertex 25 -8.23553 49.0355
      vertex 7 -8.23553 49.0355
    endloop
  endfacet
  facet normal 0 -0.772974 0.634438
    outer loop
      vertex 25 -8.23553 49.0355
      vertex 7 -8.85735 48.2779
      vertex 25 -8.85735 48.2779
    endloop
  endfacet
  facet normal 0 -0.634386 -0.773016
    outer loop
      vertex 7 -8.23553 41.9645
      vertex 25 -7.47785 41.3427
      vertex 25 -8.23553 41.9645
    endloop
  endfacet
  facet normal -0 -0.634386 -0.773016
    outer loop
      vertex 25 -7.47785 41.3427
      vertex 7 -8.23553 41.9645
      vertex 7 -7.47785 41.3427
    endloop
  endfacet
  facet normal 0 -0.290257 0.956949
    outer loop
      vertex 7 -5.67545 50.4039
      vertex 25 -6.61342 50.1194
      vertex 25 -5.67545 50.4039
    endloop
  endfacet
  facet normal 0 -0.290257 0.956949
    outer loop
      vertex 25 -6.61342 50.1194
      vertex 7 -5.67545 50.4039
      vertex 7 -6.61342 50.1194
    endloop
  endfacet
  facet normal -0 0.098044 0.995182
    outer loop
      vertex 7 -3.72455 50.4039
      vertex 25 -4.7 50.5
      vertex 25 -3.72455 50.4039
    endloop
  endfacet
  facet normal 0 0.098044 0.995182
    outer loop
      vertex 25 -4.7 50.5
      vertex 7 -3.72455 50.4039
      vertex 7 -4.7 50.5
    endloop
  endfacet
  facet normal 0 0.881936 0.471368
    outer loop
      vertex 25 -0.0806028 47.4134
      vertex 7 -0.542652 48.2779
      vertex 25 -0.542652 48.2779
    endloop
  endfacet
  facet normal 0 0.881936 0.471368
    outer loop
      vertex 7 -0.542652 48.2779
      vertex 25 -0.0806028 47.4134
      vertex 7 -0.0806028 47.4134
    endloop
  endfacet
  facet normal 0 0.956933 -0.29031
    outer loop
      vertex 25 0.0448058 44
      vertex 7 0.203926 44.5245
      vertex 25 0.203926 44.5245
    endloop
  endfacet
  facet normal 0 0.956933 -0.29031
    outer loop
      vertex 7 0.203926 44.5245
      vertex 25 0.0448058 44
      vertex 7 0.0448058 44
    endloop
  endfacet
  facet normal -0 0.290257 0.956949
    outer loop
      vertex 7 -2.78658 50.1194
      vertex 25 -3.72455 50.4039
      vertex 25 -2.78658 50.1194
    endloop
  endfacet
  facet normal 0 0.290257 0.956949
    outer loop
      vertex 25 -3.72455 50.4039
      vertex 7 -2.78658 50.1194
      vertex 7 -3.72455 50.4039
    endloop
  endfacet
  facet normal 0 -0.995186 -0.0980087
    outer loop
      vertex 7 -9.60393 44.5245
      vertex 25 -9.7 45.5
      vertex 7 -9.7 45.5
    endloop
  endfacet
  facet normal 0 -0.995186 -0.0980087
    outer loop
      vertex 25 -9.7 45.5
      vertex 7 -9.60393 44.5245
      vertex 25 -9.60393 44.5245
    endloop
  endfacet
  facet normal -1 0 0
    outer loop
      vertex 7 -6.61342 40.8806
      vertex 7 -6 43.7482
      vertex 7 -6 40.6945
    endloop
  endfacet
  facet normal -1 0 0
    outer loop
      vertex 7 -7.47785 41.3427
      vertex 7 -6 43.7482
      vertex 7 -6.61342 40.8806
    endloop
  endfacet
  facet normal -1 -0 0
    outer loop
      vertex 7 -6 43.7482
      vertex 7 -7.47785 41.3427
      vertex 7 -6.25563 43.9444
    endloop
  endfacet
  facet normal -1 0 0
    outer loop
      vertex 7 -8.23553 41.9645
      vertex 7 -6.25563 43.9444
      vertex 7 -7.47785 41.3427
    endloop
  endfacet
  facet normal -1 0 0
    outer loop
      vertex 7 -8.85735 42.7221
      vertex 7 -6.25563 43.9444
      vertex 7 -8.23553 41.9645
    endloop
  endfacet
  facet normal -1 -0 0
    outer loop
      vertex 7 -6.25563 43.9444
      vertex 7 -8.85735 42.7221
      vertex 7 -6.60526 44.4
    endloop
  endfacet
  facet normal -1 0 0
    outer loop
      vertex 7 -2.5 45.5
      vertex 7 0.3 45.5
      vertex 7 0.203926 44.5245
    endloop
  endfacet
  facet normal -1 0 0
    outer loop
      vertex 7 -2.57496 44.9306
      vertex 7 0.203926 44.5245
      vertex 7 0.0448058 44
    endloop
  endfacet
  facet normal -1 0 0
    outer loop
      vertex 7 0.3 45.5
      vertex 7 -2.5 45.5
      vertex 7 0.203926 46.4755
    endloop
  endfacet
  facet normal -1 0 0
    outer loop
      vertex 7 -2.57496 46.0694
      vertex 7 0.203926 46.4755
      vertex 7 -2.5 45.5
    endloop
  endfacet
  facet normal -1 0 0
    outer loop
      vertex 7 -2.79474 46.6
      vertex 7 -0.0806028 47.4134
      vertex 7 -2.57496 46.0694
    endloop
  endfacet
  facet normal -1 -0 0
    outer loop
      vertex 7 -0.0806028 47.4134
      vertex 7 -2.79474 46.6
      vertex 7 -0.542652 48.2779
    endloop
  endfacet
  facet normal -1 -0 0
    outer loop
      vertex 7 0.203926 46.4755
      vertex 7 -2.57496 46.0694
      vertex 7 -0.0806028 47.4134
    endloop
  endfacet
  facet normal -1 0 0
    outer loop
      vertex 7 0.203926 44.5245
      vertex 7 -2.57496 44.9306
      vertex 7 -2.5 45.5
    endloop
  endfacet
  facet normal -1 0 0
    outer loop
      vertex 7 0.0448058 44
      vertex 7 -2.79474 44.4
      vertex 7 -2.57496 44.9306
    endloop
  endfacet
  facet normal -1 0 -0
    outer loop
      vertex 7 -2.79474 44.4
      vertex 7 0.0448058 44
      vertex 7 -3.10168 44
    endloop
  endfacet
  facet normal -1 0 0
    outer loop
      vertex 7 -3.14437 47.0556
      vertex 7 -0.542652 48.2779
      vertex 7 -2.79474 46.6
    endloop
  endfacet
  facet normal -1 -0 0
    outer loop
      vertex 7 -0.542652 48.2779
      vertex 7 -3.14437 47.0556
      vertex 7 -1.16447 49.0355
    endloop
  endfacet
  facet normal -1 -0 0
    outer loop
      vertex 7 -1.16447 49.0355
      vertex 7 -3.14437 47.0556
      vertex 7 -1.92215 49.6573
    endloop
  endfacet
  facet normal -1 0 0
    outer loop
      vertex 7 -3.6 47.4053
      vertex 7 -1.92215 49.6573
      vertex 7 -3.14437 47.0556
    endloop
  endfacet
  facet normal -1 -0 0
    outer loop
      vertex 7 -1.92215 49.6573
      vertex 7 -3.6 47.4053
      vertex 7 -2.78658 50.1194
    endloop
  endfacet
  facet normal -1 0 0
    outer loop
      vertex 7 -4.1306 47.625
      vertex 7 -2.78658 50.1194
      vertex 7 -3.6 47.4053
    endloop
  endfacet
  facet normal -1 -0 0
    outer loop
      vertex 7 -2.78658 50.1194
      vertex 7 -4.1306 47.625
      vertex 7 -3.72455 50.4039
    endloop
  endfacet
  facet normal -1 0 0
    outer loop
      vertex 7 -4.7 47.7
      vertex 7 -3.72455 50.4039
      vertex 7 -4.1306 47.625
    endloop
  endfacet
  facet normal -1 0 0
    outer loop
      vertex 7 -4.7 47.7
      vertex 7 -4.7 50.5
      vertex 7 -3.72455 50.4039
    endloop
  endfacet
  facet normal -1 0 0
    outer loop
      vertex 7 -5.67545 50.4039
      vertex 7 -4.7 47.7
      vertex 7 -5.2694 47.625
    endloop
  endfacet
  facet normal -1 0 0
    outer loop
      vertex 7 -4.7 47.7
      vertex 7 -5.67545 50.4039
      vertex 7 -4.7 50.5
    endloop
  endfacet
  facet normal -1 0 0
    outer loop
      vertex 7 -6.61342 50.1194
      vertex 7 -5.2694 47.625
      vertex 7 -5.8 47.4053
    endloop
  endfacet
  facet normal -1 0 0
    outer loop
      vertex 7 -7.47785 49.6573
      vertex 7 -5.8 47.4053
      vertex 7 -6.25563 47.0556
    endloop
  endfacet
  facet normal -1 0 0
    outer loop
      vertex 7 -8.85735 48.2779
      vertex 7 -6.25563 47.0556
      vertex 7 -6.60526 46.6
    endloop
  endfacet
  facet normal -1 0 0
    outer loop
      vertex 7 -5.2694 47.625
      vertex 7 -6.61342 50.1194
      vertex 7 -5.67545 50.4039
    endloop
  endfacet
  facet normal -1 0 0
    outer loop
      vertex 7 -9.3194 47.4134
      vertex 7 -6.60526 46.6
      vertex 7 -6.82504 46.0694
    endloop
  endfacet
  facet normal -1 0 0
    outer loop
      vertex 7 -9.60393 46.4755
      vertex 7 -6.82504 46.0694
      vertex 7 -6.9 45.5
    endloop
  endfacet
  facet normal -1 0 0
    outer loop
      vertex 7 -9.3194 43.5866
      vertex 7 -6.60526 44.4
      vertex 7 -8.85735 42.7221
    endloop
  endfacet
  facet normal -1 0 0
    outer loop
      vertex 7 -5.8 47.4053
      vertex 7 -7.47785 49.6573
      vertex 7 -6.61342 50.1194
    endloop
  endfacet
  facet normal -1 -0 0
    outer loop
      vertex 7 -6.60526 44.4
      vertex 7 -9.3194 43.5866
      vertex 7 -6.82504 44.9306
    endloop
  endfacet
  facet normal -1 0 0
    outer loop
      vertex 7 -6.25563 47.0556
      vertex 7 -8.23553 49.0355
      vertex 7 -7.47785 49.6573
    endloop
  endfacet
  facet normal -1 0 0
    outer loop
      vertex 7 -9.60393 44.5245
      vertex 7 -6.82504 44.9306
      vertex 7 -9.3194 43.5866
    endloop
  endfacet
  facet normal -1 0 0
    outer loop
      vertex 7 -6.25563 47.0556
      vertex 7 -8.85735 48.2779
      vertex 7 -8.23553 49.0355
    endloop
  endfacet
  facet normal -1 -0 0
    outer loop
      vertex 7 -6.82504 44.9306
      vertex 7 -9.60393 44.5245
      vertex 7 -6.9 45.5
    endloop
  endfacet
  facet normal -1 0 0
    outer loop
      vertex 7 -6.60526 46.6
      vertex 7 -9.3194 47.4134
      vertex 7 -8.85735 48.2779
    endloop
  endfacet
  facet normal -1 0 0
    outer loop
      vertex 7 -9.7 45.5
      vertex 7 -6.9 45.5
      vertex 7 -9.60393 44.5245
    endloop
  endfacet
  facet normal -1 0 0
    outer loop
      vertex 7 -6.82504 46.0694
      vertex 7 -9.60393 46.4755
      vertex 7 -9.3194 47.4134
    endloop
  endfacet
  facet normal -1 0 0
    outer loop
      vertex 7 -6.9 45.5
      vertex 7 -9.7 45.5
      vertex 7 -9.60393 46.4755
    endloop
  endfacet
  facet normal -0 0.471438 0.881899
    outer loop
      vertex 7 -1.92215 49.6573
      vertex 25 -2.78658 50.1194
      vertex 25 -1.92215 49.6573
    endloop
  endfacet
  facet normal 0 0.471438 0.881899
    outer loop
      vertex 25 -2.78658 50.1194
      vertex 7 -1.92215 49.6573
      vertex 7 -2.78658 50.1194
    endloop
  endfacet
  facet normal 0 -0.290315 -0.956931
    outer loop
      vertex 7 -6.61342 40.8806
      vertex 25 -6 40.6945
      vertex 25 -6.61342 40.8806
    endloop
  endfacet
  facet normal -0 -0.290315 -0.956931
    outer loop
      vertex 25 -6 40.6945
      vertex 7 -6.61342 40.8806
      vertex 7 -6 40.6945
    endloop
  endfacet
  facet normal 0 -0.956934 0.290304
    outer loop
      vertex 7 -9.60393 46.4755
      vertex 25 -9.3194 47.4134
      vertex 7 -9.3194 47.4134
    endloop
  endfacet
  facet normal 0 -0.956934 0.290304
    outer loop
      vertex 25 -9.3194 47.4134
      vertex 7 -9.60393 46.4755
      vertex 25 -9.60393 46.4755
    endloop
  endfacet
  facet normal 0 -0.995186 0.0980087
    outer loop
      vertex 7 -9.7 45.5
      vertex 25 -9.60393 46.4755
      vertex 7 -9.60393 46.4755
    endloop
  endfacet
  facet normal 0 -0.995186 0.0980087
    outer loop
      vertex 25 -9.60393 46.4755
      vertex 7 -9.7 45.5
      vertex 25 -9.7 45.5
    endloop
  endfacet
  facet normal 0 -0.13059 -0.991437
    outer loop
      vertex 7 -4.7 47.7
      vertex 17 -4.1306 47.625
      vertex 17 -4.7 47.7
    endloop
  endfacet
  facet normal -0 -0.13059 -0.991437
    outer loop
      vertex 17 -4.1306 47.625
      vertex 7 -4.7 47.7
      vertex 7 -4.1306 47.625
    endloop
  endfacet
  facet normal 0 0.991446 0.130521
    outer loop
      vertex 17 -6.82504 44.9306
      vertex 7 -6.9 45.5
      vertex 17 -6.9 45.5
    endloop
  endfacet
  facet normal 0 0.991446 0.130521
    outer loop
      vertex 7 -6.9 45.5
      vertex 17 -6.82504 44.9306
      vertex 7 -6.82504 44.9306
    endloop
  endfacet
  facet normal 0 -0.382562 -0.92393
    outer loop
      vertex 7 -4.1306 47.625
      vertex 17 -3.6 47.4053
      vertex 17 -4.1306 47.625
    endloop
  endfacet
  facet normal -0 -0.382562 -0.92393
    outer loop
      vertex 17 -3.6 47.4053
      vertex 7 -4.1306 47.625
      vertex 7 -3.6 47.4053
    endloop
  endfacet
  facet normal 0 -0.923881 0.382681
    outer loop
      vertex 7 -2.79474 44.4
      vertex 17 -2.57496 44.9306
      vertex 7 -2.57496 44.9306
    endloop
  endfacet
  facet normal 0 -0.923881 0.382681
    outer loop
      vertex 17 -2.57496 44.9306
      vertex 7 -2.79474 44.4
      vertex 17 -2.79474 44.4
    endloop
  endfacet
  facet normal 0 0.793323 0.608801
    outer loop
      vertex 17 -6.25563 43.9444
      vertex 7 -6.60526 44.4
      vertex 17 -6.60526 44.4
    endloop
  endfacet
  facet normal 0 0.793323 0.608801
    outer loop
      vertex 7 -6.60526 44.4
      vertex 17 -6.25563 43.9444
      vertex 7 -6.25563 43.9444
    endloop
  endfacet
  facet normal 0 -0.991446 0.130521
    outer loop
      vertex 7 -2.57496 44.9306
      vertex 17 -2.5 45.5
      vertex 7 -2.5 45.5
    endloop
  endfacet
  facet normal 0 -0.991446 0.130521
    outer loop
      vertex 17 -2.5 45.5
      vertex 7 -2.57496 44.9306
      vertex 17 -2.57496 44.9306
    endloop
  endfacet
  facet normal 0 0.382562 -0.92393
    outer loop
      vertex 7 -5.8 47.4053
      vertex 17 -5.2694 47.625
      vertex 17 -5.8 47.4053
    endloop
  endfacet
  facet normal 0 0.382562 -0.92393
    outer loop
      vertex 17 -5.2694 47.625
      vertex 7 -5.8 47.4053
      vertex 7 -5.2694 47.625
    endloop
  endfacet
  facet normal -1 0 0
    outer loop
      vertex 17 -6 43.7482
      vertex 17 -6.25563 43.9444
      vertex 17 -6 44
    endloop
  endfacet
  facet normal -1 0 0
    outer loop
      vertex 17 -6 44
      vertex 17 -2.5 45.5
      vertex 17 -2.57496 44.9306
    endloop
  endfacet
  facet normal -1 0 0
    outer loop
      vertex 17 -6 44
      vertex 17 -2.57496 44.9306
      vertex 17 -2.79474 44.4
    endloop
  endfacet
  facet normal -1 -0 0
    outer loop
      vertex 17 -2.5 45.5
      vertex 17 -6 44
      vertex 17 -2.57496 46.0694
    endloop
  endfacet
  facet normal -1 0 0
    outer loop
      vertex 17 -6 44
      vertex 17 -2.79474 44.4
      vertex 17 -3.10168 44
    endloop
  endfacet
  facet normal -1 -0 0
    outer loop
      vertex 17 -2.57496 46.0694
      vertex 17 -6 44
      vertex 17 -2.79474 46.6
    endloop
  endfacet
  facet normal -1 -0 0
    outer loop
      vertex 17 -2.79474 46.6
      vertex 17 -6 44
      vertex 17 -3.14437 47.0556
    endloop
  endfacet
  facet normal -1 -0 0
    outer loop
      vertex 17 -3.14437 47.0556
      vertex 17 -6 44
      vertex 17 -3.6 47.4053
    endloop
  endfacet
  facet normal -1 -0 0
    outer loop
      vertex 17 -3.6 47.4053
      vertex 17 -6 44
      vertex 17 -4.1306 47.625
    endloop
  endfacet
  facet normal -1 -0 0
    outer loop
      vertex 17 -4.1306 47.625
      vertex 17 -6 44
      vertex 17 -4.7 47.7
    endloop
  endfacet
  facet normal -1 0 0
    outer loop
      vertex 17 -4.7 47.7
      vertex 17 -6 44
      vertex 17 -5.2694 47.625
    endloop
  endfacet
  facet normal -1 0 0
    outer loop
      vertex 17 -5.2694 47.625
      vertex 17 -6 44
      vertex 17 -5.8 47.4053
    endloop
  endfacet
  facet normal -1 0 0
    outer loop
      vertex 17 -6.60526 44.4
      vertex 17 -6 44
      vertex 17 -6.25563 43.9444
    endloop
  endfacet
  facet normal -1 0 0
    outer loop
      vertex 17 -6 44
      vertex 17 -6.25563 47.0556
      vertex 17 -5.8 47.4053
    endloop
  endfacet
  facet normal -1 0 0
    outer loop
      vertex 17 -6.82504 44.9306
      vertex 17 -6 44
      vertex 17 -6.60526 44.4
    endloop
  endfacet
  facet normal -1 0 0
    outer loop
      vertex 17 -6 44
      vertex 17 -6.60526 46.6
      vertex 17 -6.25563 47.0556
    endloop
  endfacet
  facet normal -1 0 0
    outer loop
      vertex 17 -6.9 45.5
      vertex 17 -6 44
      vertex 17 -6.82504 44.9306
    endloop
  endfacet
  facet normal -1 0 0
    outer loop
      vertex 17 -6 44
      vertex 17 -6.82504 46.0694
      vertex 17 -6.60526 46.6
    endloop
  endfacet
  facet normal -1 0 0
    outer loop
      vertex 17 -6 44
      vertex 17 -6.9 45.5
      vertex 17 -6.82504 46.0694
    endloop
  endfacet
  facet normal 0 0.608852 -0.793284
    outer loop
      vertex 7 -6.25563 47.0556
      vertex 17 -5.8 47.4053
      vertex 17 -6.25563 47.0556
    endloop
  endfacet
  facet normal 0 0.608852 -0.793284
    outer loop
      vertex 17 -5.8 47.4053
      vertex 7 -6.25563 47.0556
      vertex 7 -5.8 47.4053
    endloop
  endfacet
  facet normal 0 -0.923881 -0.382681
    outer loop
      vertex 7 -2.57496 46.0694
      vertex 17 -2.79474 46.6
      vertex 7 -2.79474 46.6
    endloop
  endfacet
  facet normal 0 -0.923881 -0.382681
    outer loop
      vertex 17 -2.79474 46.6
      vertex 7 -2.57496 46.0694
      vertex 17 -2.57496 46.0694
    endloop
  endfacet
  facet normal 0 -0.991446 -0.130521
    outer loop
      vertex 7 -2.5 45.5
      vertex 17 -2.57496 46.0694
      vertex 7 -2.57496 46.0694
    endloop
  endfacet
  facet normal 0 -0.991446 -0.130521
    outer loop
      vertex 17 -2.57496 46.0694
      vertex 7 -2.5 45.5
      vertex 17 -2.5 45.5
    endloop
  endfacet
  facet normal 0 0.793323 -0.608801
    outer loop
      vertex 17 -6.60526 46.6
      vertex 7 -6.25563 47.0556
      vertex 17 -6.25563 47.0556
    endloop
  endfacet
  facet normal 0 0.793323 -0.608801
    outer loop
      vertex 7 -6.25563 47.0556
      vertex 17 -6.60526 46.6
      vertex 7 -6.60526 46.6
    endloop
  endfacet
  facet normal 0 -0.793323 -0.608801
    outer loop
      vertex 7 -2.79474 46.6
      vertex 17 -3.14437 47.0556
      vertex 7 -3.14437 47.0556
    endloop
  endfacet
  facet normal 0 -0.793323 -0.608801
    outer loop
      vertex 17 -3.14437 47.0556
      vertex 7 -2.79474 46.6
      vertex 17 -2.79474 46.6
    endloop
  endfacet
  facet normal -0 0.608856 0.793281
    outer loop
      vertex 7 -6 43.7482
      vertex 17 -6.25563 43.9444
      vertex 17 -6 43.7482
    endloop
  endfacet
  facet normal 0 0.608856 0.793281
    outer loop
      vertex 17 -6.25563 43.9444
      vertex 7 -6 43.7482
      vertex 7 -6.25563 43.9444
    endloop
  endfacet
  facet normal 0 -0.793345 0.608773
    outer loop
      vertex 7 -3.10168 44
      vertex 17 -2.79474 44.4
      vertex 7 -2.79474 44.4
    endloop
  endfacet
  facet normal 0 -0.793345 0.608773
    outer loop
      vertex 17 -2.79474 44.4
      vertex 7 -3.10168 44
      vertex 17 -3.10168 44
    endloop
  endfacet
  facet normal 0 0.13059 -0.991437
    outer loop
      vertex 7 -5.2694 47.625
      vertex 17 -4.7 47.7
      vertex 17 -5.2694 47.625
    endloop
  endfacet
  facet normal 0 0.13059 -0.991437
    outer loop
      vertex 17 -4.7 47.7
      vertex 7 -5.2694 47.625
      vertex 7 -4.7 47.7
    endloop
  endfacet
  facet normal 0 0.923881 0.382681
    outer loop
      vertex 17 -6.60526 44.4
      vertex 7 -6.82504 44.9306
      vertex 17 -6.82504 44.9306
    endloop
  endfacet
  facet normal 0 0.923881 0.382681
    outer loop
      vertex 7 -6.82504 44.9306
      vertex 17 -6.60526 44.4
      vertex 7 -6.60526 44.4
    endloop
  endfacet
  facet normal 0 0.923881 -0.382681
    outer loop
      vertex 17 -6.82504 46.0694
      vertex 7 -6.60526 46.6
      vertex 17 -6.60526 46.6
    endloop
  endfacet
  facet normal 0 0.923881 -0.382681
    outer loop
      vertex 7 -6.60526 46.6
      vertex 17 -6.82504 46.0694
      vertex 7 -6.82504 46.0694
    endloop
  endfacet
  facet normal 0 0.991446 -0.130521
    outer loop
      vertex 17 -6.9 45.5
      vertex 7 -6.82504 46.0694
      vertex 17 -6.82504 46.0694
    endloop
  endfacet
  facet normal 0 0.991446 -0.130521
    outer loop
      vertex 7 -6.82504 46.0694
      vertex 17 -6.9 45.5
      vertex 7 -6.9 45.5
    endloop
  endfacet
  facet normal 0 -0.608852 -0.793284
    outer loop
      vertex 7 -3.6 47.4053
      vertex 17 -3.14437 47.0556
      vertex 17 -3.6 47.4053
    endloop
  endfacet
  facet normal -0 -0.608852 -0.793284
    outer loop
      vertex 17 -3.14437 47.0556
      vertex 7 -3.6 47.4053
      vertex 7 -3.14437 47.0556
    endloop
  endfacet
  facet normal 0 0.995185 -0.0980127
    outer loop
      vertex 69 0.203926 44.5245
      vertex 51 0.3 45.5
      vertex 69 0.3 45.5
    endloop
  endfacet
  facet normal 0 0.995185 -0.0980127
    outer loop
      vertex 51 0.3 45.5
      vertex 69 0.203926 44.5245
      vertex 51 0.203926 44.5245
    endloop
  endfacet
  facet normal 0 0.772975 0.634437
    outer loop
      vertex 69 -0.542652 48.2779
      vertex 51 -1.16447 49.0355
      vertex 69 -1.16447 49.0355
    endloop
  endfacet
  facet normal 0 0.772975 0.634437
    outer loop
      vertex 51 -1.16447 49.0355
      vertex 69 -0.542652 48.2779
      vertex 51 -0.542652 48.2779
    endloop
  endfacet
  facet normal 0 -0.881936 0.471369
    outer loop
      vertex 51 -9.3194 47.4134
      vertex 69 -8.85735 48.2779
      vertex 51 -8.85735 48.2779
    endloop
  endfacet
  facet normal 0 -0.881936 0.471369
    outer loop
      vertex 69 -8.85735 48.2779
      vertex 51 -9.3194 47.4134
      vertex 69 -9.3194 47.4134
    endloop
  endfacet
  facet normal -0 0.634386 0.773016
    outer loop
      vertex 51 -1.16447 49.0355
      vertex 69 -1.92215 49.6573
      vertex 69 -1.16447 49.0355
    endloop
  endfacet
  facet normal 0 0.634386 0.773016
    outer loop
      vertex 69 -1.92215 49.6573
      vertex 51 -1.16447 49.0355
      vertex 51 -1.92215 49.6573
    endloop
  endfacet
  facet normal 1 0 0
    outer loop
      vertex 69 -6 44
      vertex 69 0.3 45.5
      vertex 69 0.203926 46.4755
    endloop
  endfacet
  facet normal 1 0 0
    outer loop
      vertex 69 0.3 45.5
      vertex 69 -6 44
      vertex 69 0.203926 44.5245
    endloop
  endfacet
  facet normal 1 0 0
    outer loop
      vertex 69 -6 44
      vertex 69 0.203926 46.4755
      vertex 69 -0.0806028 47.4134
    endloop
  endfacet
  facet normal 1 0 0
    outer loop
      vertex 69 -6 44
      vertex 69 -0.0806028 47.4134
      vertex 69 -0.542652 48.2779
    endloop
  endfacet
  facet normal 1 0 0
    outer loop
      vertex 69 -6 44
      vertex 69 -0.542652 48.2779
      vertex 69 -1.16447 49.0355
    endloop
  endfacet
  facet normal 1 0 0
    outer loop
      vertex 69 -6 44
      vertex 69 -1.16447 49.0355
      vertex 69 -1.92215 49.6573
    endloop
  endfacet
  facet normal 1 0 0
    outer loop
      vertex 69 -6 44
      vertex 69 -1.92215 49.6573
      vertex 69 -2.78658 50.1194
    endloop
  endfacet
  facet normal 1 0 0
    outer loop
      vertex 69 -6 44
      vertex 69 -2.78658 50.1194
      vertex 69 -3.72455 50.4039
    endloop
  endfacet
  facet normal 1 0 0
    outer loop
      vertex 69 -6 44
      vertex 69 -3.72455 50.4039
      vertex 69 -4.7 50.5
    endloop
  endfacet
  facet normal 1 0 0
    outer loop
      vertex 69 -6 44
      vertex 69 -4.7 50.5
      vertex 69 -5.67545 50.4039
    endloop
  endfacet
  facet normal 1 0 0
    outer loop
      vertex 69 0.203926 44.5245
      vertex 69 -6 44
      vertex 69 0.0448058 44
    endloop
  endfacet
  facet normal 1 -0 0
    outer loop
      vertex 69 -6.61342 50.1194
      vertex 69 -6 44
      vertex 69 -5.67545 50.4039
    endloop
  endfacet
  facet normal 1 -0 0
    outer loop
      vertex 69 -7.47785 49.6573
      vertex 69 -6 44
      vertex 69 -6.61342 50.1194
    endloop
  endfacet
  facet normal 1 -0 0
    outer loop
      vertex 69 -8.23553 49.0355
      vertex 69 -6 44
      vertex 69 -7.47785 49.6573
    endloop
  endfacet
  facet normal 1 -0 0
    outer loop
      vertex 69 -8.85735 48.2779
      vertex 69 -6 44
      vertex 69 -8.23553 49.0355
    endloop
  endfacet
  facet normal 1 0 0
    outer loop
      vertex 69 -6 44
      vertex 69 -6.61342 40.8806
      vertex 69 -6 40.6945
    endloop
  endfacet
  facet normal 1 0 -0
    outer loop
      vertex 69 -7.47785 41.3427
      vertex 69 -6 44
      vertex 69 -8.23553 41.9645
    endloop
  endfacet
  facet normal 1 0 -0
    outer loop
      vertex 69 -6.61342 40.8806
      vertex 69 -6 44
      vertex 69 -7.47785 41.3427
    endloop
  endfacet
  facet normal 1 -0 0
    outer loop
      vertex 69 -9.3194 47.4134
      vertex 69 -6 44
      vertex 69 -8.85735 48.2779
    endloop
  endfacet
  facet normal 1 0 0
    outer loop
      vertex 69 -6 44
      vertex 69 -8.85735 42.7221
      vertex 69 -8.23553 41.9645
    endloop
  endfacet
  facet normal 1 -0 0
    outer loop
      vertex 69 -9.60393 46.4755
      vertex 69 -6 44
      vertex 69 -9.3194 47.4134
    endloop
  endfacet
  facet normal 1 0 0
    outer loop
      vertex 69 -6 44
      vertex 69 -9.3194 43.5866
      vertex 69 -8.85735 42.7221
    endloop
  endfacet
  facet normal 1 -0 0
    outer loop
      vertex 69 -9.7 45.5
      vertex 69 -6 44
      vertex 69 -9.60393 46.4755
    endloop
  endfacet
  facet normal 1 0 0
    outer loop
      vertex 69 -6 44
      vertex 69 -9.60393 44.5245
      vertex 69 -9.3194 43.5866
    endloop
  endfacet
  facet normal 1 0 0
    outer loop
      vertex 69 -6 44
      vertex 69 -9.7 45.5
      vertex 69 -9.60393 44.5245
    endloop
  endfacet
  facet normal 0 -0.634386 0.773016
    outer loop
      vertex 51 -7.47785 49.6573
      vertex 69 -8.23553 49.0355
      vertex 69 -7.47785 49.6573
    endloop
  endfacet
  facet normal 0 -0.634386 0.773016
    outer loop
      vertex 69 -8.23553 49.0355
      vertex 51 -7.47785 49.6573
      vertex 51 -8.23553 49.0355
    endloop
  endfacet
  facet normal 0 -0.471438 0.881899
    outer loop
      vertex 51 -6.61342 50.1194
      vertex 69 -7.47785 49.6573
      vertex 69 -6.61342 50.1194
    endloop
  endfacet
  facet normal 0 -0.471438 0.881899
    outer loop
      vertex 69 -7.47785 49.6573
      vertex 51 -6.61342 50.1194
      vertex 51 -7.47785 49.6573
    endloop
  endfacet
  facet normal 0 -0.471438 -0.881899
    outer loop
      vertex 51 -7.47785 41.3427
      vertex 69 -6.61342 40.8806
      vertex 69 -7.47785 41.3427
    endloop
  endfacet
  facet normal -0 -0.471438 -0.881899
    outer loop
      vertex 69 -6.61342 40.8806
      vertex 51 -7.47785 41.3427
      vertex 51 -6.61342 40.8806
    endloop
  endfacet
  facet normal 0 0.956935 0.290303
    outer loop
      vertex 69 0.203926 46.4755
      vertex 51 -0.0806028 47.4134
      vertex 69 -0.0806028 47.4134
    endloop
  endfacet
  facet normal 0 0.956935 0.290303
    outer loop
      vertex 51 -0.0806028 47.4134
      vertex 69 0.203926 46.4755
      vertex 51 0.203926 46.4755
    endloop
  endfacet
  facet normal 0 -0.956934 -0.290304
    outer loop
      vertex 51 -9.3194 43.5866
      vertex 69 -9.60393 44.5245
      vertex 51 -9.60393 44.5245
    endloop
  endfacet
  facet normal 0 -0.956934 -0.290304
    outer loop
      vertex 69 -9.60393 44.5245
      vertex 51 -9.3194 43.5866
      vertex 69 -9.3194 43.5866
    endloop
  endfacet
  facet normal 0 0.995185 0.0980127
    outer loop
      vertex 69 0.3 45.5
      vertex 51 0.203926 46.4755
      vertex 69 0.203926 46.4755
    endloop
  endfacet
  facet normal 0 0.995185 0.0980127
    outer loop
      vertex 51 0.203926 46.4755
      vertex 69 0.3 45.5
      vertex 51 0.3 45.5
    endloop
  endfacet
  facet normal 0 -0.772974 -0.634438
    outer loop
      vertex 51 -8.23553 41.9645
      vertex 69 -8.85735 42.7221
      vertex 51 -8.85735 42.7221
    endloop
  endfacet
  facet normal 0 -0.772974 -0.634438
    outer loop
      vertex 69 -8.85735 42.7221
      vertex 51 -8.23553 41.9645
      vertex 69 -8.23553 41.9645
    endloop
  endfacet
  facet normal 0 -0.098044 0.995182
    outer loop
      vertex 51 -4.7 50.5
      vertex 69 -5.67545 50.4039
      vertex 69 -4.7 50.5
    endloop
  endfacet
  facet normal 0 -0.098044 0.995182
    outer loop
      vertex 69 -5.67545 50.4039
      vertex 51 -4.7 50.5
      vertex 51 -5.67545 50.4039
    endloop
  endfacet
  facet normal 0 -0.881936 -0.471369
    outer loop
      vertex 51 -8.85735 42.7221
      vertex 69 -9.3194 43.5866
      vertex 51 -9.3194 43.5866
    endloop
  endfacet
  facet normal 0 -0.881936 -0.471369
    outer loop
      vertex 69 -9.3194 43.5866
      vertex 51 -8.85735 42.7221
      vertex 69 -8.85735 42.7221
    endloop
  endfacet
  facet normal 0 -0.772974 0.634438
    outer loop
      vertex 51 -8.85735 48.2779
      vertex 69 -8.23553 49.0355
      vertex 51 -8.23553 49.0355
    endloop
  endfacet
  facet normal 0 -0.772974 0.634438
    outer loop
      vertex 69 -8.23553 49.0355
      vertex 51 -8.85735 48.2779
      vertex 69 -8.85735 48.2779
    endloop
  endfacet
  facet normal 0 -0.634386 -0.773016
    outer loop
      vertex 51 -8.23553 41.9645
      vertex 69 -7.47785 41.3427
      vertex 69 -8.23553 41.9645
    endloop
  endfacet
  facet normal -0 -0.634386 -0.773016
    outer loop
      vertex 69 -7.47785 41.3427
      vertex 51 -8.23553 41.9645
      vertex 51 -7.47785 41.3427
    endloop
  endfacet
  facet normal 0 -0.290257 0.956949
    outer loop
      vertex 51 -5.67545 50.4039
      vertex 69 -6.61342 50.1194
      vertex 69 -5.67545 50.4039
    endloop
  endfacet
  facet normal 0 -0.290257 0.956949
    outer loop
      vertex 69 -6.61342 50.1194
      vertex 51 -5.67545 50.4039
      vertex 51 -6.61342 50.1194
    endloop
  endfacet
  facet normal -0 0.098044 0.995182
    outer loop
      vertex 51 -3.72455 50.4039
      vertex 69 -4.7 50.5
      vertex 69 -3.72455 50.4039
    endloop
  endfacet
  facet normal 0 0.098044 0.995182
    outer loop
      vertex 69 -4.7 50.5
      vertex 51 -3.72455 50.4039
      vertex 51 -4.7 50.5
    endloop
  endfacet
  facet normal 0 0.881936 0.471368
    outer loop
      vertex 69 -0.0806028 47.4134
      vertex 51 -0.542652 48.2779
      vertex 69 -0.542652 48.2779
    endloop
  endfacet
  facet normal 0 0.881936 0.471368
    outer loop
      vertex 51 -0.542652 48.2779
      vertex 69 -0.0806028 47.4134
      vertex 51 -0.0806028 47.4134
    endloop
  endfacet
  facet normal 0 0.956933 -0.29031
    outer loop
      vertex 69 0.0448058 44
      vertex 51 0.203926 44.5245
      vertex 69 0.203926 44.5245
    endloop
  endfacet
  facet normal 0 0.956933 -0.29031
    outer loop
      vertex 51 0.203926 44.5245
      vertex 69 0.0448058 44
      vertex 51 0.0448058 44
    endloop
  endfacet
  facet normal -0 0.290257 0.956949
    outer loop
      vertex 51 -2.78658 50.1194
      vertex 69 -3.72455 50.4039
      vertex 69 -2.78658 50.1194
    endloop
  endfacet
  facet normal 0 0.290257 0.956949
    outer loop
      vertex 69 -3.72455 50.4039
      vertex 51 -2.78658 50.1194
      vertex 51 -3.72455 50.4039
    endloop
  endfacet
  facet normal 0 -0.995186 -0.0980087
    outer loop
      vertex 51 -9.60393 44.5245
      vertex 69 -9.7 45.5
      vertex 51 -9.7 45.5
    endloop
  endfacet
  facet normal 0 -0.995186 -0.0980087
    outer loop
      vertex 69 -9.7 45.5
      vertex 51 -9.60393 44.5245
      vertex 69 -9.60393 44.5245
    endloop
  endfacet
  facet normal -1 0 0
    outer loop
      vertex 51 -6.61342 40.8806
      vertex 51 -6 43.7482
      vertex 51 -6 40.6945
    endloop
  endfacet
  facet normal -1 0 0
    outer loop
      vertex 51 -7.47785 41.3427
      vertex 51 -6 43.7482
      vertex 51 -6.61342 40.8806
    endloop
  endfacet
  facet normal -1 -0 0
    outer loop
      vertex 51 -6 43.7482
      vertex 51 -7.47785 41.3427
      vertex 51 -6.25563 43.9444
    endloop
  endfacet
  facet normal -1 0 0
    outer loop
      vertex 51 -8.23553 41.9645
      vertex 51 -6.25563 43.9444
      vertex 51 -7.47785 41.3427
    endloop
  endfacet
  facet normal -1 0 0
    outer loop
      vertex 51 -8.85735 42.7221
      vertex 51 -6.25563 43.9444
      vertex 51 -8.23553 41.9645
    endloop
  endfacet
  facet normal -1 -0 0
    outer loop
      vertex 51 -6.25563 43.9444
      vertex 51 -8.85735 42.7221
      vertex 51 -6.60526 44.4
    endloop
  endfacet
  facet normal -1 0 0
    outer loop
      vertex 51 -2.5 45.5
      vertex 51 0.3 45.5
      vertex 51 0.203926 44.5245
    endloop
  endfacet
  facet normal -1 0 0
    outer loop
      vertex 51 -2.57496 44.9306
      vertex 51 0.203926 44.5245
      vertex 51 0.0448058 44
    endloop
  endfacet
  facet normal -1 0 0
    outer loop
      vertex 51 0.3 45.5
      vertex 51 -2.5 45.5
      vertex 51 0.203926 46.4755
    endloop
  endfacet
  facet normal -1 0 0
    outer loop
      vertex 51 -2.57496 46.0694
      vertex 51 0.203926 46.4755
      vertex 51 -2.5 45.5
    endloop
  endfacet
  facet normal -1 0 0
    outer loop
      vertex 51 -2.79474 46.6
      vertex 51 -0.0806028 47.4134
      vertex 51 -2.57496 46.0694
    endloop
  endfacet
  facet normal -1 -0 0
    outer loop
      vertex 51 -0.0806028 47.4134
      vertex 51 -2.79474 46.6
      vertex 51 -0.542652 48.2779
    endloop
  endfacet
  facet normal -1 -0 0
    outer loop
      vertex 51 0.203926 46.4755
      vertex 51 -2.57496 46.0694
      vertex 51 -0.0806028 47.4134
    endloop
  endfacet
  facet normal -1 0 0
    outer loop
      vertex 51 0.203926 44.5245
      vertex 51 -2.57496 44.9306
      vertex 51 -2.5 45.5
    endloop
  endfacet
  facet normal -1 0 0
    outer loop
      vertex 51 0.0448058 44
      vertex 51 -2.79474 44.4
      vertex 51 -2.57496 44.9306
    endloop
  endfacet
  facet normal -1 0 -0
    outer loop
      vertex 51 -2.79474 44.4
      vertex 51 0.0448058 44
      vertex 51 -3.10168 44
    endloop
  endfacet
  facet normal -1 0 0
    outer loop
      vertex 51 -3.14437 47.0556
      vertex 51 -0.542652 48.2779
      vertex 51 -2.79474 46.6
    endloop
  endfacet
  facet normal -1 -0 0
    outer loop
      vertex 51 -0.542652 48.2779
      vertex 51 -3.14437 47.0556
      vertex 51 -1.16447 49.0355
    endloop
  endfacet
  facet normal -1 -0 0
    outer loop
      vertex 51 -1.16447 49.0355
      vertex 51 -3.14437 47.0556
      vertex 51 -1.92215 49.6573
    endloop
  endfacet
  facet normal -1 0 0
    outer loop
      vertex 51 -3.6 47.4053
      vertex 51 -1.92215 49.6573
      vertex 51 -3.14437 47.0556
    endloop
  endfacet
  facet normal -1 -0 0
    outer loop
      vertex 51 -1.92215 49.6573
      vertex 51 -3.6 47.4053
      vertex 51 -2.78658 50.1194
    endloop
  endfacet
  facet normal -1 0 0
    outer loop
      vertex 51 -4.1306 47.625
      vertex 51 -2.78658 50.1194
      vertex 51 -3.6 47.4053
    endloop
  endfacet
  facet normal -1 -0 0
    outer loop
      vertex 51 -2.78658 50.1194
      vertex 51 -4.1306 47.625
      vertex 51 -3.72455 50.4039
    endloop
  endfacet
  facet normal -1 0 0
    outer loop
      vertex 51 -4.7 47.7
      vertex 51 -3.72455 50.4039
      vertex 51 -4.1306 47.625
    endloop
  endfacet
  facet normal -1 0 0
    outer loop
      vertex 51 -4.7 47.7
      vertex 51 -4.7 50.5
      vertex 51 -3.72455 50.4039
    endloop
  endfacet
  facet normal -1 0 0
    outer loop
      vertex 51 -5.67545 50.4039
      vertex 51 -4.7 47.7
      vertex 51 -5.2694 47.625
    endloop
  endfacet
  facet normal -1 0 0
    outer loop
      vertex 51 -4.7 47.7
      vertex 51 -5.67545 50.4039
      vertex 51 -4.7 50.5
    endloop
  endfacet
  facet normal -1 0 0
    outer loop
      vertex 51 -6.61342 50.1194
      vertex 51 -5.2694 47.625
      vertex 51 -5.8 47.4053
    endloop
  endfacet
  facet normal -1 0 0
    outer loop
      vertex 51 -7.47785 49.6573
      vertex 51 -5.8 47.4053
      vertex 51 -6.25563 47.0556
    endloop
  endfacet
  facet normal -1 0 0
    outer loop
      vertex 51 -8.85735 48.2779
      vertex 51 -6.25563 47.0556
      vertex 51 -6.60526 46.6
    endloop
  endfacet
  facet normal -1 0 0
    outer loop
      vertex 51 -5.2694 47.625
      vertex 51 -6.61342 50.1194
      vertex 51 -5.67545 50.4039
    endloop
  endfacet
  facet normal -1 0 0
    outer loop
      vertex 51 -9.3194 47.4134
      vertex 51 -6.60526 46.6
      vertex 51 -6.82504 46.0694
    endloop
  endfacet
  facet normal -1 0 0
    outer loop
      vertex 51 -9.60393 46.4755
      vertex 51 -6.82504 46.0694
      vertex 51 -6.9 45.5
    endloop
  endfacet
  facet normal -1 0 0
    outer loop
      vertex 51 -9.3194 43.5866
      vertex 51 -6.60526 44.4
      vertex 51 -8.85735 42.7221
    endloop
  endfacet
  facet normal -1 0 0
    outer loop
      vertex 51 -5.8 47.4053
      vertex 51 -7.47785 49.6573
      vertex 51 -6.61342 50.1194
    endloop
  endfacet
  facet normal -1 -0 0
    outer loop
      vertex 51 -6.60526 44.4
      vertex 51 -9.3194 43.5866
      vertex 51 -6.82504 44.9306
    endloop
  endfacet
  facet normal -1 0 0
    outer loop
      vertex 51 -6.25563 47.0556
      vertex 51 -8.23553 49.0355
      vertex 51 -7.47785 49.6573
    endloop
  endfacet
  facet normal -1 0 0
    outer loop
      vertex 51 -9.60393 44.5245
      vertex 51 -6.82504 44.9306
      vertex 51 -9.3194 43.5866
    endloop
  endfacet
  facet normal -1 0 0
    outer loop
      vertex 51 -6.25563 47.0556
      vertex 51 -8.85735 48.2779
      vertex 51 -8.23553 49.0355
    endloop
  endfacet
  facet normal -1 -0 0
    outer loop
      vertex 51 -6.82504 44.9306
      vertex 51 -9.60393 44.5245
      vertex 51 -6.9 45.5
    endloop
  endfacet
  facet normal -1 0 0
    outer loop
      vertex 51 -6.60526 46.6
      vertex 51 -9.3194 47.4134
      vertex 51 -8.85735 48.2779
    endloop
  endfacet
  facet normal -1 0 0
    outer loop
      vertex 51 -9.7 45.5
      vertex 51 -6.9 45.5
      vertex 51 -9.60393 44.5245
    endloop
  endfacet
  facet normal -1 0 0
    outer loop
      vertex 51 -6.82504 46.0694
      vertex 51 -9.60393 46.4755
      vertex 51 -9.3194 47.4134
    endloop
  endfacet
  facet normal -1 0 0
    outer loop
      vertex 51 -6.9 45.5
      vertex 51 -9.7 45.5
      vertex 51 -9.60393 46.4755
    endloop
  endfacet
  facet normal -0 0.471438 0.881899
    outer loop
      vertex 51 -1.92215 49.6573
      vertex 69 -2.78658 50.1194
      vertex 69 -1.92215 49.6573
    endloop
  endfacet
  facet normal 0 0.471438 0.881899
    outer loop
      vertex 69 -2.78658 50.1194
      vertex 51 -1.92215 49.6573
      vertex 51 -2.78658 50.1194
    endloop
  endfacet
  facet normal 0 -0.290315 -0.956931
    outer loop
      vertex 51 -6.61342 40.8806
      vertex 69 -6 40.6945
      vertex 69 -6.61342 40.8806
    endloop
  endfacet
  facet normal -0 -0.290315 -0.956931
    outer loop
      vertex 69 -6 40.6945
      vertex 51 -6.61342 40.8806
      vertex 51 -6 40.6945
    endloop
  endfacet
  facet normal 0 -0.956934 0.290304
    outer loop
      vertex 51 -9.60393 46.4755
      vertex 69 -9.3194 47.4134
      vertex 51 -9.3194 47.4134
    endloop
  endfacet
  facet normal 0 -0.956934 0.290304
    outer loop
      vertex 69 -9.3194 47.4134
      vertex 51 -9.60393 46.4755
      vertex 69 -9.60393 46.4755
    endloop
  endfacet
  facet normal 0 -0.995186 0.0980087
    outer loop
      vertex 51 -9.7 45.5
      vertex 69 -9.60393 46.4755
      vertex 51 -9.60393 46.4755
    endloop
  endfacet
  facet normal 0 -0.995186 0.0980087
    outer loop
      vertex 69 -9.60393 46.4755
      vertex 51 -9.7 45.5
      vertex 69 -9.7 45.5
    endloop
  endfacet
  facet normal 0 -0.13059 -0.991437
    outer loop
      vertex 51 -4.7 47.7
      vertex 61 -4.1306 47.625
      vertex 61 -4.7 47.7
    endloop
  endfacet
  facet normal -0 -0.13059 -0.991437
    outer loop
      vertex 61 -4.1306 47.625
      vertex 51 -4.7 47.7
      vertex 51 -4.1306 47.625
    endloop
  endfacet
  facet normal 0 0.991446 0.130521
    outer loop
      vertex 61 -6.82504 44.9306
      vertex 51 -6.9 45.5
      vertex 61 -6.9 45.5
    endloop
  endfacet
  facet normal 0 0.991446 0.130521
    outer loop
      vertex 51 -6.9 45.5
      vertex 61 -6.82504 44.9306
      vertex 51 -6.82504 44.9306
    endloop
  endfacet
  facet normal 0 -0.382562 -0.92393
    outer loop
      vertex 51 -4.1306 47.625
      vertex 61 -3.6 47.4053
      vertex 61 -4.1306 47.625
    endloop
  endfacet
  facet normal -0 -0.382562 -0.92393
    outer loop
      vertex 61 -3.6 47.4053
      vertex 51 -4.1306 47.625
      vertex 51 -3.6 47.4053
    endloop
  endfacet
  facet normal 0 -0.923881 0.382681
    outer loop
      vertex 51 -2.79474 44.4
      vertex 61 -2.57496 44.9306
      vertex 51 -2.57496 44.9306
    endloop
  endfacet
  facet normal 0 -0.923881 0.382681
    outer loop
      vertex 61 -2.57496 44.9306
      vertex 51 -2.79474 44.4
      vertex 61 -2.79474 44.4
    endloop
  endfacet
  facet normal 0 0.793323 0.608801
    outer loop
      vertex 61 -6.25563 43.9444
      vertex 51 -6.60526 44.4
      vertex 61 -6.60526 44.4
    endloop
  endfacet
  facet normal 0 0.793323 0.608801
    outer loop
      vertex 51 -6.60526 44.4
      vertex 61 -6.25563 43.9444
      vertex 51 -6.25563 43.9444
    endloop
  endfacet
  facet normal 0 -0.991446 0.130521
    outer loop
      vertex 51 -2.57496 44.9306
      vertex 61 -2.5 45.5
      vertex 51 -2.5 45.5
    endloop
  endfacet
  facet normal 0 -0.991446 0.130521
    outer loop
      vertex 61 -2.5 45.5
      vertex 51 -2.57496 44.9306
      vertex 61 -2.57496 44.9306
    endloop
  endfacet
  facet normal 0 0.382562 -0.92393
    outer loop
      vertex 51 -5.8 47.4053
      vertex 61 -5.2694 47.625
      vertex 61 -5.8 47.4053
    endloop
  endfacet
  facet normal 0 0.382562 -0.92393
    outer loop
      vertex 61 -5.2694 47.625
      vertex 51 -5.8 47.4053
      vertex 51 -5.2694 47.625
    endloop
  endfacet
  facet normal -1 0 0
    outer loop
      vertex 61 -6 43.7482
      vertex 61 -6.25563 43.9444
      vertex 61 -6 44
    endloop
  endfacet
  facet normal -1 0 0
    outer loop
      vertex 61 -6 44
      vertex 61 -2.5 45.5
      vertex 61 -2.57496 44.9306
    endloop
  endfacet
  facet normal -1 0 0
    outer loop
      vertex 61 -6 44
      vertex 61 -2.57496 44.9306
      vertex 61 -2.79474 44.4
    endloop
  endfacet
  facet normal -1 -0 0
    outer loop
      vertex 61 -2.5 45.5
      vertex 61 -6 44
      vertex 61 -2.57496 46.0694
    endloop
  endfacet
  facet normal -1 0 0
    outer loop
      vertex 61 -6 44
      vertex 61 -2.79474 44.4
      vertex 61 -3.10168 44
    endloop
  endfacet
  facet normal -1 -0 0
    outer loop
      vertex 61 -2.57496 46.0694
      vertex 61 -6 44
      vertex 61 -2.79474 46.6
    endloop
  endfacet
  facet normal -1 -0 0
    outer loop
      vertex 61 -2.79474 46.6
      vertex 61 -6 44
      vertex 61 -3.14437 47.0556
    endloop
  endfacet
  facet normal -1 -0 0
    outer loop
      vertex 61 -3.14437 47.0556
      vertex 61 -6 44
      vertex 61 -3.6 47.4053
    endloop
  endfacet
  facet normal -1 -0 0
    outer loop
      vertex 61 -3.6 47.4053
      vertex 61 -6 44
      vertex 61 -4.1306 47.625
    endloop
  endfacet
  facet normal -1 -0 0
    outer loop
      vertex 61 -4.1306 47.625
      vertex 61 -6 44
      vertex 61 -4.7 47.7
    endloop
  endfacet
  facet normal -1 0 0
    outer loop
      vertex 61 -4.7 47.7
      vertex 61 -6 44
      vertex 61 -5.2694 47.625
    endloop
  endfacet
  facet normal -1 0 0
    outer loop
      vertex 61 -5.2694 47.625
      vertex 61 -6 44
      vertex 61 -5.8 47.4053
    endloop
  endfacet
  facet normal -1 0 0
    outer loop
      vertex 61 -6.60526 44.4
      vertex 61 -6 44
      vertex 61 -6.25563 43.9444
    endloop
  endfacet
  facet normal -1 0 0
    outer loop
      vertex 61 -6 44
      vertex 61 -6.25563 47.0556
      vertex 61 -5.8 47.4053
    endloop
  endfacet
  facet normal -1 0 0
    outer loop
      vertex 61 -6.82504 44.9306
      vertex 61 -6 44
      vertex 61 -6.60526 44.4
    endloop
  endfacet
  facet normal -1 0 0
    outer loop
      vertex 61 -6 44
      vertex 61 -6.60526 46.6
      vertex 61 -6.25563 47.0556
    endloop
  endfacet
  facet normal -1 0 0
    outer loop
      vertex 61 -6.9 45.5
      vertex 61 -6 44
      vertex 61 -6.82504 44.9306
    endloop
  endfacet
  facet normal -1 0 0
    outer loop
      vertex 61 -6 44
      vertex 61 -6.82504 46.0694
      vertex 61 -6.60526 46.6
    endloop
  endfacet
  facet normal -1 0 0
    outer loop
      vertex 61 -6 44
      vertex 61 -6.9 45.5
      vertex 61 -6.82504 46.0694
    endloop
  endfacet
  facet normal 0 0.608852 -0.793284
    outer loop
      vertex 51 -6.25563 47.0556
      vertex 61 -5.8 47.4053
      vertex 61 -6.25563 47.0556
    endloop
  endfacet
  facet normal 0 0.608852 -0.793284
    outer loop
      vertex 61 -5.8 47.4053
      vertex 51 -6.25563 47.0556
      vertex 51 -5.8 47.4053
    endloop
  endfacet
  facet normal 0 -0.923881 -0.382681
    outer loop
      vertex 51 -2.57496 46.0694
      vertex 61 -2.79474 46.6
      vertex 51 -2.79474 46.6
    endloop
  endfacet
  facet normal 0 -0.923881 -0.382681
    outer loop
      vertex 61 -2.79474 46.6
      vertex 51 -2.57496 46.0694
      vertex 61 -2.57496 46.0694
    endloop
  endfacet
  facet normal 0 -0.991446 -0.130521
    outer loop
      vertex 51 -2.5 45.5
      vertex 61 -2.57496 46.0694
      vertex 51 -2.57496 46.0694
    endloop
  endfacet
  facet normal 0 -0.991446 -0.130521
    outer loop
      vertex 61 -2.57496 46.0694
      vertex 51 -2.5 45.5
      vertex 61 -2.5 45.5
    endloop
  endfacet
  facet normal 0 0.793323 -0.608801
    outer loop
      vertex 61 -6.60526 46.6
      vertex 51 -6.25563 47.0556
      vertex 61 -6.25563 47.0556
    endloop
  endfacet
  facet normal 0 0.793323 -0.608801
    outer loop
      vertex 51 -6.25563 47.0556
      vertex 61 -6.60526 46.6
      vertex 51 -6.60526 46.6
    endloop
  endfacet
  facet normal 0 -0.793323 -0.608801
    outer loop
      vertex 51 -2.79474 46.6
      vertex 61 -3.14437 47.0556
      vertex 51 -3.14437 47.0556
    endloop
  endfacet
  facet normal 0 -0.793323 -0.608801
    outer loop
      vertex 61 -3.14437 47.0556
      vertex 51 -2.79474 46.6
      vertex 61 -2.79474 46.6
    endloop
  endfacet
  facet normal -0 0.608856 0.793281
    outer loop
      vertex 51 -6 43.7482
      vertex 61 -6.25563 43.9444
      vertex 61 -6 43.7482
    endloop
  endfacet
  facet normal 0 0.608856 0.793281
    outer loop
      vertex 61 -6.25563 43.9444
      vertex 51 -6 43.7482
      vertex 51 -6.25563 43.9444
    endloop
  endfacet
  facet normal 0 -0.793345 0.608773
    outer loop
      vertex 51 -3.10168 44
      vertex 61 -2.79474 44.4
      vertex 51 -2.79474 44.4
    endloop
  endfacet
  facet normal 0 -0.793345 0.608773
    outer loop
      vertex 61 -2.79474 44.4
      vertex 51 -3.10168 44
      vertex 61 -3.10168 44
    endloop
  endfacet
  facet normal 0 0.13059 -0.991437
    outer loop
      vertex 51 -5.2694 47.625
      vertex 61 -4.7 47.7
      vertex 61 -5.2694 47.625
    endloop
  endfacet
  facet normal 0 0.13059 -0.991437
    outer loop
      vertex 61 -4.7 47.7
      vertex 51 -5.2694 47.625
      vertex 51 -4.7 47.7
    endloop
  endfacet
  facet normal 0 0.923881 0.382681
    outer loop
      vertex 61 -6.60526 44.4
      vertex 51 -6.82504 44.9306
      vertex 61 -6.82504 44.9306
    endloop
  endfacet
  facet normal 0 0.923881 0.382681
    outer loop
      vertex 51 -6.82504 44.9306
      vertex 61 -6.60526 44.4
      vertex 51 -6.60526 44.4
    endloop
  endfacet
  facet normal 0 0.923881 -0.382681
    outer loop
      vertex 61 -6.82504 46.0694
      vertex 51 -6.60526 46.6
      vertex 61 -6.60526 46.6
    endloop
  endfacet
  facet normal 0 0.923881 -0.382681
    outer loop
      vertex 51 -6.60526 46.6
      vertex 61 -6.82504 46.0694
      vertex 51 -6.82504 46.0694
    endloop
  endfacet
  facet normal 0 0.991446 -0.130521
    outer loop
      vertex 61 -6.9 45.5
      vertex 51 -6.82504 46.0694
      vertex 61 -6.82504 46.0694
    endloop
  endfacet
  facet normal 0 0.991446 -0.130521
    outer loop
      vertex 51 -6.82504 46.0694
      vertex 61 -6.9 45.5
      vertex 51 -6.9 45.5
    endloop
  endfacet
  facet normal 0 -0.608852 -0.793284
    outer loop
      vertex 51 -3.6 47.4053
      vertex 61 -3.14437 47.0556
      vertex 61 -3.6 47.4053
    endloop
  endfacet
  facet normal -0 -0.608852 -0.793284
    outer loop
      vertex 61 -3.14437 47.0556
      vertex 51 -3.6 47.4053
      vertex 51 -3.14437 47.0556
    endloop
  endfacet
  facet normal 0 0.995185 -0.0980127
    outer loop
      vertex 113 0.203926 44.5245
      vertex 95 0.3 45.5
      vertex 113 0.3 45.5
    endloop
  endfacet
  facet normal 0 0.995185 -0.0980127
    outer loop
      vertex 95 0.3 45.5
      vertex 113 0.203926 44.5245
      vertex 95 0.203926 44.5245
    endloop
  endfacet
  facet normal 0 0.772975 0.634437
    outer loop
      vertex 113 -0.542652 48.2779
      vertex 95 -1.16447 49.0355
      vertex 113 -1.16447 49.0355
    endloop
  endfacet
  facet normal 0 0.772975 0.634437
    outer loop
      vertex 95 -1.16447 49.0355
      vertex 113 -0.542652 48.2779
      vertex 95 -0.542652 48.2779
    endloop
  endfacet
  facet normal 0 -0.881936 0.471369
    outer loop
      vertex 95 -9.3194 47.4134
      vertex 113 -8.85735 48.2779
      vertex 95 -8.85735 48.2779
    endloop
  endfacet
  facet normal 0 -0.881936 0.471369
    outer loop
      vertex 113 -8.85735 48.2779
      vertex 95 -9.3194 47.4134
      vertex 113 -9.3194 47.4134
    endloop
  endfacet
  facet normal -0 0.634386 0.773016
    outer loop
      vertex 95 -1.16447 49.0355
      vertex 113 -1.92215 49.6573
      vertex 113 -1.16447 49.0355
    endloop
  endfacet
  facet normal 0 0.634386 0.773016
    outer loop
      vertex 113 -1.92215 49.6573
      vertex 95 -1.16447 49.0355
      vertex 95 -1.92215 49.6573
    endloop
  endfacet
  facet normal 1 0 0
    outer loop
      vertex 113 -6 44
      vertex 113 0.3 45.5
      vertex 113 0.203926 46.4755
    endloop
  endfacet
  facet normal 1 0 0
    outer loop
      vertex 113 0.3 45.5
      vertex 113 -6 44
      vertex 113 0.203926 44.5245
    endloop
  endfacet
  facet normal 1 0 0
    outer loop
      vertex 113 -6 44
      vertex 113 0.203926 46.4755
      vertex 113 -0.0806028 47.4134
    endloop
  endfacet
  facet normal 1 0 0
    outer loop
      vertex 113 -6 44
      vertex 113 -0.0806028 47.4134
      vertex 113 -0.542652 48.2779
    endloop
  endfacet
  facet normal 1 0 0
    outer loop
      vertex 113 -6 44
      vertex 113 -0.542652 48.2779
      vertex 113 -1.16447 49.0355
    endloop
  endfacet
  facet normal 1 0 0
    outer loop
      vertex 113 -6 44
      vertex 113 -1.16447 49.0355
      vertex 113 -1.92215 49.6573
    endloop
  endfacet
  facet normal 1 0 0
    outer loop
      vertex 113 -6 44
      vertex 113 -1.92215 49.6573
      vertex 113 -2.78658 50.1194
    endloop
  endfacet
  facet normal 1 0 0
    outer loop
      vertex 113 -6 44
      vertex 113 -2.78658 50.1194
      vertex 113 -3.72455 50.4039
    endloop
  endfacet
  facet normal 1 0 0
    outer loop
      vertex 113 -6 44
      vertex 113 -3.72455 50.4039
      vertex 113 -4.7 50.5
    endloop
  endfacet
  facet normal 1 0 0
    outer loop
      vertex 113 -6 44
      vertex 113 -4.7 50.5
      vertex 113 -5.67545 50.4039
    endloop
  endfacet
  facet normal 1 0 0
    outer loop
      vertex 113 0.203926 44.5245
      vertex 113 -6 44
      vertex 113 0.0448058 44
    endloop
  endfacet
  facet normal 1 -0 0
    outer loop
      vertex 113 -6.61342 50.1194
      vertex 113 -6 44
      vertex 113 -5.67545 50.4039
    endloop
  endfacet
  facet normal 1 -0 0
    outer loop
      vertex 113 -7.47785 49.6573
      vertex 113 -6 44
      vertex 113 -6.61342 50.1194
    endloop
  endfacet
  facet normal 1 -0 0
    outer loop
      vertex 113 -8.23553 49.0355
      vertex 113 -6 44
      vertex 113 -7.47785 49.6573
    endloop
  endfacet
  facet normal 1 -0 0
    outer loop
      vertex 113 -8.85735 48.2779
      vertex 113 -6 44
      vertex 113 -8.23553 49.0355
    endloop
  endfacet
  facet normal 1 0 0
    outer loop
      vertex 113 -6 44
      vertex 113 -6.61342 40.8806
      vertex 113 -6 40.6945
    endloop
  endfacet
  facet normal 1 0 -0
    outer loop
      vertex 113 -7.47785 41.3427
      vertex 113 -6 44
      vertex 113 -8.23553 41.9645
    endloop
  endfacet
  facet normal 1 0 -0
    outer loop
      vertex 113 -6.61342 40.8806
      vertex 113 -6 44
      vertex 113 -7.47785 41.3427
    endloop
  endfacet
  facet normal 1 -0 0
    outer loop
      vertex 113 -9.3194 47.4134
      vertex 113 -6 44
      vertex 113 -8.85735 48.2779
    endloop
  endfacet
  facet normal 1 0 0
    outer loop
      vertex 113 -6 44
      vertex 113 -8.85735 42.7221
      vertex 113 -8.23553 41.9645
    endloop
  endfacet
  facet normal 1 -0 0
    outer loop
      vertex 113 -9.60393 46.4755
      vertex 113 -6 44
      vertex 113 -9.3194 47.4134
    endloop
  endfacet
  facet normal 1 0 0
    outer loop
      vertex 113 -6 44
      vertex 113 -9.3194 43.5866
      vertex 113 -8.85735 42.7221
    endloop
  endfacet
  facet normal 1 -0 0
    outer loop
      vertex 113 -9.7 45.5
      vertex 113 -6 44
      vertex 113 -9.60393 46.4755
    endloop
  endfacet
  facet normal 1 0 0
    outer loop
      vertex 113 -6 44
      vertex 113 -9.60393 44.5245
      vertex 113 -9.3194 43.5866
    endloop
  endfacet
  facet normal 1 0 0
    outer loop
      vertex 113 -6 44
      vertex 113 -9.7 45.5
      vertex 113 -9.60393 44.5245
    endloop
  endfacet
  facet normal 0 -0.634386 0.773016
    outer loop
      vertex 95 -7.47785 49.6573
      vertex 113 -8.23553 49.0355
      vertex 113 -7.47785 49.6573
    endloop
  endfacet
  facet normal 0 -0.634386 0.773016
    outer loop
      vertex 113 -8.23553 49.0355
      vertex 95 -7.47785 49.6573
      vertex 95 -8.23553 49.0355
    endloop
  endfacet
  facet normal 0 -0.471438 0.881899
    outer loop
      vertex 95 -6.61342 50.1194
      vertex 113 -7.47785 49.6573
      vertex 113 -6.61342 50.1194
    endloop
  endfacet
  facet normal 0 -0.471438 0.881899
    outer loop
      vertex 113 -7.47785 49.6573
      vertex 95 -6.61342 50.1194
      vertex 95 -7.47785 49.6573
    endloop
  endfacet
  facet normal 0 -0.471438 -0.881899
    outer loop
      vertex 95 -7.47785 41.3427
      vertex 113 -6.61342 40.8806
      vertex 113 -7.47785 41.3427
    endloop
  endfacet
  facet normal -0 -0.471438 -0.881899
    outer loop
      vertex 113 -6.61342 40.8806
      vertex 95 -7.47785 41.3427
      vertex 95 -6.61342 40.8806
    endloop
  endfacet
  facet normal 0 0.956935 0.290303
    outer loop
      vertex 113 0.203926 46.4755
      vertex 95 -0.0806028 47.4134
      vertex 113 -0.0806028 47.4134
    endloop
  endfacet
  facet normal 0 0.956935 0.290303
    outer loop
      vertex 95 -0.0806028 47.4134
      vertex 113 0.203926 46.4755
      vertex 95 0.203926 46.4755
    endloop
  endfacet
  facet normal 0 -0.956934 -0.290304
    outer loop
      vertex 95 -9.3194 43.5866
      vertex 113 -9.60393 44.5245
      vertex 95 -9.60393 44.5245
    endloop
  endfacet
  facet normal 0 -0.956934 -0.290304
    outer loop
      vertex 113 -9.60393 44.5245
      vertex 95 -9.3194 43.5866
      vertex 113 -9.3194 43.5866
    endloop
  endfacet
  facet normal 0 0.995185 0.0980127
    outer loop
      vertex 113 0.3 45.5
      vertex 95 0.203926 46.4755
      vertex 113 0.203926 46.4755
    endloop
  endfacet
  facet normal 0 0.995185 0.0980127
    outer loop
      vertex 95 0.203926 46.4755
      vertex 113 0.3 45.5
      vertex 95 0.3 45.5
    endloop
  endfacet
  facet normal 0 -0.772974 -0.634438
    outer loop
      vertex 95 -8.23553 41.9645
      vertex 113 -8.85735 42.7221
      vertex 95 -8.85735 42.7221
    endloop
  endfacet
  facet normal 0 -0.772974 -0.634438
    outer loop
      vertex 113 -8.85735 42.7221
      vertex 95 -8.23553 41.9645
      vertex 113 -8.23553 41.9645
    endloop
  endfacet
  facet normal 0 -0.098044 0.995182
    outer loop
      vertex 95 -4.7 50.5
      vertex 113 -5.67545 50.4039
      vertex 113 -4.7 50.5
    endloop
  endfacet
  facet normal 0 -0.098044 0.995182
    outer loop
      vertex 113 -5.67545 50.4039
      vertex 95 -4.7 50.5
      vertex 95 -5.67545 50.4039
    endloop
  endfacet
  facet normal 0 -0.881936 -0.471369
    outer loop
      vertex 95 -8.85735 42.7221
      vertex 113 -9.3194 43.5866
      vertex 95 -9.3194 43.5866
    endloop
  endfacet
  facet normal 0 -0.881936 -0.471369
    outer loop
      vertex 113 -9.3194 43.5866
      vertex 95 -8.85735 42.7221
      vertex 113 -8.85735 42.7221
    endloop
  endfacet
  facet normal 0 -0.772974 0.634438
    outer loop
      vertex 95 -8.85735 48.2779
      vertex 113 -8.23553 49.0355
      vertex 95 -8.23553 49.0355
    endloop
  endfacet
  facet normal 0 -0.772974 0.634438
    outer loop
      vertex 113 -8.23553 49.0355
      vertex 95 -8.85735 48.2779
      vertex 113 -8.85735 48.2779
    endloop
  endfacet
  facet normal 0 -0.634386 -0.773016
    outer loop
      vertex 95 -8.23553 41.9645
      vertex 113 -7.47785 41.3427
      vertex 113 -8.23553 41.9645
    endloop
  endfacet
  facet normal -0 -0.634386 -0.773016
    outer loop
      vertex 113 -7.47785 41.3427
      vertex 95 -8.23553 41.9645
      vertex 95 -7.47785 41.3427
    endloop
  endfacet
  facet normal 0 -0.290257 0.956949
    outer loop
      vertex 95 -5.67545 50.4039
      vertex 113 -6.61342 50.1194
      vertex 113 -5.67545 50.4039
    endloop
  endfacet
  facet normal 0 -0.290257 0.956949
    outer loop
      vertex 113 -6.61342 50.1194
      vertex 95 -5.67545 50.4039
      vertex 95 -6.61342 50.1194
    endloop
  endfacet
  facet normal -0 0.098044 0.995182
    outer loop
      vertex 95 -3.72455 50.4039
      vertex 113 -4.7 50.5
      vertex 113 -3.72455 50.4039
    endloop
  endfacet
  facet normal 0 0.098044 0.995182
    outer loop
      vertex 113 -4.7 50.5
      vertex 95 -3.72455 50.4039
      vertex 95 -4.7 50.5
    endloop
  endfacet
  facet normal 0 0.881936 0.471368
    outer loop
      vertex 113 -0.0806028 47.4134
      vertex 95 -0.542652 48.2779
      vertex 113 -0.542652 48.2779
    endloop
  endfacet
  facet normal 0 0.881936 0.471368
    outer loop
      vertex 95 -0.542652 48.2779
      vertex 113 -0.0806028 47.4134
      vertex 95 -0.0806028 47.4134
    endloop
  endfacet
  facet normal 0 0.956933 -0.29031
    outer loop
      vertex 113 0.0448058 44
      vertex 95 0.203926 44.5245
      vertex 113 0.203926 44.5245
    endloop
  endfacet
  facet normal 0 0.956933 -0.29031
    outer loop
      vertex 95 0.203926 44.5245
      vertex 113 0.0448058 44
      vertex 95 0.0448058 44
    endloop
  endfacet
  facet normal -0 0.290257 0.956949
    outer loop
      vertex 95 -2.78658 50.1194
      vertex 113 -3.72455 50.4039
      vertex 113 -2.78658 50.1194
    endloop
  endfacet
  facet normal 0 0.290257 0.956949
    outer loop
      vertex 113 -3.72455 50.4039
      vertex 95 -2.78658 50.1194
      vertex 95 -3.72455 50.4039
    endloop
  endfacet
  facet normal 0 -0.995186 -0.0980087
    outer loop
      vertex 95 -9.60393 44.5245
      vertex 113 -9.7 45.5
      vertex 95 -9.7 45.5
    endloop
  endfacet
  facet normal 0 -0.995186 -0.0980087
    outer loop
      vertex 113 -9.7 45.5
      vertex 95 -9.60393 44.5245
      vertex 113 -9.60393 44.5245
    endloop
  endfacet
  facet normal -1 0 0
    outer loop
      vertex 95 -6.61342 40.8806
      vertex 95 -6 43.7482
      vertex 95 -6 40.6945
    endloop
  endfacet
  facet normal -1 0 0
    outer loop
      vertex 95 -7.47785 41.3427
      vertex 95 -6 43.7482
      vertex 95 -6.61342 40.8806
    endloop
  endfacet
  facet normal -1 -0 0
    outer loop
      vertex 95 -6 43.7482
      vertex 95 -7.47785 41.3427
      vertex 95 -6.25563 43.9444
    endloop
  endfacet
  facet normal -1 0 0
    outer loop
      vertex 95 -8.23553 41.9645
      vertex 95 -6.25563 43.9444
      vertex 95 -7.47785 41.3427
    endloop
  endfacet
  facet normal -1 0 0
    outer loop
      vertex 95 -8.85735 42.7221
      vertex 95 -6.25563 43.9444
      vertex 95 -8.23553 41.9645
    endloop
  endfacet
  facet normal -1 -0 0
    outer loop
      vertex 95 -6.25563 43.9444
      vertex 95 -8.85735 42.7221
      vertex 95 -6.60526 44.4
    endloop
  endfacet
  facet normal -1 0 0
    outer loop
      vertex 95 -2.5 45.5
      vertex 95 0.3 45.5
      vertex 95 0.203926 44.5245
    endloop
  endfacet
  facet normal -1 0 0
    outer loop
      vertex 95 -2.57496 44.9306
      vertex 95 0.203926 44.5245
      vertex 95 0.0448058 44
    endloop
  endfacet
  facet normal -1 0 0
    outer loop
      vertex 95 0.3 45.5
      vertex 95 -2.5 45.5
      vertex 95 0.203926 46.4755
    endloop
  endfacet
  facet normal -1 0 0
    outer loop
      vertex 95 -2.57496 46.0694
      vertex 95 0.203926 46.4755
      vertex 95 -2.5 45.5
    endloop
  endfacet
  facet normal -1 0 0
    outer loop
      vertex 95 -2.79474 46.6
      vertex 95 -0.0806028 47.4134
      vertex 95 -2.57496 46.0694
    endloop
  endfacet
  facet normal -1 -0 0
    outer loop
      vertex 95 -0.0806028 47.4134
      vertex 95 -2.79474 46.6
      vertex 95 -0.542652 48.2779
    endloop
  endfacet
  facet normal -1 -0 0
    outer loop
      vertex 95 0.203926 46.4755
      vertex 95 -2.57496 46.0694
      vertex 95 -0.0806028 47.4134
    endloop
  endfacet
  facet normal -1 0 0
    outer loop
      vertex 95 0.203926 44.5245
      vertex 95 -2.57496 44.9306
      vertex 95 -2.5 45.5
    endloop
  endfacet
  facet normal -1 0 0
    outer loop
      vertex 95 0.0448058 44
      vertex 95 -2.79474 44.4
      vertex 95 -2.57496 44.9306
    endloop
  endfacet
  facet normal -1 0 -0
    outer loop
      vertex 95 -2.79474 44.4
      vertex 95 0.0448058 44
      vertex 95 -3.10168 44
    endloop
  endfacet
  facet normal -1 0 0
    outer loop
      vertex 95 -3.14437 47.0556
      vertex 95 -0.542652 48.2779
      vertex 95 -2.79474 46.6
    endloop
  endfacet
  facet normal -1 -0 0
    outer loop
      vertex 95 -0.542652 48.2779
      vertex 95 -3.14437 47.0556
      vertex 95 -1.16447 49.0355
    endloop
  endfacet
  facet normal -1 -0 0
    outer loop
      vertex 95 -1.16447 49.0355
      vertex 95 -3.14437 47.0556
      vertex 95 -1.92215 49.6573
    endloop
  endfacet
  facet normal -1 0 0
    outer loop
      vertex 95 -3.6 47.4053
      vertex 95 -1.92215 49.6573
      vertex 95 -3.14437 47.0556
    endloop
  endfacet
  facet normal -1 -0 0
    outer loop
      vertex 95 -1.92215 49.6573
      vertex 95 -3.6 47.4053
      vertex 95 -2.78658 50.1194
    endloop
  endfacet
  facet normal -1 0 0
    outer loop
      vertex 95 -4.1306 47.625
      vertex 95 -2.78658 50.1194
      vertex 95 -3.6 47.4053
    endloop
  endfacet
  facet normal -1 -0 0
    outer loop
      vertex 95 -2.78658 50.1194
      vertex 95 -4.1306 47.625
      vertex 95 -3.72455 50.4039
    endloop
  endfacet
  facet normal -1 0 0
    outer loop
      vertex 95 -4.7 47.7
      vertex 95 -3.72455 50.4039
      vertex 95 -4.1306 47.625
    endloop
  endfacet
  facet normal -1 0 0
    outer loop
      vertex 95 -4.7 47.7
      vertex 95 -4.7 50.5
      vertex 95 -3.72455 50.4039
    endloop
  endfacet
  facet normal -1 0 0
    outer loop
      vertex 95 -5.67545 50.4039
      vertex 95 -4.7 47.7
      vertex 95 -5.2694 47.625
    endloop
  endfacet
  facet normal -1 0 0
    outer loop
      vertex 95 -4.7 47.7
      vertex 95 -5.67545 50.4039
      vertex 95 -4.7 50.5
    endloop
  endfacet
  facet normal -1 0 0
    outer loop
      vertex 95 -6.61342 50.1194
      vertex 95 -5.2694 47.625
      vertex 95 -5.8 47.4053
    endloop
  endfacet
  facet normal -1 0 0
    outer loop
      vertex 95 -7.47785 49.6573
      vertex 95 -5.8 47.4053
      vertex 95 -6.25563 47.0556
    endloop
  endfacet
  facet normal -1 0 0
    outer loop
      vertex 95 -8.85735 48.2779
      vertex 95 -6.25563 47.0556
      vertex 95 -6.60526 46.6
    endloop
  endfacet
  facet normal -1 0 0
    outer loop
      vertex 95 -5.2694 47.625
      vertex 95 -6.61342 50.1194
      vertex 95 -5.67545 50.4039
    endloop
  endfacet
  facet normal -1 0 0
    outer loop
      vertex 95 -9.3194 47.4134
      vertex 95 -6.60526 46.6
      vertex 95 -6.82504 46.0694
    endloop
  endfacet
  facet normal -1 0 0
    outer loop
      vertex 95 -9.60393 46.4755
      vertex 95 -6.82504 46.0694
      vertex 95 -6.9 45.5
    endloop
  endfacet
  facet normal -1 0 0
    outer loop
      vertex 95 -9.3194 43.5866
      vertex 95 -6.60526 44.4
      vertex 95 -8.85735 42.7221
    endloop
  endfacet
  facet normal -1 0 0
    outer loop
      vertex 95 -5.8 47.4053
      vertex 95 -7.47785 49.6573
      vertex 95 -6.61342 50.1194
    endloop
  endfacet
  facet normal -1 -0 0
    outer loop
      vertex 95 -6.60526 44.4
      vertex 95 -9.3194 43.5866
      vertex 95 -6.82504 44.9306
    endloop
  endfacet
  facet normal -1 0 0
    outer loop
      vertex 95 -6.25563 47.0556
      vertex 95 -8.23553 49.0355
      vertex 95 -7.47785 49.6573
    endloop
  endfacet
  facet normal -1 0 0
    outer loop
      vertex 95 -9.60393 44.5245
      vertex 95 -6.82504 44.9306
      vertex 95 -9.3194 43.5866
    endloop
  endfacet
  facet normal -1 0 0
    outer loop
      vertex 95 -6.25563 47.0556
      vertex 95 -8.85735 48.2779
      vertex 95 -8.23553 49.0355
    endloop
  endfacet
  facet normal -1 -0 0
    outer loop
      vertex 95 -6.82504 44.9306
      vertex 95 -9.60393 44.5245
      vertex 95 -6.9 45.5
    endloop
  endfacet
  facet normal -1 0 0
    outer loop
      vertex 95 -6.60526 46.6
      vertex 95 -9.3194 47.4134
      vertex 95 -8.85735 48.2779
    endloop
  endfacet
  facet normal -1 0 0
    outer loop
      vertex 95 -9.7 45.5
      vertex 95 -6.9 45.5
      vertex 95 -9.60393 44.5245
    endloop
  endfacet
  facet normal -1 0 0
    outer loop
      vertex 95 -6.82504 46.0694
      vertex 95 -9.60393 46.4755
      vertex 95 -9.3194 47.4134
    endloop
  endfacet
  facet normal -1 0 0
    outer loop
      vertex 95 -6.9 45.5
      vertex 95 -9.7 45.5
      vertex 95 -9.60393 46.4755
    endloop
  endfacet
  facet normal -0 0.471438 0.881899
    outer loop
      vertex 95 -1.92215 49.6573
      vertex 113 -2.78658 50.1194
      vertex 113 -1.92215 49.6573
    endloop
  endfacet
  facet normal 0 0.471438 0.881899
    outer loop
      vertex 113 -2.78658 50.1194
      vertex 95 -1.92215 49.6573
      vertex 95 -2.78658 50.1194
    endloop
  endfacet
  facet normal 0 -0.290315 -0.956931
    outer loop
      vertex 95 -6.61342 40.8806
      vertex 113 -6 40.6945
      vertex 113 -6.61342 40.8806
    endloop
  endfacet
  facet normal -0 -0.290315 -0.956931
    outer loop
      vertex 113 -6 40.6945
      vertex 95 -6.61342 40.8806
      vertex 95 -6 40.6945
    endloop
  endfacet
  facet normal 0 -0.956934 0.290304
    outer loop
      vertex 95 -9.60393 46.4755
      vertex 113 -9.3194 47.4134
      vertex 95 -9.3194 47.4134
    endloop
  endfacet
  facet normal 0 -0.956934 0.290304
    outer loop
      vertex 113 -9.3194 47.4134
      vertex 95 -9.60393 46.4755
      vertex 113 -9.60393 46.4755
    endloop
  endfacet
  facet normal 0 -0.995186 0.0980087
    outer loop
      vertex 95 -9.7 45.5
      vertex 113 -9.60393 46.4755
      vertex 95 -9.60393 46.4755
    endloop
  endfacet
  facet normal 0 -0.995186 0.0980087
    outer loop
      vertex 113 -9.60393 46.4755
      vertex 95 -9.7 45.5
      vertex 113 -9.7 45.5
    endloop
  endfacet
  facet normal 0 -0.13059 -0.991437
    outer loop
      vertex 95 -4.7 47.7
      vertex 105 -4.1306 47.625
      vertex 105 -4.7 47.7
    endloop
  endfacet
  facet normal -0 -0.13059 -0.991437
    outer loop
      vertex 105 -4.1306 47.625
      vertex 95 -4.7 47.7
      vertex 95 -4.1306 47.625
    endloop
  endfacet
  facet normal 0 0.991446 0.130521
    outer loop
      vertex 105 -6.82504 44.9306
      vertex 95 -6.9 45.5
      vertex 105 -6.9 45.5
    endloop
  endfacet
  facet normal 0 0.991446 0.130521
    outer loop
      vertex 95 -6.9 45.5
      vertex 105 -6.82504 44.9306
      vertex 95 -6.82504 44.9306
    endloop
  endfacet
  facet normal 0 -0.382562 -0.92393
    outer loop
      vertex 95 -4.1306 47.625
      vertex 105 -3.6 47.4053
      vertex 105 -4.1306 47.625
    endloop
  endfacet
  facet normal -0 -0.382562 -0.92393
    outer loop
      vertex 105 -3.6 47.4053
      vertex 95 -4.1306 47.625
      vertex 95 -3.6 47.4053
    endloop
  endfacet
  facet normal 0 -0.923881 0.382681
    outer loop
      vertex 95 -2.79474 44.4
      vertex 105 -2.57496 44.9306
      vertex 95 -2.57496 44.9306
    endloop
  endfacet
  facet normal 0 -0.923881 0.382681
    outer loop
      vertex 105 -2.57496 44.9306
      vertex 95 -2.79474 44.4
      vertex 105 -2.79474 44.4
    endloop
  endfacet
  facet normal 0 0.793323 0.608801
    outer loop
      vertex 105 -6.25563 43.9444
      vertex 95 -6.60526 44.4
      vertex 105 -6.60526 44.4
    endloop
  endfacet
  facet normal 0 0.793323 0.608801
    outer loop
      vertex 95 -6.60526 44.4
      vertex 105 -6.25563 43.9444
      vertex 95 -6.25563 43.9444
    endloop
  endfacet
  facet normal 0 -0.991446 0.130521
    outer loop
      vertex 95 -2.57496 44.9306
      vertex 105 -2.5 45.5
      vertex 95 -2.5 45.5
    endloop
  endfacet
  facet normal 0 -0.991446 0.130521
    outer loop
      vertex 105 -2.5 45.5
      vertex 95 -2.57496 44.9306
      vertex 105 -2.57496 44.9306
    endloop
  endfacet
  facet normal 0 0.382562 -0.92393
    outer loop
      vertex 95 -5.8 47.4053
      vertex 105 -5.2694 47.625
      vertex 105 -5.8 47.4053
    endloop
  endfacet
  facet normal 0 0.382562 -0.92393
    outer loop
      vertex 105 -5.2694 47.625
      vertex 95 -5.8 47.4053
      vertex 95 -5.2694 47.625
    endloop
  endfacet
  facet normal -1 0 0
    outer loop
      vertex 105 -6 43.7482
      vertex 105 -6.25563 43.9444
      vertex 105 -6 44
    endloop
  endfacet
  facet normal -1 0 0
    outer loop
      vertex 105 -6 44
      vertex 105 -2.5 45.5
      vertex 105 -2.57496 44.9306
    endloop
  endfacet
  facet normal -1 0 0
    outer loop
      vertex 105 -6 44
      vertex 105 -2.57496 44.9306
      vertex 105 -2.79474 44.4
    endloop
  endfacet
  facet normal -1 -0 0
    outer loop
      vertex 105 -2.5 45.5
      vertex 105 -6 44
      vertex 105 -2.57496 46.0694
    endloop
  endfacet
  facet normal -1 0 0
    outer loop
      vertex 105 -6 44
      vertex 105 -2.79474 44.4
      vertex 105 -3.10168 44
    endloop
  endfacet
  facet normal -1 -0 0
    outer loop
      vertex 105 -2.57496 46.0694
      vertex 105 -6 44
      vertex 105 -2.79474 46.6
    endloop
  endfacet
  facet normal -1 -0 0
    outer loop
      vertex 105 -2.79474 46.6
      vertex 105 -6 44
      vertex 105 -3.14437 47.0556
    endloop
  endfacet
  facet normal -1 -0 0
    outer loop
      vertex 105 -3.14437 47.0556
      vertex 105 -6 44
      vertex 105 -3.6 47.4053
    endloop
  endfacet
  facet normal -1 -0 0
    outer loop
      vertex 105 -3.6 47.4053
      vertex 105 -6 44
      vertex 105 -4.1306 47.625
    endloop
  endfacet
  facet normal -1 -0 0
    outer loop
      vertex 105 -4.1306 47.625
      vertex 105 -6 44
      vertex 105 -4.7 47.7
    endloop
  endfacet
  facet normal -1 0 0
    outer loop
      vertex 105 -4.7 47.7
      vertex 105 -6 44
      vertex 105 -5.2694 47.625
    endloop
  endfacet
  facet normal -1 0 0
    outer loop
      vertex 105 -5.2694 47.625
      vertex 105 -6 44
      vertex 105 -5.8 47.4053
    endloop
  endfacet
  facet normal -1 0 0
    outer loop
      vertex 105 -6.60526 44.4
      vertex 105 -6 44
      vertex 105 -6.25563 43.9444
    endloop
  endfacet
  facet normal -1 0 0
    outer loop
      vertex 105 -6 44
      vertex 105 -6.25563 47.0556
      vertex 105 -5.8 47.4053
    endloop
  endfacet
  facet normal -1 0 0
    outer loop
      vertex 105 -6.82504 44.9306
      vertex 105 -6 44
      vertex 105 -6.60526 44.4
    endloop
  endfacet
  facet normal -1 0 0
    outer loop
      vertex 105 -6 44
      vertex 105 -6.60526 46.6
      vertex 105 -6.25563 47.0556
    endloop
  endfacet
  facet normal -1 0 0
    outer loop
      vertex 105 -6.9 45.5
      vertex 105 -6 44
      vertex 105 -6.82504 44.9306
    endloop
  endfacet
  facet normal -1 0 0
    outer loop
      vertex 105 -6 44
      vertex 105 -6.82504 46.0694
      vertex 105 -6.60526 46.6
    endloop
  endfacet
  facet normal -1 0 0
    outer loop
      vertex 105 -6 44
      vertex 105 -6.9 45.5
      vertex 105 -6.82504 46.0694
    endloop
  endfacet
  facet normal 0 0.608852 -0.793284
    outer loop
      vertex 95 -6.25563 47.0556
      vertex 105 -5.8 47.4053
      vertex 105 -6.25563 47.0556
    endloop
  endfacet
  facet normal 0 0.608852 -0.793284
    outer loop
      vertex 105 -5.8 47.4053
      vertex 95 -6.25563 47.0556
      vertex 95 -5.8 47.4053
    endloop
  endfacet
  facet normal 0 -0.923881 -0.382681
    outer loop
      vertex 95 -2.57496 46.0694
      vertex 105 -2.79474 46.6
      vertex 95 -2.79474 46.6
    endloop
  endfacet
  facet normal 0 -0.923881 -0.382681
    outer loop
      vertex 105 -2.79474 46.6
      vertex 95 -2.57496 46.0694
      vertex 105 -2.57496 46.0694
    endloop
  endfacet
  facet normal 0 -0.991446 -0.130521
    outer loop
      vertex 95 -2.5 45.5
      vertex 105 -2.57496 46.0694
      vertex 95 -2.57496 46.0694
    endloop
  endfacet
  facet normal 0 -0.991446 -0.130521
    outer loop
      vertex 105 -2.57496 46.0694
      vertex 95 -2.5 45.5
      vertex 105 -2.5 45.5
    endloop
  endfacet
  facet normal 0 0.793323 -0.608801
    outer loop
      vertex 105 -6.60526 46.6
      vertex 95 -6.25563 47.0556
      vertex 105 -6.25563 47.0556
    endloop
  endfacet
  facet normal 0 0.793323 -0.608801
    outer loop
      vertex 95 -6.25563 47.0556
      vertex 105 -6.60526 46.6
      vertex 95 -6.60526 46.6
    endloop
  endfacet
  facet normal 0 -0.793323 -0.608801
    outer loop
      vertex 95 -2.79474 46.6
      vertex 105 -3.14437 47.0556
      vertex 95 -3.14437 47.0556
    endloop
  endfacet
  facet normal 0 -0.793323 -0.608801
    outer loop
      vertex 105 -3.14437 47.0556
      vertex 95 -2.79474 46.6
      vertex 105 -2.79474 46.6
    endloop
  endfacet
  facet normal -0 0.608856 0.793281
    outer loop
      vertex 95 -6 43.7482
      vertex 105 -6.25563 43.9444
      vertex 105 -6 43.7482
    endloop
  endfacet
  facet normal 0 0.608856 0.793281
    outer loop
      vertex 105 -6.25563 43.9444
      vertex 95 -6 43.7482
      vertex 95 -6.25563 43.9444
    endloop
  endfacet
  facet normal 0 -0.793345 0.608773
    outer loop
      vertex 95 -3.10168 44
      vertex 105 -2.79474 44.4
      vertex 95 -2.79474 44.4
    endloop
  endfacet
  facet normal 0 -0.793345 0.608773
    outer loop
      vertex 105 -2.79474 44.4
      vertex 95 -3.10168 44
      vertex 105 -3.10168 44
    endloop
  endfacet
  facet normal 0 0.13059 -0.991437
    outer loop
      vertex 95 -5.2694 47.625
      vertex 105 -4.7 47.7
      vertex 105 -5.2694 47.625
    endloop
  endfacet
  facet normal 0 0.13059 -0.991437
    outer loop
      vertex 105 -4.7 47.7
      vertex 95 -5.2694 47.625
      vertex 95 -4.7 47.7
    endloop
  endfacet
  facet normal 0 0.923881 0.382681
    outer loop
      vertex 105 -6.60526 44.4
      vertex 95 -6.82504 44.9306
      vertex 105 -6.82504 44.9306
    endloop
  endfacet
  facet normal 0 0.923881 0.382681
    outer loop
      vertex 95 -6.82504 44.9306
      vertex 105 -6.60526 44.4
      vertex 95 -6.60526 44.4
    endloop
  endfacet
  facet normal 0 0.923881 -0.382681
    outer loop
      vertex 105 -6.82504 46.0694
      vertex 95 -6.60526 46.6
      vertex 105 -6.60526 46.6
    endloop
  endfacet
  facet normal 0 0.923881 -0.382681
    outer loop
      vertex 95 -6.60526 46.6
      vertex 105 -6.82504 46.0694
      vertex 95 -6.82504 46.0694
    endloop
  endfacet
  facet normal 0 0.991446 -0.130521
    outer loop
      vertex 105 -6.9 45.5
      vertex 95 -6.82504 46.0694
      vertex 105 -6.82504 46.0694
    endloop
  endfacet
  facet normal 0 0.991446 -0.130521
    outer loop
      vertex 95 -6.82504 46.0694
      vertex 105 -6.9 45.5
      vertex 95 -6.9 45.5
    endloop
  endfacet
  facet normal 0 -0.608852 -0.793284
    outer loop
      vertex 95 -3.6 47.4053
      vertex 105 -3.14437 47.0556
      vertex 105 -3.6 47.4053
    endloop
  endfacet
  facet normal -0 -0.608852 -0.793284
    outer loop
      vertex 105 -3.14437 47.0556
      vertex 95 -3.6 47.4053
      vertex 95 -3.14437 47.0556
    endloop
  endfacet
  facet normal 0 0.995193 -0.097938
    outer loop
      vertex 25 129.604 44.5245
      vertex 7 129.7 45.5
      vertex 25 129.7 45.5
    endloop
  endfacet
  facet normal 0 0.995193 -0.097938
    outer loop
      vertex 7 129.7 45.5
      vertex 25 129.604 44.5245
      vertex 7 129.604 44.5245
    endloop
  endfacet
  facet normal 0 0.471197 -0.882028
    outer loop
      vertex 7 126.613 40.8806
      vertex 25 127.478 41.3427
      vertex 25 126.613 40.8806
    endloop
  endfacet
  facet normal 0 0.471197 -0.882028
    outer loop
      vertex 25 127.478 41.3427
      vertex 7 126.613 40.8806
      vertex 7 127.478 41.3427
    endloop
  endfacet
  facet normal 0 0.881957 -0.471329
    outer loop
      vertex 25 128.857 42.7221
      vertex 7 129.319 43.5866
      vertex 25 129.319 43.5866
    endloop
  endfacet
  facet normal 0 0.881957 -0.471329
    outer loop
      vertex 7 129.319 43.5866
      vertex 25 128.857 42.7221
      vertex 7 128.857 42.7221
    endloop
  endfacet
  facet normal 0 0.773384 0.633938
    outer loop
      vertex 25 128.857 48.2779
      vertex 7 128.236 49.0355
      vertex 25 128.236 49.0355
    endloop
  endfacet
  facet normal 0 0.773384 0.633938
    outer loop
      vertex 7 128.236 49.0355
      vertex 25 128.857 48.2779
      vertex 7 128.857 48.2779
    endloop
  endfacet
  facet normal 0 0.634226 -0.773148
    outer loop
      vertex 7 127.478 41.3427
      vertex 25 128.236 41.9645
      vertex 25 127.478 41.3427
    endloop
  endfacet
  facet normal 0 0.634226 -0.773148
    outer loop
      vertex 25 128.236 41.9645
      vertex 7 127.478 41.3427
      vertex 7 128.236 41.9645
    endloop
  endfacet
  facet normal 0 -0.881957 0.471329
    outer loop
      vertex 7 120.081 47.4134
      vertex 25 120.543 48.2779
      vertex 7 120.543 48.2779
    endloop
  endfacet
  facet normal 0 -0.881957 0.471329
    outer loop
      vertex 25 120.543 48.2779
      vertex 7 120.081 47.4134
      vertex 25 120.081 47.4134
    endloop
  endfacet
  facet normal -0 0.634226 0.773148
    outer loop
      vertex 7 128.236 49.0355
      vertex 25 127.478 49.6573
      vertex 25 128.236 49.0355
    endloop
  endfacet
  facet normal 0 0.634226 0.773148
    outer loop
      vertex 25 127.478 49.6573
      vertex 7 128.236 49.0355
      vertex 7 127.478 49.6573
    endloop
  endfacet
  facet normal 1 0 0
    outer loop
      vertex 25 126 44
      vertex 25 129.7 45.5
      vertex 25 129.604 46.4755
    endloop
  endfacet
  facet normal 1 0 0
    outer loop
      vertex 25 126 44
      vertex 25 129.604 46.4755
      vertex 25 129.319 47.4134
    endloop
  endfacet
  facet normal 1 0 0
    outer loop
      vertex 25 129.7 45.5
      vertex 25 126 44
      vertex 25 129.604 44.5245
    endloop
  endfacet
  facet normal 1 0 0
    outer loop
      vertex 25 126 44
      vertex 25 129.319 47.4134
      vertex 25 128.857 48.2779
    endloop
  endfacet
  facet normal 1 0 0
    outer loop
      vertex 25 129.604 44.5245
      vertex 25 126 44
      vertex 25 129.319 43.5866
    endloop
  endfacet
  facet normal 1 0 0
    outer loop
      vertex 25 126 44
      vertex 25 128.857 48.2779
      vertex 25 128.236 49.0355
    endloop
  endfacet
  facet normal 1 0 0
    outer loop
      vertex 25 129.319 43.5866
      vertex 25 126 44
      vertex 25 128.857 42.7221
    endloop
  endfacet
  facet normal 1 0 0
    outer loop
      vertex 25 126 44
      vertex 25 128.236 49.0355
      vertex 25 127.478 49.6573
    endloop
  endfacet
  facet normal 1 0 0
    outer loop
      vertex 25 128.857 42.7221
      vertex 25 126 44
      vertex 25 128.236 41.9645
    endloop
  endfacet
  facet normal 1 0 0
    outer loop
      vertex 25 126 44
      vertex 25 127.478 49.6573
      vertex 25 126.613 50.1194
    endloop
  endfacet
  facet normal 1 0 0
    outer loop
      vertex 25 128.236 41.9645
      vertex 25 126 44
      vertex 25 127.478 41.3427
    endloop
  endfacet
  facet normal 1 0 0
    outer loop
      vertex 25 127.478 41.3427
      vertex 25 126 44
      vertex 25 126.613 40.8806
    endloop
  endfacet
  facet normal 1 0 0
    outer loop
      vertex 25 125.675 50.4039
      vertex 25 126 44
      vertex 25 126.613 50.1194
    endloop
  endfacet
  facet normal 1 0 0
    outer loop
      vertex 25 124.7 50.5
      vertex 25 126 44
      vertex 25 125.675 50.4039
    endloop
  endfacet
  facet normal 1 -0 0
    outer loop
      vertex 25 123.725 50.4039
      vertex 25 126 44
      vertex 25 124.7 50.5
    endloop
  endfacet
  facet normal 1 -0 0
    outer loop
      vertex 25 122.787 50.1194
      vertex 25 126 44
      vertex 25 123.725 50.4039
    endloop
  endfacet
  facet normal 1 -0 0
    outer loop
      vertex 25 121.922 49.6573
      vertex 25 126 44
      vertex 25 122.787 50.1194
    endloop
  endfacet
  facet normal 1 -0 0
    outer loop
      vertex 25 121.164 49.0355
      vertex 25 126 44
      vertex 25 121.922 49.6573
    endloop
  endfacet
  facet normal 1 -0 0
    outer loop
      vertex 25 120.543 48.2779
      vertex 25 126 44
      vertex 25 121.164 49.0355
    endloop
  endfacet
  facet normal 1 -0 0
    outer loop
      vertex 25 120.081 47.4134
      vertex 25 126 44
      vertex 25 120.543 48.2779
    endloop
  endfacet
  facet normal 1 -0 0
    outer loop
      vertex 25 119.796 46.4755
      vertex 25 126 44
      vertex 25 120.081 47.4134
    endloop
  endfacet
  facet normal 1 -0 0
    outer loop
      vertex 25 119.7 45.5
      vertex 25 126 44
      vertex 25 119.796 46.4755
    endloop
  endfacet
  facet normal 1 -0 -0
    outer loop
      vertex 25 119.796 44.5245
      vertex 25 126 44
      vertex 25 119.7 45.5
    endloop
  endfacet
  facet normal 1 0 0
    outer loop
      vertex 25 126 44
      vertex 25 119.796 44.5245
      vertex 25 119.955 44
    endloop
  endfacet
  facet normal 1 0 0
    outer loop
      vertex 25 126.613 40.8806
      vertex 25 126 44
      vertex 25 126 40.6945
    endloop
  endfacet
  facet normal 0 -0.634226 0.773148
    outer loop
      vertex 7 121.922 49.6573
      vertex 25 121.164 49.0355
      vertex 25 121.922 49.6573
    endloop
  endfacet
  facet normal 0 -0.634226 0.773148
    outer loop
      vertex 25 121.164 49.0355
      vertex 7 121.922 49.6573
      vertex 7 121.164 49.0355
    endloop
  endfacet
  facet normal 0 -0.471197 0.882028
    outer loop
      vertex 7 122.787 50.1194
      vertex 25 121.922 49.6573
      vertex 25 122.787 50.1194
    endloop
  endfacet
  facet normal 0 -0.471197 0.882028
    outer loop
      vertex 25 121.922 49.6573
      vertex 7 122.787 50.1194
      vertex 7 121.922 49.6573
    endloop
  endfacet
  facet normal 0 0.956801 0.290743
    outer loop
      vertex 25 129.604 46.4755
      vertex 7 129.319 47.4134
      vertex 25 129.319 47.4134
    endloop
  endfacet
  facet normal 0 0.956801 0.290743
    outer loop
      vertex 7 129.319 47.4134
      vertex 25 129.604 46.4755
      vertex 7 129.604 46.4755
    endloop
  endfacet
  facet normal 0 -0.956994 -0.290109
    outer loop
      vertex 7 119.955 44
      vertex 25 119.796 44.5245
      vertex 7 119.796 44.5245
    endloop
  endfacet
  facet normal 0 -0.956994 -0.290109
    outer loop
      vertex 25 119.796 44.5245
      vertex 7 119.955 44
      vertex 25 119.955 44
    endloop
  endfacet
  facet normal 0 0.773384 -0.633938
    outer loop
      vertex 25 128.236 41.9645
      vertex 7 128.857 42.7221
      vertex 25 128.857 42.7221
    endloop
  endfacet
  facet normal 0 0.773384 -0.633938
    outer loop
      vertex 7 128.857 42.7221
      vertex 25 128.236 41.9645
      vertex 7 128.236 41.9645
    endloop
  endfacet
  facet normal 0 0.995193 0.097938
    outer loop
      vertex 25 129.7 45.5
      vertex 7 129.604 46.4755
      vertex 25 129.604 46.4755
    endloop
  endfacet
  facet normal 0 0.995193 0.097938
    outer loop
      vertex 7 129.604 46.4755
      vertex 25 129.7 45.5
      vertex 7 129.7 45.5
    endloop
  endfacet
  facet normal 0 -0.0980888 0.995178
    outer loop
      vertex 7 124.7 50.5
      vertex 25 123.725 50.4039
      vertex 25 124.7 50.5
    endloop
  endfacet
  facet normal 0 -0.0980888 0.995178
    outer loop
      vertex 25 123.725 50.4039
      vertex 7 124.7 50.5
      vertex 7 123.725 50.4039
    endloop
  endfacet
  facet normal 0 -0.773384 0.633938
    outer loop
      vertex 7 120.543 48.2779
      vertex 25 121.164 49.0355
      vertex 7 121.164 49.0355
    endloop
  endfacet
  facet normal 0 -0.773384 0.633938
    outer loop
      vertex 25 121.164 49.0355
      vertex 7 120.543 48.2779
      vertex 25 120.543 48.2779
    endloop
  endfacet
  facet normal 0 0.290497 -0.956876
    outer loop
      vertex 7 126 40.6945
      vertex 25 126.613 40.8806
      vertex 25 126 40.6945
    endloop
  endfacet
  facet normal 0 0.290497 -0.956876
    outer loop
      vertex 25 126.613 40.8806
      vertex 7 126 40.6945
      vertex 7 126.613 40.8806
    endloop
  endfacet
  facet normal 0 -0.290248 0.956951
    outer loop
      vertex 7 123.725 50.4039
      vertex 25 122.787 50.1194
      vertex 25 123.725 50.4039
    endloop
  endfacet
  facet normal 0 -0.290248 0.956951
    outer loop
      vertex 25 122.787 50.1194
      vertex 7 123.725 50.4039
      vertex 7 122.787 50.1194
    endloop
  endfacet
  facet normal -0 0.0980888 0.995178
    outer loop
      vertex 7 125.675 50.4039
      vertex 25 124.7 50.5
      vertex 25 125.675 50.4039
    endloop
  endfacet
  facet normal 0 0.0980888 0.995178
    outer loop
      vertex 25 124.7 50.5
      vertex 7 125.675 50.4039
      vertex 7 124.7 50.5
    endloop
  endfacet
  facet normal 0 0.881957 0.471329
    outer loop
      vertex 25 129.319 47.4134
      vertex 7 128.857 48.2779
      vertex 25 128.857 48.2779
    endloop
  endfacet
  facet normal 0 0.881957 0.471329
    outer loop
      vertex 7 128.857 48.2779
      vertex 25 129.319 47.4134
      vertex 7 129.319 47.4134
    endloop
  endfacet
  facet normal 0 0.956801 -0.290743
    outer loop
      vertex 25 129.319 43.5866
      vertex 7 129.604 44.5245
      vertex 25 129.604 44.5245
    endloop
  endfacet
  facet normal 0 0.956801 -0.290743
    outer loop
      vertex 7 129.604 44.5245
      vertex 25 129.319 43.5866
      vertex 7 129.319 43.5866
    endloop
  endfacet
  facet normal -0 0.290248 0.956951
    outer loop
      vertex 7 126.613 50.1194
      vertex 25 125.675 50.4039
      vertex 25 126.613 50.1194
    endloop
  endfacet
  facet normal 0 0.290248 0.956951
    outer loop
      vertex 25 125.675 50.4039
      vertex 7 126.613 50.1194
      vertex 7 125.675 50.4039
    endloop
  endfacet
  facet normal 0 -0.995193 -0.097938
    outer loop
      vertex 7 119.796 44.5245
      vertex 25 119.7 45.5
      vertex 7 119.7 45.5
    endloop
  endfacet
  facet normal 0 -0.995193 -0.097938
    outer loop
      vertex 25 119.7 45.5
      vertex 7 119.796 44.5245
      vertex 25 119.796 44.5245
    endloop
  endfacet
  facet normal -1 0 0
    outer loop
      vertex 7 119.796 44.5245
      vertex 7 122.5 45.5
      vertex 7 122.575 44.9306
    endloop
  endfacet
  facet normal -1 0 0
    outer loop
      vertex 7 122.5 45.5
      vertex 7 121.164 49.0355
      vertex 7 121.922 49.6573
    endloop
  endfacet
  facet normal -1 0 0
    outer loop
      vertex 7 122.5 45.5
      vertex 7 120.543 48.2779
      vertex 7 121.164 49.0355
    endloop
  endfacet
  facet normal -1 0 0
    outer loop
      vertex 7 119.955 44
      vertex 7 122.575 44.9306
      vertex 7 122.795 44.4
    endloop
  endfacet
  facet normal -1 0 0
    outer loop
      vertex 7 122.5 45.5
      vertex 7 120.081 47.4134
      vertex 7 120.543 48.2779
    endloop
  endfacet
  facet normal -1 0 0
    outer loop
      vertex 7 119.955 44
      vertex 7 122.795 44.4
      vertex 7 123.102 44
    endloop
  endfacet
  facet normal -1 0 0
    outer loop
      vertex 7 122.575 44.9306
      vertex 7 119.955 44
      vertex 7 119.796 44.5245
    endloop
  endfacet
  facet normal -1 -0 0
    outer loop
      vertex 7 122.5 45.5
      vertex 7 119.796 44.5245
      vertex 7 119.7 45.5
    endloop
  endfacet
  facet normal -1 0 0
    outer loop
      vertex 7 122.5 45.5
      vertex 7 119.796 46.4755
      vertex 7 120.081 47.4134
    endloop
  endfacet
  facet normal -1 0 0
    outer loop
      vertex 7 122.5 45.5
      vertex 7 119.7 45.5
      vertex 7 119.796 46.4755
    endloop
  endfacet
  facet normal -1 0 0
    outer loop
      vertex 7 126.9 45.5
      vertex 7 129.7 45.5
      vertex 7 129.604 44.5245
    endloop
  endfacet
  facet normal -1 0 0
    outer loop
      vertex 7 126.825 44.9306
      vertex 7 129.604 44.5245
      vertex 7 129.319 43.5866
    endloop
  endfacet
  facet normal -1 0 0
    outer loop
      vertex 7 129.7 45.5
      vertex 7 126.9 45.5
      vertex 7 129.604 46.4755
    endloop
  endfacet
  facet normal -1 0 0
    outer loop
      vertex 7 126.605 44.4
      vertex 7 129.319 43.5866
      vertex 7 128.857 42.7221
    endloop
  endfacet
  facet normal -1 0 0
    outer loop
      vertex 7 126.825 46.0694
      vertex 7 129.604 46.4755
      vertex 7 126.9 45.5
    endloop
  endfacet
  facet normal -1 0 0
    outer loop
      vertex 7 126.256 43.9444
      vertex 7 128.857 42.7221
      vertex 7 128.236 41.9645
    endloop
  endfacet
  facet normal -1 -0 0
    outer loop
      vertex 7 129.604 46.4755
      vertex 7 126.825 46.0694
      vertex 7 129.319 47.4134
    endloop
  endfacet
  facet normal -1 0 0
    outer loop
      vertex 7 126.256 43.9444
      vertex 7 128.236 41.9645
      vertex 7 127.478 41.3427
    endloop
  endfacet
  facet normal -1 0 0
    outer loop
      vertex 7 126.605 46.6
      vertex 7 129.319 47.4134
      vertex 7 126.825 46.0694
    endloop
  endfacet
  facet normal -1 -0 0
    outer loop
      vertex 7 129.319 47.4134
      vertex 7 126.605 46.6
      vertex 7 128.857 48.2779
    endloop
  endfacet
  facet normal -1 0 0
    outer loop
      vertex 7 129.604 44.5245
      vertex 7 126.825 44.9306
      vertex 7 126.9 45.5
    endloop
  endfacet
  facet normal -1 0 0
    outer loop
      vertex 7 126 43.7482
      vertex 7 127.478 41.3427
      vertex 7 126.613 40.8806
    endloop
  endfacet
  facet normal -1 0 0
    outer loop
      vertex 7 129.319 43.5866
      vertex 7 126.605 44.4
      vertex 7 126.825 44.9306
    endloop
  endfacet
  facet normal -1 0 0
    outer loop
      vertex 7 128.857 42.7221
      vertex 7 126.256 43.9444
      vertex 7 126.605 44.4
    endloop
  endfacet
  facet normal -1 0 0
    outer loop
      vertex 7 126 43.7482
      vertex 7 126.613 40.8806
      vertex 7 126 40.6945
    endloop
  endfacet
  facet normal -1 0 0
    outer loop
      vertex 7 127.478 41.3427
      vertex 7 126 43.7482
      vertex 7 126.256 43.9444
    endloop
  endfacet
  facet normal -1 0 0
    outer loop
      vertex 7 126.256 47.0556
      vertex 7 128.857 48.2779
      vertex 7 126.605 46.6
    endloop
  endfacet
  facet normal -1 -0 0
    outer loop
      vertex 7 128.857 48.2779
      vertex 7 126.256 47.0556
      vertex 7 128.236 49.0355
    endloop
  endfacet
  facet normal -1 -0 0
    outer loop
      vertex 7 128.236 49.0355
      vertex 7 126.256 47.0556
      vertex 7 127.478 49.6573
    endloop
  endfacet
  facet normal -1 0 0
    outer loop
      vertex 7 125.8 47.4053
      vertex 7 127.478 49.6573
      vertex 7 126.256 47.0556
    endloop
  endfacet
  facet normal -1 -0 0
    outer loop
      vertex 7 127.478 49.6573
      vertex 7 125.8 47.4053
      vertex 7 126.613 50.1194
    endloop
  endfacet
  facet normal -1 0 0
    outer loop
      vertex 7 125.269 47.625
      vertex 7 126.613 50.1194
      vertex 7 125.8 47.4053
    endloop
  endfacet
  facet normal -1 -0 0
    outer loop
      vertex 7 126.613 50.1194
      vertex 7 125.269 47.625
      vertex 7 125.675 50.4039
    endloop
  endfacet
  facet normal -1 0 0
    outer loop
      vertex 7 124.7 47.7
      vertex 7 125.675 50.4039
      vertex 7 125.269 47.625
    endloop
  endfacet
  facet normal -1 0 0
    outer loop
      vertex 7 124.7 47.7
      vertex 7 124.7 50.5
      vertex 7 125.675 50.4039
    endloop
  endfacet
  facet normal -1 0 0
    outer loop
      vertex 7 123.725 50.4039
      vertex 7 124.7 47.7
      vertex 7 124.131 47.625
    endloop
  endfacet
  facet normal -1 0 0
    outer loop
      vertex 7 124.7 47.7
      vertex 7 123.725 50.4039
      vertex 7 124.7 50.5
    endloop
  endfacet
  facet normal -1 0 0
    outer loop
      vertex 7 122.787 50.1194
      vertex 7 124.131 47.625
      vertex 7 123.6 47.4053
    endloop
  endfacet
  facet normal -1 0 0
    outer loop
      vertex 7 121.922 49.6573
      vertex 7 123.6 47.4053
      vertex 7 123.144 47.0556
    endloop
  endfacet
  facet normal -1 0 0
    outer loop
      vertex 7 121.922 49.6573
      vertex 7 123.144 47.0556
      vertex 7 122.795 46.6
    endloop
  endfacet
  facet normal -1 0 0
    outer loop
      vertex 7 124.131 47.625
      vertex 7 122.787 50.1194
      vertex 7 123.725 50.4039
    endloop
  endfacet
  facet normal -1 0 0
    outer loop
      vertex 7 121.922 49.6573
      vertex 7 122.795 46.6
      vertex 7 122.575 46.0694
    endloop
  endfacet
  facet normal -1 0 0
    outer loop
      vertex 7 121.922 49.6573
      vertex 7 122.575 46.0694
      vertex 7 122.5 45.5
    endloop
  endfacet
  facet normal -1 0 0
    outer loop
      vertex 7 123.6 47.4053
      vertex 7 121.922 49.6573
      vertex 7 122.787 50.1194
    endloop
  endfacet
  facet normal -0 0.471197 0.882028
    outer loop
      vertex 7 127.478 49.6573
      vertex 25 126.613 50.1194
      vertex 25 127.478 49.6573
    endloop
  endfacet
  facet normal 0 0.471197 0.882028
    outer loop
      vertex 25 126.613 50.1194
      vertex 7 127.478 49.6573
      vertex 7 126.613 50.1194
    endloop
  endfacet
  facet normal 0 -0.956801 0.290743
    outer loop
      vertex 7 119.796 46.4755
      vertex 25 120.081 47.4134
      vertex 7 120.081 47.4134
    endloop
  endfacet
  facet normal 0 -0.956801 0.290743
    outer loop
      vertex 25 120.081 47.4134
      vertex 7 119.796 46.4755
      vertex 25 119.796 46.4755
    endloop
  endfacet
  facet normal 0 -0.995193 0.097938
    outer loop
      vertex 7 119.7 45.5
      vertex 25 119.796 46.4755
      vertex 7 119.796 46.4755
    endloop
  endfacet
  facet normal 0 -0.995193 0.097938
    outer loop
      vertex 25 119.796 46.4755
      vertex 7 119.7 45.5
      vertex 25 119.7 45.5
    endloop
  endfacet
  facet normal 0 -0.13068 -0.991425
    outer loop
      vertex 7 124.7 47.7
      vertex 17 125.269 47.625
      vertex 17 124.7 47.7
    endloop
  endfacet
  facet normal -0 -0.13068 -0.991425
    outer loop
      vertex 17 125.269 47.625
      vertex 7 124.7 47.7
      vertex 7 125.269 47.625
    endloop
  endfacet
  facet normal 0 -0.608301 0.793706
    outer loop
      vertex 7 126.256 43.9444
      vertex 17 126 43.7482
      vertex 17 126.256 43.9444
    endloop
  endfacet
  facet normal 0 -0.608301 0.793706
    outer loop
      vertex 17 126 43.7482
      vertex 7 126.256 43.9444
      vertex 7 126 43.7482
    endloop
  endfacet
  facet normal 0 0.991437 0.13059
    outer loop
      vertex 17 122.575 44.9306
      vertex 7 122.5 45.5
      vertex 17 122.5 45.5
    endloop
  endfacet
  facet normal 0 0.991437 0.13059
    outer loop
      vertex 7 122.5 45.5
      vertex 17 122.575 44.9306
      vertex 7 122.575 44.9306
    endloop
  endfacet
  facet normal 0 -0.382316 -0.924032
    outer loop
      vertex 7 125.269 47.625
      vertex 17 125.8 47.4053
      vertex 17 125.269 47.625
    endloop
  endfacet
  facet normal -0 -0.382316 -0.924032
    outer loop
      vertex 17 125.8 47.4053
      vertex 7 125.269 47.625
      vertex 7 125.8 47.4053
    endloop
  endfacet
  facet normal 0 -0.923745 0.383008
    outer loop
      vertex 7 126.605 44.4
      vertex 17 126.825 44.9306
      vertex 7 126.825 44.9306
    endloop
  endfacet
  facet normal 0 -0.923745 0.383008
    outer loop
      vertex 17 126.825 44.9306
      vertex 7 126.605 44.4
      vertex 17 126.605 44.4
    endloop
  endfacet
  facet normal 0 0.793287 0.608848
    outer loop
      vertex 17 123.102 44
      vertex 7 122.795 44.4
      vertex 17 122.795 44.4
    endloop
  endfacet
  facet normal 0 0.793287 0.608848
    outer loop
      vertex 7 122.795 44.4
      vertex 17 123.102 44
      vertex 7 123.102 44
    endloop
  endfacet
  facet normal 0 -0.991437 0.13059
    outer loop
      vertex 7 126.825 44.9306
      vertex 17 126.9 45.5
      vertex 7 126.9 45.5
    endloop
  endfacet
  facet normal 0 -0.991437 0.13059
    outer loop
      vertex 17 126.9 45.5
      vertex 7 126.825 44.9306
      vertex 17 126.825 44.9306
    endloop
  endfacet
  facet normal 0 0.382316 -0.924032
    outer loop
      vertex 7 123.6 47.4053
      vertex 17 124.131 47.625
      vertex 17 123.6 47.4053
    endloop
  endfacet
  facet normal 0 0.382316 -0.924032
    outer loop
      vertex 17 124.131 47.625
      vertex 7 123.6 47.4053
      vertex 7 124.131 47.625
    endloop
  endfacet
  facet normal -1 0 0
    outer loop
      vertex 17 126 44
      vertex 17 126.9 45.5
      vertex 17 126.825 44.9306
    endloop
  endfacet
  facet normal -1 0 0
    outer loop
      vertex 17 126 44
      vertex 17 126.825 44.9306
      vertex 17 126.605 44.4
    endloop
  endfacet
  facet normal -1 -0 0
    outer loop
      vertex 17 126.9 45.5
      vertex 17 126 44
      vertex 17 126.825 46.0694
    endloop
  endfacet
  facet normal -1 0 0
    outer loop
      vertex 17 126 44
      vertex 17 126.605 44.4
      vertex 17 126.256 43.9444
    endloop
  endfacet
  facet normal -1 -0 0
    outer loop
      vertex 17 126.825 46.0694
      vertex 17 126 44
      vertex 17 126.605 46.6
    endloop
  endfacet
  facet normal -1 0 0
    outer loop
      vertex 17 126 44
      vertex 17 126.256 43.9444
      vertex 17 126 43.7482
    endloop
  endfacet
  facet normal -1 -0 0
    outer loop
      vertex 17 126.605 46.6
      vertex 17 126 44
      vertex 17 126.256 47.0556
    endloop
  endfacet
  facet normal -1 0 0
    outer loop
      vertex 17 126 44
      vertex 17 125.8 47.4053
      vertex 17 126.256 47.0556
    endloop
  endfacet
  facet normal -1 0 0
    outer loop
      vertex 17 126 44
      vertex 17 125.269 47.625
      vertex 17 125.8 47.4053
    endloop
  endfacet
  facet normal -1 0 0
    outer loop
      vertex 17 126 44
      vertex 17 124.7 47.7
      vertex 17 125.269 47.625
    endloop
  endfacet
  facet normal -1 0 0
    outer loop
      vertex 17 126 44
      vertex 17 124.131 47.625
      vertex 17 124.7 47.7
    endloop
  endfacet
  facet normal -1 0 0
    outer loop
      vertex 17 126 44
      vertex 17 123.6 47.4053
      vertex 17 124.131 47.625
    endloop
  endfacet
  facet normal -1 0 0
    outer loop
      vertex 17 126 44
      vertex 17 123.144 47.0556
      vertex 17 123.6 47.4053
    endloop
  endfacet
  facet normal -1 0 0
    outer loop
      vertex 17 122.575 44.9306
      vertex 17 126 44
      vertex 17 123.102 44
    endloop
  endfacet
  facet normal -1 0 0
    outer loop
      vertex 17 122.575 44.9306
      vertex 17 123.102 44
      vertex 17 122.795 44.4
    endloop
  endfacet
  facet normal -1 0 0
    outer loop
      vertex 17 126 44
      vertex 17 122.795 46.6
      vertex 17 123.144 47.0556
    endloop
  endfacet
  facet normal -1 0 0
    outer loop
      vertex 17 122.5 45.5
      vertex 17 126 44
      vertex 17 122.575 44.9306
    endloop
  endfacet
  facet normal -1 0 0
    outer loop
      vertex 17 126 44
      vertex 17 122.575 46.0694
      vertex 17 122.795 46.6
    endloop
  endfacet
  facet normal -1 0 0
    outer loop
      vertex 17 126 44
      vertex 17 122.5 45.5
      vertex 17 122.575 46.0694
    endloop
  endfacet
  facet normal 0 0.608541 -0.793522
    outer loop
      vertex 7 123.144 47.0556
      vertex 17 123.6 47.4053
      vertex 17 123.144 47.0556
    endloop
  endfacet
  facet normal 0 0.608541 -0.793522
    outer loop
      vertex 17 123.6 47.4053
      vertex 7 123.144 47.0556
      vertex 7 123.6 47.4053
    endloop
  endfacet
  facet normal 0 -0.923745 -0.383008
    outer loop
      vertex 7 126.825 46.0694
      vertex 17 126.605 46.6
      vertex 7 126.605 46.6
    endloop
  endfacet
  facet normal 0 -0.923745 -0.383008
    outer loop
      vertex 17 126.605 46.6
      vertex 7 126.825 46.0694
      vertex 17 126.825 46.0694
    endloop
  endfacet
  facet normal 0 -0.991437 -0.13059
    outer loop
      vertex 7 126.9 45.5
      vertex 17 126.825 46.0694
      vertex 7 126.825 46.0694
    endloop
  endfacet
  facet normal 0 -0.991437 -0.13059
    outer loop
      vertex 17 126.825 46.0694
      vertex 7 126.9 45.5
      vertex 17 126.9 45.5
    endloop
  endfacet
  facet normal 0 0.793853 -0.60811
    outer loop
      vertex 17 122.795 46.6
      vertex 7 123.144 47.0556
      vertex 17 123.144 47.0556
    endloop
  endfacet
  facet normal 0 0.793853 -0.60811
    outer loop
      vertex 7 123.144 47.0556
      vertex 17 122.795 46.6
      vertex 7 122.795 46.6
    endloop
  endfacet
  facet normal 0 -0.793853 -0.60811
    outer loop
      vertex 7 126.605 46.6
      vertex 17 126.256 47.0556
      vertex 7 126.256 47.0556
    endloop
  endfacet
  facet normal 0 -0.793853 -0.60811
    outer loop
      vertex 17 126.256 47.0556
      vertex 7 126.605 46.6
      vertex 17 126.605 46.6
    endloop
  endfacet
  facet normal 0 -0.793853 0.60811
    outer loop
      vertex 7 126.256 43.9444
      vertex 17 126.605 44.4
      vertex 7 126.605 44.4
    endloop
  endfacet
  facet normal 0 -0.793853 0.60811
    outer loop
      vertex 17 126.605 44.4
      vertex 7 126.256 43.9444
      vertex 17 126.256 43.9444
    endloop
  endfacet
  facet normal 0 0.13068 -0.991425
    outer loop
      vertex 7 124.131 47.625
      vertex 17 124.7 47.7
      vertex 17 124.131 47.625
    endloop
  endfacet
  facet normal 0 0.13068 -0.991425
    outer loop
      vertex 17 124.7 47.7
      vertex 7 124.131 47.625
      vertex 7 124.7 47.7
    endloop
  endfacet
  facet normal 0 0.923745 0.383008
    outer loop
      vertex 17 122.795 44.4
      vertex 7 122.575 44.9306
      vertex 17 122.575 44.9306
    endloop
  endfacet
  facet normal 0 0.923745 0.383008
    outer loop
      vertex 7 122.575 44.9306
      vertex 17 122.795 44.4
      vertex 7 122.795 44.4
    endloop
  endfacet
  facet normal 0 0.923745 -0.383008
    outer loop
      vertex 17 122.575 46.0694
      vertex 7 122.795 46.6
      vertex 17 122.795 46.6
    endloop
  endfacet
  facet normal 0 0.923745 -0.383008
    outer loop
      vertex 7 122.795 46.6
      vertex 17 122.575 46.0694
      vertex 7 122.575 46.0694
    endloop
  endfacet
  facet normal 0 0.991437 -0.13059
    outer loop
      vertex 17 122.5 45.5
      vertex 7 122.575 46.0694
      vertex 17 122.575 46.0694
    endloop
  endfacet
  facet normal 0 0.991437 -0.13059
    outer loop
      vertex 7 122.575 46.0694
      vertex 17 122.5 45.5
      vertex 7 122.5 45.5
    endloop
  endfacet
  facet normal 0 -0.608541 -0.793522
    outer loop
      vertex 7 125.8 47.4053
      vertex 17 126.256 47.0556
      vertex 17 125.8 47.4053
    endloop
  endfacet
  facet normal -0 -0.608541 -0.793522
    outer loop
      vertex 17 126.256 47.0556
      vertex 7 125.8 47.4053
      vertex 7 126.256 47.0556
    endloop
  endfacet
  facet normal 0 0.995193 -0.097938
    outer loop
      vertex 69 129.604 44.5245
      vertex 51 129.7 45.5
      vertex 69 129.7 45.5
    endloop
  endfacet
  facet normal 0 0.995193 -0.097938
    outer loop
      vertex 51 129.7 45.5
      vertex 69 129.604 44.5245
      vertex 51 129.604 44.5245
    endloop
  endfacet
  facet normal 0 0.471197 -0.882028
    outer loop
      vertex 51 126.613 40.8806
      vertex 69 127.478 41.3427
      vertex 69 126.613 40.8806
    endloop
  endfacet
  facet normal 0 0.471197 -0.882028
    outer loop
      vertex 69 127.478 41.3427
      vertex 51 126.613 40.8806
      vertex 51 127.478 41.3427
    endloop
  endfacet
  facet normal 0 0.881957 -0.471329
    outer loop
      vertex 69 128.857 42.7221
      vertex 51 129.319 43.5866
      vertex 69 129.319 43.5866
    endloop
  endfacet
  facet normal 0 0.881957 -0.471329
    outer loop
      vertex 51 129.319 43.5866
      vertex 69 128.857 42.7221
      vertex 51 128.857 42.7221
    endloop
  endfacet
  facet normal 0 0.773384 0.633938
    outer loop
      vertex 69 128.857 48.2779
      vertex 51 128.236 49.0355
      vertex 69 128.236 49.0355
    endloop
  endfacet
  facet normal 0 0.773384 0.633938
    outer loop
      vertex 51 128.236 49.0355
      vertex 69 128.857 48.2779
      vertex 51 128.857 48.2779
    endloop
  endfacet
  facet normal 0 0.634226 -0.773148
    outer loop
      vertex 51 127.478 41.3427
      vertex 69 128.236 41.9645
      vertex 69 127.478 41.3427
    endloop
  endfacet
  facet normal 0 0.634226 -0.773148
    outer loop
      vertex 69 128.236 41.9645
      vertex 51 127.478 41.3427
      vertex 51 128.236 41.9645
    endloop
  endfacet
  facet normal 0 -0.881957 0.471329
    outer loop
      vertex 51 120.081 47.4134
      vertex 69 120.543 48.2779
      vertex 51 120.543 48.2779
    endloop
  endfacet
  facet normal 0 -0.881957 0.471329
    outer loop
      vertex 69 120.543 48.2779
      vertex 51 120.081 47.4134
      vertex 69 120.081 47.4134
    endloop
  endfacet
  facet normal -0 0.634226 0.773148
    outer loop
      vertex 51 128.236 49.0355
      vertex 69 127.478 49.6573
      vertex 69 128.236 49.0355
    endloop
  endfacet
  facet normal 0 0.634226 0.773148
    outer loop
      vertex 69 127.478 49.6573
      vertex 51 128.236 49.0355
      vertex 51 127.478 49.6573
    endloop
  endfacet
  facet normal 1 0 0
    outer loop
      vertex 69 126 44
      vertex 69 129.7 45.5
      vertex 69 129.604 46.4755
    endloop
  endfacet
  facet normal 1 0 0
    outer loop
      vertex 69 126 44
      vertex 69 129.604 46.4755
      vertex 69 129.319 47.4134
    endloop
  endfacet
  facet normal 1 0 0
    outer loop
      vertex 69 129.7 45.5
      vertex 69 126 44
      vertex 69 129.604 44.5245
    endloop
  endfacet
  facet normal 1 0 0
    outer loop
      vertex 69 126 44
      vertex 69 129.319 47.4134
      vertex 69 128.857 48.2779
    endloop
  endfacet
  facet normal 1 0 0
    outer loop
      vertex 69 129.604 44.5245
      vertex 69 126 44
      vertex 69 129.319 43.5866
    endloop
  endfacet
  facet normal 1 0 0
    outer loop
      vertex 69 126 44
      vertex 69 128.857 48.2779
      vertex 69 128.236 49.0355
    endloop
  endfacet
  facet normal 1 0 0
    outer loop
      vertex 69 129.319 43.5866
      vertex 69 126 44
      vertex 69 128.857 42.7221
    endloop
  endfacet
  facet normal 1 0 0
    outer loop
      vertex 69 126 44
      vertex 69 128.236 49.0355
      vertex 69 127.478 49.6573
    endloop
  endfacet
  facet normal 1 0 0
    outer loop
      vertex 69 128.857 42.7221
      vertex 69 126 44
      vertex 69 128.236 41.9645
    endloop
  endfacet
  facet normal 1 0 0
    outer loop
      vertex 69 126 44
      vertex 69 127.478 49.6573
      vertex 69 126.613 50.1194
    endloop
  endfacet
  facet normal 1 0 0
    outer loop
      vertex 69 128.236 41.9645
      vertex 69 126 44
      vertex 69 127.478 41.3427
    endloop
  endfacet
  facet normal 1 0 0
    outer loop
      vertex 69 127.478 41.3427
      vertex 69 126 44
      vertex 69 126.613 40.8806
    endloop
  endfacet
  facet normal 1 0 0
    outer loop
      vertex 69 125.675 50.4039
      vertex 69 126 44
      vertex 69 126.613 50.1194
    endloop
  endfacet
  facet normal 1 0 0
    outer loop
      vertex 69 124.7 50.5
      vertex 69 126 44
      vertex 69 125.675 50.4039
    endloop
  endfacet
  facet normal 1 -0 0
    outer loop
      vertex 69 123.725 50.4039
      vertex 69 126 44
      vertex 69 124.7 50.5
    endloop
  endfacet
  facet normal 1 -0 0
    outer loop
      vertex 69 122.787 50.1194
      vertex 69 126 44
      vertex 69 123.725 50.4039
    endloop
  endfacet
  facet normal 1 -0 0
    outer loop
      vertex 69 121.922 49.6573
      vertex 69 126 44
      vertex 69 122.787 50.1194
    endloop
  endfacet
  facet normal 1 -0 0
    outer loop
      vertex 69 121.164 49.0355
      vertex 69 126 44
      vertex 69 121.922 49.6573
    endloop
  endfacet
  facet normal 1 -0 0
    outer loop
      vertex 69 120.543 48.2779
      vertex 69 126 44
      vertex 69 121.164 49.0355
    endloop
  endfacet
  facet normal 1 -0 0
    outer loop
      vertex 69 120.081 47.4134
      vertex 69 126 44
      vertex 69 120.543 48.2779
    endloop
  endfacet
  facet normal 1 -0 0
    outer loop
      vertex 69 119.796 46.4755
      vertex 69 126 44
      vertex 69 120.081 47.4134
    endloop
  endfacet
  facet normal 1 -0 0
    outer loop
      vertex 69 119.7 45.5
      vertex 69 126 44
      vertex 69 119.796 46.4755
    endloop
  endfacet
  facet normal 1 -0 -0
    outer loop
      vertex 69 119.796 44.5245
      vertex 69 126 44
      vertex 69 119.7 45.5
    endloop
  endfacet
  facet normal 1 0 0
    outer loop
      vertex 69 126 44
      vertex 69 119.796 44.5245
      vertex 69 119.955 44
    endloop
  endfacet
  facet normal 1 0 0
    outer loop
      vertex 69 126.613 40.8806
      vertex 69 126 44
      vertex 69 126 40.6945
    endloop
  endfacet
  facet normal 0 -0.634226 0.773148
    outer loop
      vertex 51 121.922 49.6573
      vertex 69 121.164 49.0355
      vertex 69 121.922 49.6573
    endloop
  endfacet
  facet normal 0 -0.634226 0.773148
    outer loop
      vertex 69 121.164 49.0355
      vertex 51 121.922 49.6573
      vertex 51 121.164 49.0355
    endloop
  endfacet
  facet normal 0 -0.471197 0.882028
    outer loop
      vertex 51 122.787 50.1194
      vertex 69 121.922 49.6573
      vertex 69 122.787 50.1194
    endloop
  endfacet
  facet normal 0 -0.471197 0.882028
    outer loop
      vertex 69 121.922 49.6573
      vertex 51 122.787 50.1194
      vertex 51 121.922 49.6573
    endloop
  endfacet
  facet normal 0 0.956801 0.290743
    outer loop
      vertex 69 129.604 46.4755
      vertex 51 129.319 47.4134
      vertex 69 129.319 47.4134
    endloop
  endfacet
  facet normal 0 0.956801 0.290743
    outer loop
      vertex 51 129.319 47.4134
      vertex 69 129.604 46.4755
      vertex 51 129.604 46.4755
    endloop
  endfacet
  facet normal 0 -0.956994 -0.290109
    outer loop
      vertex 51 119.955 44
      vertex 69 119.796 44.5245
      vertex 51 119.796 44.5245
    endloop
  endfacet
  facet normal 0 -0.956994 -0.290109
    outer loop
      vertex 69 119.796 44.5245
      vertex 51 119.955 44
      vertex 69 119.955 44
    endloop
  endfacet
  facet normal 0 0.773384 -0.633938
    outer loop
      vertex 69 128.236 41.9645
      vertex 51 128.857 42.7221
      vertex 69 128.857 42.7221
    endloop
  endfacet
  facet normal 0 0.773384 -0.633938
    outer loop
      vertex 51 128.857 42.7221
      vertex 69 128.236 41.9645
      vertex 51 128.236 41.9645
    endloop
  endfacet
  facet normal 0 0.995193 0.097938
    outer loop
      vertex 69 129.7 45.5
      vertex 51 129.604 46.4755
      vertex 69 129.604 46.4755
    endloop
  endfacet
  facet normal 0 0.995193 0.097938
    outer loop
      vertex 51 129.604 46.4755
      vertex 69 129.7 45.5
      vertex 51 129.7 45.5
    endloop
  endfacet
  facet normal 0 -0.0980888 0.995178
    outer loop
      vertex 51 124.7 50.5
      vertex 69 123.725 50.4039
      vertex 69 124.7 50.5
    endloop
  endfacet
  facet normal 0 -0.0980888 0.995178
    outer loop
      vertex 69 123.725 50.4039
      vertex 51 124.7 50.5
      vertex 51 123.725 50.4039
    endloop
  endfacet
  facet normal 0 -0.773384 0.633938
    outer loop
      vertex 51 120.543 48.2779
      vertex 69 121.164 49.0355
      vertex 51 121.164 49.0355
    endloop
  endfacet
  facet normal 0 -0.773384 0.633938
    outer loop
      vertex 69 121.164 49.0355
      vertex 51 120.543 48.2779
      vertex 69 120.543 48.2779
    endloop
  endfacet
  facet normal 0 0.290497 -0.956876
    outer loop
      vertex 51 126 40.6945
      vertex 69 126.613 40.8806
      vertex 69 126 40.6945
    endloop
  endfacet
  facet normal 0 0.290497 -0.956876
    outer loop
      vertex 69 126.613 40.8806
      vertex 51 126 40.6945
      vertex 51 126.613 40.8806
    endloop
  endfacet
  facet normal 0 -0.290248 0.956951
    outer loop
      vertex 51 123.725 50.4039
      vertex 69 122.787 50.1194
      vertex 69 123.725 50.4039
    endloop
  endfacet
  facet normal 0 -0.290248 0.956951
    outer loop
      vertex 69 122.787 50.1194
      vertex 51 123.725 50.4039
      vertex 51 122.787 50.1194
    endloop
  endfacet
  facet normal -0 0.0980888 0.995178
    outer loop
      vertex 51 125.675 50.4039
      vertex 69 124.7 50.5
      vertex 69 125.675 50.4039
    endloop
  endfacet
  facet normal 0 0.0980888 0.995178
    outer loop
      vertex 69 124.7 50.5
      vertex 51 125.675 50.4039
      vertex 51 124.7 50.5
    endloop
  endfacet
  facet normal 0 0.881957 0.471329
    outer loop
      vertex 69 129.319 47.4134
      vertex 51 128.857 48.2779
      vertex 69 128.857 48.2779
    endloop
  endfacet
  facet normal 0 0.881957 0.471329
    outer loop
      vertex 51 128.857 48.2779
      vertex 69 129.319 47.4134
      vertex 51 129.319 47.4134
    endloop
  endfacet
  facet normal 0 0.956801 -0.290743
    outer loop
      vertex 69 129.319 43.5866
      vertex 51 129.604 44.5245
      vertex 69 129.604 44.5245
    endloop
  endfacet
  facet normal 0 0.956801 -0.290743
    outer loop
      vertex 51 129.604 44.5245
      vertex 69 129.319 43.5866
      vertex 51 129.319 43.5866
    endloop
  endfacet
  facet normal -0 0.290248 0.956951
    outer loop
      vertex 51 126.613 50.1194
      vertex 69 125.675 50.4039
      vertex 69 126.613 50.1194
    endloop
  endfacet
  facet normal 0 0.290248 0.956951
    outer loop
      vertex 69 125.675 50.4039
      vertex 51 126.613 50.1194
      vertex 51 125.675 50.4039
    endloop
  endfacet
  facet normal 0 -0.995193 -0.097938
    outer loop
      vertex 51 119.796 44.5245
      vertex 69 119.7 45.5
      vertex 51 119.7 45.5
    endloop
  endfacet
  facet normal 0 -0.995193 -0.097938
    outer loop
      vertex 69 119.7 45.5
      vertex 51 119.796 44.5245
      vertex 69 119.796 44.5245
    endloop
  endfacet
  facet normal -1 0 0
    outer loop
      vertex 51 119.796 44.5245
      vertex 51 122.5 45.5
      vertex 51 122.575 44.9306
    endloop
  endfacet
  facet normal -1 0 0
    outer loop
      vertex 51 122.5 45.5
      vertex 51 121.164 49.0355
      vertex 51 121.922 49.6573
    endloop
  endfacet
  facet normal -1 0 0
    outer loop
      vertex 51 122.5 45.5
      vertex 51 120.543 48.2779
      vertex 51 121.164 49.0355
    endloop
  endfacet
  facet normal -1 0 0
    outer loop
      vertex 51 119.955 44
      vertex 51 122.575 44.9306
      vertex 51 122.795 44.4
    endloop
  endfacet
  facet normal -1 0 0
    outer loop
      vertex 51 122.5 45.5
      vertex 51 120.081 47.4134
      vertex 51 120.543 48.2779
    endloop
  endfacet
  facet normal -1 0 0
    outer loop
      vertex 51 119.955 44
      vertex 51 122.795 44.4
      vertex 51 123.102 44
    endloop
  endfacet
  facet normal -1 0 0
    outer loop
      vertex 51 122.575 44.9306
      vertex 51 119.955 44
      vertex 51 119.796 44.5245
    endloop
  endfacet
  facet normal -1 -0 0
    outer loop
      vertex 51 122.5 45.5
      vertex 51 119.796 44.5245
      vertex 51 119.7 45.5
    endloop
  endfacet
  facet normal -1 0 0
    outer loop
      vertex 51 122.5 45.5
      vertex 51 119.796 46.4755
      vertex 51 120.081 47.4134
    endloop
  endfacet
  facet normal -1 0 0
    outer loop
      vertex 51 122.5 45.5
      vertex 51 119.7 45.5
      vertex 51 119.796 46.4755
    endloop
  endfacet
  facet normal -1 0 0
    outer loop
      vertex 51 126.9 45.5
      vertex 51 129.7 45.5
      vertex 51 129.604 44.5245
    endloop
  endfacet
  facet normal -1 0 0
    outer loop
      vertex 51 126.825 44.9306
      vertex 51 129.604 44.5245
      vertex 51 129.319 43.5866
    endloop
  endfacet
  facet normal -1 0 0
    outer loop
      vertex 51 129.7 45.5
      vertex 51 126.9 45.5
      vertex 51 129.604 46.4755
    endloop
  endfacet
  facet normal -1 0 0
    outer loop
      vertex 51 126.605 44.4
      vertex 51 129.319 43.5866
      vertex 51 128.857 42.7221
    endloop
  endfacet
  facet normal -1 0 0
    outer loop
      vertex 51 126.825 46.0694
      vertex 51 129.604 46.4755
      vertex 51 126.9 45.5
    endloop
  endfacet
  facet normal -1 0 0
    outer loop
      vertex 51 126.256 43.9444
      vertex 51 128.857 42.7221
      vertex 51 128.236 41.9645
    endloop
  endfacet
  facet normal -1 -0 0
    outer loop
      vertex 51 129.604 46.4755
      vertex 51 126.825 46.0694
      vertex 51 129.319 47.4134
    endloop
  endfacet
  facet normal -1 0 0
    outer loop
      vertex 51 126.256 43.9444
      vertex 51 128.236 41.9645
      vertex 51 127.478 41.3427
    endloop
  endfacet
  facet normal -1 0 0
    outer loop
      vertex 51 126.605 46.6
      vertex 51 129.319 47.4134
      vertex 51 126.825 46.0694
    endloop
  endfacet
  facet normal -1 -0 0
    outer loop
      vertex 51 129.319 47.4134
      vertex 51 126.605 46.6
      vertex 51 128.857 48.2779
    endloop
  endfacet
  facet normal -1 0 0
    outer loop
      vertex 51 129.604 44.5245
      vertex 51 126.825 44.9306
      vertex 51 126.9 45.5
    endloop
  endfacet
  facet normal -1 0 0
    outer loop
      vertex 51 126 43.7482
      vertex 51 127.478 41.3427
      vertex 51 126.613 40.8806
    endloop
  endfacet
  facet normal -1 0 0
    outer loop
      vertex 51 129.319 43.5866
      vertex 51 126.605 44.4
      vertex 51 126.825 44.9306
    endloop
  endfacet
  facet normal -1 0 0
    outer loop
      vertex 51 128.857 42.7221
      vertex 51 126.256 43.9444
      vertex 51 126.605 44.4
    endloop
  endfacet
  facet normal -1 0 0
    outer loop
      vertex 51 126 43.7482
      vertex 51 126.613 40.8806
      vertex 51 126 40.6945
    endloop
  endfacet
  facet normal -1 0 0
    outer loop
      vertex 51 127.478 41.3427
      vertex 51 126 43.7482
      vertex 51 126.256 43.9444
    endloop
  endfacet
  facet normal -1 0 0
    outer loop
      vertex 51 126.256 47.0556
      vertex 51 128.857 48.2779
      vertex 51 126.605 46.6
    endloop
  endfacet
  facet normal -1 -0 0
    outer loop
      vertex 51 128.857 48.2779
      vertex 51 126.256 47.0556
      vertex 51 128.236 49.0355
    endloop
  endfacet
  facet normal -1 -0 0
    outer loop
      vertex 51 128.236 49.0355
      vertex 51 126.256 47.0556
      vertex 51 127.478 49.6573
    endloop
  endfacet
  facet normal -1 0 0
    outer loop
      vertex 51 125.8 47.4053
      vertex 51 127.478 49.6573
      vertex 51 126.256 47.0556
    endloop
  endfacet
  facet normal -1 -0 0
    outer loop
      vertex 51 127.478 49.6573
      vertex 51 125.8 47.4053
      vertex 51 126.613 50.1194
    endloop
  endfacet
  facet normal -1 0 0
    outer loop
      vertex 51 125.269 47.625
      vertex 51 126.613 50.1194
      vertex 51 125.8 47.4053
    endloop
  endfacet
  facet normal -1 -0 0
    outer loop
      vertex 51 126.613 50.1194
      vertex 51 125.269 47.625
      vertex 51 125.675 50.4039
    endloop
  endfacet
  facet normal -1 0 0
    outer loop
      vertex 51 124.7 47.7
      vertex 51 125.675 50.4039
      vertex 51 125.269 47.625
    endloop
  endfacet
  facet normal -1 0 0
    outer loop
      vertex 51 124.7 47.7
      vertex 51 124.7 50.5
      vertex 51 125.675 50.4039
    endloop
  endfacet
  facet normal -1 0 0
    outer loop
      vertex 51 123.725 50.4039
      vertex 51 124.7 47.7
      vertex 51 124.131 47.625
    endloop
  endfacet
  facet normal -1 0 0
    outer loop
      vertex 51 124.7 47.7
      vertex 51 123.725 50.4039
      vertex 51 124.7 50.5
    endloop
  endfacet
  facet normal -1 0 0
    outer loop
      vertex 51 122.787 50.1194
      vertex 51 124.131 47.625
      vertex 51 123.6 47.4053
    endloop
  endfacet
  facet normal -1 0 0
    outer loop
      vertex 51 121.922 49.6573
      vertex 51 123.6 47.4053
      vertex 51 123.144 47.0556
    endloop
  endfacet
  facet normal -1 0 0
    outer loop
      vertex 51 121.922 49.6573
      vertex 51 123.144 47.0556
      vertex 51 122.795 46.6
    endloop
  endfacet
  facet normal -1 0 0
    outer loop
      vertex 51 124.131 47.625
      vertex 51 122.787 50.1194
      vertex 51 123.725 50.4039
    endloop
  endfacet
  facet normal -1 0 0
    outer loop
      vertex 51 121.922 49.6573
      vertex 51 122.795 46.6
      vertex 51 122.575 46.0694
    endloop
  endfacet
  facet normal -1 0 0
    outer loop
      vertex 51 121.922 49.6573
      vertex 51 122.575 46.0694
      vertex 51 122.5 45.5
    endloop
  endfacet
  facet normal -1 0 0
    outer loop
      vertex 51 123.6 47.4053
      vertex 51 121.922 49.6573
      vertex 51 122.787 50.1194
    endloop
  endfacet
  facet normal -0 0.471197 0.882028
    outer loop
      vertex 51 127.478 49.6573
      vertex 69 126.613 50.1194
      vertex 69 127.478 49.6573
    endloop
  endfacet
  facet normal 0 0.471197 0.882028
    outer loop
      vertex 69 126.613 50.1194
      vertex 51 127.478 49.6573
      vertex 51 126.613 50.1194
    endloop
  endfacet
  facet normal 0 -0.956801 0.290743
    outer loop
      vertex 51 119.796 46.4755
      vertex 69 120.081 47.4134
      vertex 51 120.081 47.4134
    endloop
  endfacet
  facet normal 0 -0.956801 0.290743
    outer loop
      vertex 69 120.081 47.4134
      vertex 51 119.796 46.4755
      vertex 69 119.796 46.4755
    endloop
  endfacet
  facet normal 0 -0.995193 0.097938
    outer loop
      vertex 51 119.7 45.5
      vertex 69 119.796 46.4755
      vertex 51 119.796 46.4755
    endloop
  endfacet
  facet normal 0 -0.995193 0.097938
    outer loop
      vertex 69 119.796 46.4755
      vertex 51 119.7 45.5
      vertex 69 119.7 45.5
    endloop
  endfacet
  facet normal 0 -0.13068 -0.991425
    outer loop
      vertex 51 124.7 47.7
      vertex 61 125.269 47.625
      vertex 61 124.7 47.7
    endloop
  endfacet
  facet normal -0 -0.13068 -0.991425
    outer loop
      vertex 61 125.269 47.625
      vertex 51 124.7 47.7
      vertex 51 125.269 47.625
    endloop
  endfacet
  facet normal 0 -0.608301 0.793706
    outer loop
      vertex 51 126.256 43.9444
      vertex 61 126 43.7482
      vertex 61 126.256 43.9444
    endloop
  endfacet
  facet normal 0 -0.608301 0.793706
    outer loop
      vertex 61 126 43.7482
      vertex 51 126.256 43.9444
      vertex 51 126 43.7482
    endloop
  endfacet
  facet normal 0 0.991437 0.13059
    outer loop
      vertex 61 122.575 44.9306
      vertex 51 122.5 45.5
      vertex 61 122.5 45.5
    endloop
  endfacet
  facet normal 0 0.991437 0.13059
    outer loop
      vertex 51 122.5 45.5
      vertex 61 122.575 44.9306
      vertex 51 122.575 44.9306
    endloop
  endfacet
  facet normal 0 -0.382316 -0.924032
    outer loop
      vertex 51 125.269 47.625
      vertex 61 125.8 47.4053
      vertex 61 125.269 47.625
    endloop
  endfacet
  facet normal -0 -0.382316 -0.924032
    outer loop
      vertex 61 125.8 47.4053
      vertex 51 125.269 47.625
      vertex 51 125.8 47.4053
    endloop
  endfacet
  facet normal 0 -0.923745 0.383008
    outer loop
      vertex 51 126.605 44.4
      vertex 61 126.825 44.9306
      vertex 51 126.825 44.9306
    endloop
  endfacet
  facet normal 0 -0.923745 0.383008
    outer loop
      vertex 61 126.825 44.9306
      vertex 51 126.605 44.4
      vertex 61 126.605 44.4
    endloop
  endfacet
  facet normal 0 0.793287 0.608848
    outer loop
      vertex 61 123.102 44
      vertex 51 122.795 44.4
      vertex 61 122.795 44.4
    endloop
  endfacet
  facet normal 0 0.793287 0.608848
    outer loop
      vertex 51 122.795 44.4
      vertex 61 123.102 44
      vertex 51 123.102 44
    endloop
  endfacet
  facet normal 0 -0.991437 0.13059
    outer loop
      vertex 51 126.825 44.9306
      vertex 61 126.9 45.5
      vertex 51 126.9 45.5
    endloop
  endfacet
  facet normal 0 -0.991437 0.13059
    outer loop
      vertex 61 126.9 45.5
      vertex 51 126.825 44.9306
      vertex 61 126.825 44.9306
    endloop
  endfacet
  facet normal 0 0.382316 -0.924032
    outer loop
      vertex 51 123.6 47.4053
      vertex 61 124.131 47.625
      vertex 61 123.6 47.4053
    endloop
  endfacet
  facet normal 0 0.382316 -0.924032
    outer loop
      vertex 61 124.131 47.625
      vertex 51 123.6 47.4053
      vertex 51 124.131 47.625
    endloop
  endfacet
  facet normal -1 0 0
    outer loop
      vertex 61 126 44
      vertex 61 126.9 45.5
      vertex 61 126.825 44.9306
    endloop
  endfacet
  facet normal -1 0 0
    outer loop
      vertex 61 126 44
      vertex 61 126.825 44.9306
      vertex 61 126.605 44.4
    endloop
  endfacet
  facet normal -1 -0 0
    outer loop
      vertex 61 126.9 45.5
      vertex 61 126 44
      vertex 61 126.825 46.0694
    endloop
  endfacet
  facet normal -1 0 0
    outer loop
      vertex 61 126 44
      vertex 61 126.605 44.4
      vertex 61 126.256 43.9444
    endloop
  endfacet
  facet normal -1 -0 0
    outer loop
      vertex 61 126.825 46.0694
      vertex 61 126 44
      vertex 61 126.605 46.6
    endloop
  endfacet
  facet normal -1 0 0
    outer loop
      vertex 61 126 44
      vertex 61 126.256 43.9444
      vertex 61 126 43.7482
    endloop
  endfacet
  facet normal -1 -0 0
    outer loop
      vertex 61 126.605 46.6
      vertex 61 126 44
      vertex 61 126.256 47.0556
    endloop
  endfacet
  facet normal -1 0 0
    outer loop
      vertex 61 126 44
      vertex 61 125.8 47.4053
      vertex 61 126.256 47.0556
    endloop
  endfacet
  facet normal -1 0 0
    outer loop
      vertex 61 126 44
      vertex 61 125.269 47.625
      vertex 61 125.8 47.4053
    endloop
  endfacet
  facet normal -1 0 0
    outer loop
      vertex 61 126 44
      vertex 61 124.7 47.7
      vertex 61 125.269 47.625
    endloop
  endfacet
  facet normal -1 0 0
    outer loop
      vertex 61 126 44
      vertex 61 124.131 47.625
      vertex 61 124.7 47.7
    endloop
  endfacet
  facet normal -1 0 0
    outer loop
      vertex 61 126 44
      vertex 61 123.6 47.4053
      vertex 61 124.131 47.625
    endloop
  endfacet
  facet normal -1 0 0
    outer loop
      vertex 61 126 44
      vertex 61 123.144 47.0556
      vertex 61 123.6 47.4053
    endloop
  endfacet
  facet normal -1 0 0
    outer loop
      vertex 61 122.575 44.9306
      vertex 61 126 44
      vertex 61 123.102 44
    endloop
  endfacet
  facet normal -1 0 0
    outer loop
      vertex 61 122.575 44.9306
      vertex 61 123.102 44
      vertex 61 122.795 44.4
    endloop
  endfacet
  facet normal -1 0 0
    outer loop
      vertex 61 126 44
      vertex 61 122.795 46.6
      vertex 61 123.144 47.0556
    endloop
  endfacet
  facet normal -1 0 0
    outer loop
      vertex 61 122.5 45.5
      vertex 61 126 44
      vertex 61 122.575 44.9306
    endloop
  endfacet
  facet normal -1 0 0
    outer loop
      vertex 61 126 44
      vertex 61 122.575 46.0694
      vertex 61 122.795 46.6
    endloop
  endfacet
  facet normal -1 0 0
    outer loop
      vertex 61 126 44
      vertex 61 122.5 45.5
      vertex 61 122.575 46.0694
    endloop
  endfacet
  facet normal 0 0.608541 -0.793522
    outer loop
      vertex 51 123.144 47.0556
      vertex 61 123.6 47.4053
      vertex 61 123.144 47.0556
    endloop
  endfacet
  facet normal 0 0.608541 -0.793522
    outer loop
      vertex 61 123.6 47.4053
      vertex 51 123.144 47.0556
      vertex 51 123.6 47.4053
    endloop
  endfacet
  facet normal 0 -0.923745 -0.383008
    outer loop
      vertex 51 126.825 46.0694
      vertex 61 126.605 46.6
      vertex 51 126.605 46.6
    endloop
  endfacet
  facet normal 0 -0.923745 -0.383008
    outer loop
      vertex 61 126.605 46.6
      vertex 51 126.825 46.0694
      vertex 61 126.825 46.0694
    endloop
  endfacet
  facet normal 0 -0.991437 -0.13059
    outer loop
      vertex 51 126.9 45.5
      vertex 61 126.825 46.0694
      vertex 51 126.825 46.0694
    endloop
  endfacet
  facet normal 0 -0.991437 -0.13059
    outer loop
      vertex 61 126.825 46.0694
      vertex 51 126.9 45.5
      vertex 61 126.9 45.5
    endloop
  endfacet
  facet normal 0 0.793853 -0.60811
    outer loop
      vertex 61 122.795 46.6
      vertex 51 123.144 47.0556
      vertex 61 123.144 47.0556
    endloop
  endfacet
  facet normal 0 0.793853 -0.60811
    outer loop
      vertex 51 123.144 47.0556
      vertex 61 122.795 46.6
      vertex 51 122.795 46.6
    endloop
  endfacet
  facet normal 0 -0.793853 -0.60811
    outer loop
      vertex 51 126.605 46.6
      vertex 61 126.256 47.0556
      vertex 51 126.256 47.0556
    endloop
  endfacet
  facet normal 0 -0.793853 -0.60811
    outer loop
      vertex 61 126.256 47.0556
      vertex 51 126.605 46.6
      vertex 61 126.605 46.6
    endloop
  endfacet
  facet normal 0 -0.793853 0.60811
    outer loop
      vertex 51 126.256 43.9444
      vertex 61 126.605 44.4
      vertex 51 126.605 44.4
    endloop
  endfacet
  facet normal 0 -0.793853 0.60811
    outer loop
      vertex 61 126.605 44.4
      vertex 51 126.256 43.9444
      vertex 61 126.256 43.9444
    endloop
  endfacet
  facet normal 0 0.13068 -0.991425
    outer loop
      vertex 51 124.131 47.625
      vertex 61 124.7 47.7
      vertex 61 124.131 47.625
    endloop
  endfacet
  facet normal 0 0.13068 -0.991425
    outer loop
      vertex 61 124.7 47.7
      vertex 51 124.131 47.625
      vertex 51 124.7 47.7
    endloop
  endfacet
  facet normal 0 0.923745 0.383008
    outer loop
      vertex 61 122.795 44.4
      vertex 51 122.575 44.9306
      vertex 61 122.575 44.9306
    endloop
  endfacet
  facet normal 0 0.923745 0.383008
    outer loop
      vertex 51 122.575 44.9306
      vertex 61 122.795 44.4
      vertex 51 122.795 44.4
    endloop
  endfacet
  facet normal 0 0.923745 -0.383008
    outer loop
      vertex 61 122.575 46.0694
      vertex 51 122.795 46.6
      vertex 61 122.795 46.6
    endloop
  endfacet
  facet normal 0 0.923745 -0.383008
    outer loop
      vertex 51 122.795 46.6
      vertex 61 122.575 46.0694
      vertex 51 122.575 46.0694
    endloop
  endfacet
  facet normal 0 0.991437 -0.13059
    outer loop
      vertex 61 122.5 45.5
      vertex 51 122.575 46.0694
      vertex 61 122.575 46.0694
    endloop
  endfacet
  facet normal 0 0.991437 -0.13059
    outer loop
      vertex 51 122.575 46.0694
      vertex 61 122.5 45.5
      vertex 51 122.5 45.5
    endloop
  endfacet
  facet normal 0 -0.608541 -0.793522
    outer loop
      vertex 51 125.8 47.4053
      vertex 61 126.256 47.0556
      vertex 61 125.8 47.4053
    endloop
  endfacet
  facet normal -0 -0.608541 -0.793522
    outer loop
      vertex 61 126.256 47.0556
      vertex 51 125.8 47.4053
      vertex 51 126.256 47.0556
    endloop
  endfacet
  facet normal 0 0.995193 -0.097938
    outer loop
      vertex 113 129.604 44.5245
      vertex 95 129.7 45.5
      vertex 113 129.7 45.5
    endloop
  endfacet
  facet normal 0 0.995193 -0.097938
    outer loop
      vertex 95 129.7 45.5
      vertex 113 129.604 44.5245
      vertex 95 129.604 44.5245
    endloop
  endfacet
  facet normal 0 0.471197 -0.882028
    outer loop
      vertex 95 126.613 40.8806
      vertex 113 127.478 41.3427
      vertex 113 126.613 40.8806
    endloop
  endfacet
  facet normal 0 0.471197 -0.882028
    outer loop
      vertex 113 127.478 41.3427
      vertex 95 126.613 40.8806
      vertex 95 127.478 41.3427
    endloop
  endfacet
  facet normal 0 0.881957 -0.471329
    outer loop
      vertex 113 128.857 42.7221
      vertex 95 129.319 43.5866
      vertex 113 129.319 43.5866
    endloop
  endfacet
  facet normal 0 0.881957 -0.471329
    outer loop
      vertex 95 129.319 43.5866
      vertex 113 128.857 42.7221
      vertex 95 128.857 42.7221
    endloop
  endfacet
  facet normal 0 0.773384 0.633938
    outer loop
      vertex 113 128.857 48.2779
      vertex 95 128.236 49.0355
      vertex 113 128.236 49.0355
    endloop
  endfacet
  facet normal 0 0.773384 0.633938
    outer loop
      vertex 95 128.236 49.0355
      vertex 113 128.857 48.2779
      vertex 95 128.857 48.2779
    endloop
  endfacet
  facet normal 0 0.634226 -0.773148
    outer loop
      vertex 95 127.478 41.3427
      vertex 113 128.236 41.9645
      vertex 113 127.478 41.3427
    endloop
  endfacet
  facet normal 0 0.634226 -0.773148
    outer loop
      vertex 113 128.236 41.9645
      vertex 95 127.478 41.3427
      vertex 95 128.236 41.9645
    endloop
  endfacet
  facet normal 0 -0.881957 0.471329
    outer loop
      vertex 95 120.081 47.4134
      vertex 113 120.543 48.2779
      vertex 95 120.543 48.2779
    endloop
  endfacet
  facet normal 0 -0.881957 0.471329
    outer loop
      vertex 113 120.543 48.2779
      vertex 95 120.081 47.4134
      vertex 113 120.081 47.4134
    endloop
  endfacet
  facet normal -0 0.634226 0.773148
    outer loop
      vertex 95 128.236 49.0355
      vertex 113 127.478 49.6573
      vertex 113 128.236 49.0355
    endloop
  endfacet
  facet normal 0 0.634226 0.773148
    outer loop
      vertex 113 127.478 49.6573
      vertex 95 128.236 49.0355
      vertex 95 127.478 49.6573
    endloop
  endfacet
  facet normal 1 0 0
    outer loop
      vertex 113 126 44
      vertex 113 129.7 45.5
      vertex 113 129.604 46.4755
    endloop
  endfacet
  facet normal 1 0 0
    outer loop
      vertex 113 126 44
      vertex 113 129.604 46.4755
      vertex 113 129.319 47.4134
    endloop
  endfacet
  facet normal 1 0 0
    outer loop
      vertex 113 129.7 45.5
      vertex 113 126 44
      vertex 113 129.604 44.5245
    endloop
  endfacet
  facet normal 1 0 0
    outer loop
      vertex 113 126 44
      vertex 113 129.319 47.4134
      vertex 113 128.857 48.2779
    endloop
  endfacet
  facet normal 1 0 0
    outer loop
      vertex 113 129.604 44.5245
      vertex 113 126 44
      vertex 113 129.319 43.5866
    endloop
  endfacet
  facet normal 1 0 0
    outer loop
      vertex 113 126 44
      vertex 113 128.857 48.2779
      vertex 113 128.236 49.0355
    endloop
  endfacet
  facet normal 1 0 0
    outer loop
      vertex 113 129.319 43.5866
      vertex 113 126 44
      vertex 113 128.857 42.7221
    endloop
  endfacet
  facet normal 1 0 0
    outer loop
      vertex 113 126 44
      vertex 113 128.236 49.0355
      vertex 113 127.478 49.6573
    endloop
  endfacet
  facet normal 1 0 0
    outer loop
      vertex 113 128.857 42.7221
      vertex 113 126 44
      vertex 113 128.236 41.9645
    endloop
  endfacet
  facet normal 1 0 0
    outer loop
      vertex 113 126 44
      vertex 113 127.478 49.6573
      vertex 113 126.613 50.1194
    endloop
  endfacet
  facet normal 1 0 0
    outer loop
      vertex 113 128.236 41.9645
      vertex 113 126 44
      vertex 113 127.478 41.3427
    endloop
  endfacet
  facet normal 1 0 0
    outer loop
      vertex 113 127.478 41.3427
      vertex 113 126 44
      vertex 113 126.613 40.8806
    endloop
  endfacet
  facet normal 1 0 0
    outer loop
      vertex 113 125.675 50.4039
      vertex 113 126 44
      vertex 113 126.613 50.1194
    endloop
  endfacet
  facet normal 1 0 0
    outer loop
      vertex 113 124.7 50.5
      vertex 113 126 44
      vertex 113 125.675 50.4039
    endloop
  endfacet
  facet normal 1 -0 0
    outer loop
      vertex 113 123.725 50.4039
      vertex 113 126 44
      vertex 113 124.7 50.5
    endloop
  endfacet
  facet normal 1 -0 0
    outer loop
      vertex 113 122.787 50.1194
      vertex 113 126 44
      vertex 113 123.725 50.4039
    endloop
  endfacet
  facet normal 1 -0 0
    outer loop
      vertex 113 121.922 49.6573
      vertex 113 126 44
      vertex 113 122.787 50.1194
    endloop
  endfacet
  facet normal 1 -0 0
    outer loop
      vertex 113 121.164 49.0355
      vertex 113 126 44
      vertex 113 121.922 49.6573
    endloop
  endfacet
  facet normal 1 -0 0
    outer loop
      vertex 113 120.543 48.2779
      vertex 113 126 44
      vertex 113 121.164 49.0355
    endloop
  endfacet
  facet normal 1 -0 0
    outer loop
      vertex 113 120.081 47.4134
      vertex 113 126 44
      vertex 113 120.543 48.2779
    endloop
  endfacet
  facet normal 1 -0 0
    outer loop
      vertex 113 119.796 46.4755
      vertex 113 126 44
      vertex 113 120.081 47.4134
    endloop
  endfacet
  facet normal 1 -0 0
    outer loop
      vertex 113 119.7 45.5
      vertex 113 126 44
      vertex 113 119.796 46.4755
    endloop
  endfacet
  facet normal 1 -0 -0
    outer loop
      vertex 113 119.796 44.5245
      vertex 113 126 44
      vertex 113 119.7 45.5
    endloop
  endfacet
  facet normal 1 0 0
    outer loop
      vertex 113 126 44
      vertex 113 119.796 44.5245
      vertex 113 119.955 44
    endloop
  endfacet
  facet normal 1 0 0
    outer loop
      vertex 113 126.613 40.8806
      vertex 113 126 44
      vertex 113 126 40.6945
    endloop
  endfacet
  facet normal 0 -0.634226 0.773148
    outer loop
      vertex 95 121.922 49.6573
      vertex 113 121.164 49.0355
      vertex 113 121.922 49.6573
    endloop
  endfacet
  facet normal 0 -0.634226 0.773148
    outer loop
      vertex 113 121.164 49.0355
      vertex 95 121.922 49.6573
      vertex 95 121.164 49.0355
    endloop
  endfacet
  facet normal 0 -0.471197 0.882028
    outer loop
      vertex 95 122.787 50.1194
      vertex 113 121.922 49.6573
      vertex 113 122.787 50.1194
    endloop
  endfacet
  facet normal 0 -0.471197 0.882028
    outer loop
      vertex 113 121.922 49.6573
      vertex 95 122.787 50.1194
      vertex 95 121.922 49.6573
    endloop
  endfacet
  facet normal 0 0.956801 0.290743
    outer loop
      vertex 113 129.604 46.4755
      vertex 95 129.319 47.4134
      vertex 113 129.319 47.4134
    endloop
  endfacet
  facet normal 0 0.956801 0.290743
    outer loop
      vertex 95 129.319 47.4134
      vertex 113 129.604 46.4755
      vertex 95 129.604 46.4755
    endloop
  endfacet
  facet normal 0 -0.956994 -0.290109
    outer loop
      vertex 95 119.955 44
      vertex 113 119.796 44.5245
      vertex 95 119.796 44.5245
    endloop
  endfacet
  facet normal 0 -0.956994 -0.290109
    outer loop
      vertex 113 119.796 44.5245
      vertex 95 119.955 44
      vertex 113 119.955 44
    endloop
  endfacet
  facet normal 0 0.773384 -0.633938
    outer loop
      vertex 113 128.236 41.9645
      vertex 95 128.857 42.7221
      vertex 113 128.857 42.7221
    endloop
  endfacet
  facet normal 0 0.773384 -0.633938
    outer loop
      vertex 95 128.857 42.7221
      vertex 113 128.236 41.9645
      vertex 95 128.236 41.9645
    endloop
  endfacet
  facet normal 0 0.995193 0.097938
    outer loop
      vertex 113 129.7 45.5
      vertex 95 129.604 46.4755
      vertex 113 129.604 46.4755
    endloop
  endfacet
  facet normal 0 0.995193 0.097938
    outer loop
      vertex 95 129.604 46.4755
      vertex 113 129.7 45.5
      vertex 95 129.7 45.5
    endloop
  endfacet
  facet normal 0 -0.0980888 0.995178
    outer loop
      vertex 95 124.7 50.5
      vertex 113 123.725 50.4039
      vertex 113 124.7 50.5
    endloop
  endfacet
  facet normal 0 -0.0980888 0.995178
    outer loop
      vertex 113 123.725 50.4039
      vertex 95 124.7 50.5
      vertex 95 123.725 50.4039
    endloop
  endfacet
  facet normal 0 -0.773384 0.633938
    outer loop
      vertex 95 120.543 48.2779
      vertex 113 121.164 49.0355
      vertex 95 121.164 49.0355
    endloop
  endfacet
  facet normal 0 -0.773384 0.633938
    outer loop
      vertex 113 121.164 49.0355
      vertex 95 120.543 48.2779
      vertex 113 120.543 48.2779
    endloop
  endfacet
  facet normal 0 0.290497 -0.956876
    outer loop
      vertex 95 126 40.6945
      vertex 113 126.613 40.8806
      vertex 113 126 40.6945
    endloop
  endfacet
  facet normal 0 0.290497 -0.956876
    outer loop
      vertex 113 126.613 40.8806
      vertex 95 126 40.6945
      vertex 95 126.613 40.8806
    endloop
  endfacet
  facet normal 0 -0.290248 0.956951
    outer loop
      vertex 95 123.725 50.4039
      vertex 113 122.787 50.1194
      vertex 113 123.725 50.4039
    endloop
  endfacet
  facet normal 0 -0.290248 0.956951
    outer loop
      vertex 113 122.787 50.1194
      vertex 95 123.725 50.4039
      vertex 95 122.787 50.1194
    endloop
  endfacet
  facet normal -0 0.0980888 0.995178
    outer loop
      vertex 95 125.675 50.4039
      vertex 113 124.7 50.5
      vertex 113 125.675 50.4039
    endloop
  endfacet
  facet normal 0 0.0980888 0.995178
    outer loop
      vertex 113 124.7 50.5
      vertex 95 125.675 50.4039
      vertex 95 124.7 50.5
    endloop
  endfacet
  facet normal 0 0.881957 0.471329
    outer loop
      vertex 113 129.319 47.4134
      vertex 95 128.857 48.2779
      vertex 113 128.857 48.2779
    endloop
  endfacet
  facet normal 0 0.881957 0.471329
    outer loop
      vertex 95 128.857 48.2779
      vertex 113 129.319 47.4134
      vertex 95 129.319 47.4134
    endloop
  endfacet
  facet normal 0 0.956801 -0.290743
    outer loop
      vertex 113 129.319 43.5866
      vertex 95 129.604 44.5245
      vertex 113 129.604 44.5245
    endloop
  endfacet
  facet normal 0 0.956801 -0.290743
    outer loop
      vertex 95 129.604 44.5245
      vertex 113 129.319 43.5866
      vertex 95 129.319 43.5866
    endloop
  endfacet
  facet normal -0 0.290248 0.956951
    outer loop
      vertex 95 126.613 50.1194
      vertex 113 125.675 50.4039
      vertex 113 126.613 50.1194
    endloop
  endfacet
  facet normal 0 0.290248 0.956951
    outer loop
      vertex 113 125.675 50.4039
      vertex 95 126.613 50.1194
      vertex 95 125.675 50.4039
    endloop
  endfacet
  facet normal 0 -0.995193 -0.097938
    outer loop
      vertex 95 119.796 44.5245
      vertex 113 119.7 45.5
      vertex 95 119.7 45.5
    endloop
  endfacet
  facet normal 0 -0.995193 -0.097938
    outer loop
      vertex 113 119.7 45.5
      vertex 95 119.796 44.5245
      vertex 113 119.796 44.5245
    endloop
  endfacet
  facet normal -1 0 0
    outer loop
      vertex 95 119.796 44.5245
      vertex 95 122.5 45.5
      vertex 95 122.575 44.9306
    endloop
  endfacet
  facet normal -1 0 0
    outer loop
      vertex 95 122.5 45.5
      vertex 95 121.164 49.0355
      vertex 95 121.922 49.6573
    endloop
  endfacet
  facet normal -1 0 0
    outer loop
      vertex 95 122.5 45.5
      vertex 95 120.543 48.2779
      vertex 95 121.164 49.0355
    endloop
  endfacet
  facet normal -1 0 0
    outer loop
      vertex 95 119.955 44
      vertex 95 122.575 44.9306
      vertex 95 122.795 44.4
    endloop
  endfacet
  facet normal -1 0 0
    outer loop
      vertex 95 122.5 45.5
      vertex 95 120.081 47.4134
      vertex 95 120.543 48.2779
    endloop
  endfacet
  facet normal -1 0 0
    outer loop
      vertex 95 119.955 44
      vertex 95 122.795 44.4
      vertex 95 123.102 44
    endloop
  endfacet
  facet normal -1 0 0
    outer loop
      vertex 95 122.575 44.9306
      vertex 95 119.955 44
      vertex 95 119.796 44.5245
    endloop
  endfacet
  facet normal -1 -0 0
    outer loop
      vertex 95 122.5 45.5
      vertex 95 119.796 44.5245
      vertex 95 119.7 45.5
    endloop
  endfacet
  facet normal -1 0 0
    outer loop
      vertex 95 122.5 45.5
      vertex 95 119.796 46.4755
      vertex 95 120.081 47.4134
    endloop
  endfacet
  facet normal -1 0 0
    outer loop
      vertex 95 122.5 45.5
      vertex 95 119.7 45.5
      vertex 95 119.796 46.4755
    endloop
  endfacet
  facet normal -1 0 0
    outer loop
      vertex 95 126.9 45.5
      vertex 95 129.7 45.5
      vertex 95 129.604 44.5245
    endloop
  endfacet
  facet normal -1 0 0
    outer loop
      vertex 95 126.825 44.9306
      vertex 95 129.604 44.5245
      vertex 95 129.319 43.5866
    endloop
  endfacet
  facet normal -1 0 0
    outer loop
      vertex 95 129.7 45.5
      vertex 95 126.9 45.5
      vertex 95 129.604 46.4755
    endloop
  endfacet
  facet normal -1 0 0
    outer loop
      vertex 95 126.605 44.4
      vertex 95 129.319 43.5866
      vertex 95 128.857 42.7221
    endloop
  endfacet
  facet normal -1 0 0
    outer loop
      vertex 95 126.825 46.0694
      vertex 95 129.604 46.4755
      vertex 95 126.9 45.5
    endloop
  endfacet
  facet normal -1 0 0
    outer loop
      vertex 95 126.256 43.9444
      vertex 95 128.857 42.7221
      vertex 95 128.236 41.9645
    endloop
  endfacet
  facet normal -1 -0 0
    outer loop
      vertex 95 129.604 46.4755
      vertex 95 126.825 46.0694
      vertex 95 129.319 47.4134
    endloop
  endfacet
  facet normal -1 0 0
    outer loop
      vertex 95 126.256 43.9444
      vertex 95 128.236 41.9645
      vertex 95 127.478 41.3427
    endloop
  endfacet
  facet normal -1 0 0
    outer loop
      vertex 95 126.605 46.6
      vertex 95 129.319 47.4134
      vertex 95 126.825 46.0694
    endloop
  endfacet
  facet normal -1 -0 0
    outer loop
      vertex 95 129.319 47.4134
      vertex 95 126.605 46.6
      vertex 95 128.857 48.2779
    endloop
  endfacet
  facet normal -1 0 0
    outer loop
      vertex 95 129.604 44.5245
      vertex 95 126.825 44.9306
      vertex 95 126.9 45.5
    endloop
  endfacet
  facet normal -1 0 0
    outer loop
      vertex 95 126 43.7482
      vertex 95 127.478 41.3427
      vertex 95 126.613 40.8806
    endloop
  endfacet
  facet normal -1 0 0
    outer loop
      vertex 95 129.319 43.5866
      vertex 95 126.605 44.4
      vertex 95 126.825 44.9306
    endloop
  endfacet
  facet normal -1 0 0
    outer loop
      vertex 95 128.857 42.7221
      vertex 95 126.256 43.9444
      vertex 95 126.605 44.4
    endloop
  endfacet
  facet normal -1 0 0
    outer loop
      vertex 95 126 43.7482
      vertex 95 126.613 40.8806
      vertex 95 126 40.6945
    endloop
  endfacet
  facet normal -1 0 0
    outer loop
      vertex 95 127.478 41.3427
      vertex 95 126 43.7482
      vertex 95 126.256 43.9444
    endloop
  endfacet
  facet normal -1 0 0
    outer loop
      vertex 95 126.256 47.0556
      vertex 95 128.857 48.2779
      vertex 95 126.605 46.6
    endloop
  endfacet
  facet normal -1 -0 0
    outer loop
      vertex 95 128.857 48.2779
      vertex 95 126.256 47.0556
      vertex 95 128.236 49.0355
    endloop
  endfacet
  facet normal -1 -0 0
    outer loop
      vertex 95 128.236 49.0355
      vertex 95 126.256 47.0556
      vertex 95 127.478 49.6573
    endloop
  endfacet
  facet normal -1 0 0
    outer loop
      vertex 95 125.8 47.4053
      vertex 95 127.478 49.6573
      vertex 95 126.256 47.0556
    endloop
  endfacet
  facet normal -1 -0 0
    outer loop
      vertex 95 127.478 49.6573
      vertex 95 125.8 47.4053
      vertex 95 126.613 50.1194
    endloop
  endfacet
  facet normal -1 0 0
    outer loop
      vertex 95 125.269 47.625
      vertex 95 126.613 50.1194
      vertex 95 125.8 47.4053
    endloop
  endfacet
  facet normal -1 -0 0
    outer loop
      vertex 95 126.613 50.1194
      vertex 95 125.269 47.625
      vertex 95 125.675 50.4039
    endloop
  endfacet
  facet normal -1 0 0
    outer loop
      vertex 95 124.7 47.7
      vertex 95 125.675 50.4039
      vertex 95 125.269 47.625
    endloop
  endfacet
  facet normal -1 0 0
    outer loop
      vertex 95 124.7 47.7
      vertex 95 124.7 50.5
      vertex 95 125.675 50.4039
    endloop
  endfacet
  facet normal -1 0 0
    outer loop
      vertex 95 123.725 50.4039
      vertex 95 124.7 47.7
      vertex 95 124.131 47.625
    endloop
  endfacet
  facet normal -1 0 0
    outer loop
      vertex 95 124.7 47.7
      vertex 95 123.725 50.4039
      vertex 95 124.7 50.5
    endloop
  endfacet
  facet normal -1 0 0
    outer loop
      vertex 95 122.787 50.1194
      vertex 95 124.131 47.625
      vertex 95 123.6 47.4053
    endloop
  endfacet
  facet normal -1 0 0
    outer loop
      vertex 95 121.922 49.6573
      vertex 95 123.6 47.4053
      vertex 95 123.144 47.0556
    endloop
  endfacet
  facet normal -1 0 0
    outer loop
      vertex 95 121.922 49.6573
      vertex 95 123.144 47.0556
      vertex 95 122.795 46.6
    endloop
  endfacet
  facet normal -1 0 0
    outer loop
      vertex 95 124.131 47.625
      vertex 95 122.787 50.1194
      vertex 95 123.725 50.4039
    endloop
  endfacet
  facet normal -1 0 0
    outer loop
      vertex 95 121.922 49.6573
      vertex 95 122.795 46.6
      vertex 95 122.575 46.0694
    endloop
  endfacet
  facet normal -1 0 0
    outer loop
      vertex 95 121.922 49.6573
      vertex 95 122.575 46.0694
      vertex 95 122.5 45.5
    endloop
  endfacet
  facet normal -1 0 0
    outer loop
      vertex 95 123.6 47.4053
      vertex 95 121.922 49.6573
      vertex 95 122.787 50.1194
    endloop
  endfacet
  facet normal -0 0.471197 0.882028
    outer loop
      vertex 95 127.478 49.6573
      vertex 113 126.613 50.1194
      vertex 113 127.478 49.6573
    endloop
  endfacet
  facet normal 0 0.471197 0.882028
    outer loop
      vertex 113 126.613 50.1194
      vertex 95 127.478 49.6573
      vertex 95 126.613 50.1194
    endloop
  endfacet
  facet normal 0 -0.956801 0.290743
    outer loop
      vertex 95 119.796 46.4755
      vertex 113 120.081 47.4134
      vertex 95 120.081 47.4134
    endloop
  endfacet
  facet normal 0 -0.956801 0.290743
    outer loop
      vertex 113 120.081 47.4134
      vertex 95 119.796 46.4755
      vertex 113 119.796 46.4755
    endloop
  endfacet
  facet normal 0 -0.995193 0.097938
    outer loop
      vertex 95 119.7 45.5
      vertex 113 119.796 46.4755
      vertex 95 119.796 46.4755
    endloop
  endfacet
  facet normal 0 -0.995193 0.097938
    outer loop
      vertex 113 119.796 46.4755
      vertex 95 119.7 45.5
      vertex 113 119.7 45.5
    endloop
  endfacet
  facet normal 0 -0.13068 -0.991425
    outer loop
      vertex 95 124.7 47.7
      vertex 105 125.269 47.625
      vertex 105 124.7 47.7
    endloop
  endfacet
  facet normal -0 -0.13068 -0.991425
    outer loop
      vertex 105 125.269 47.625
      vertex 95 124.7 47.7
      vertex 95 125.269 47.625
    endloop
  endfacet
  facet normal 0 -0.608301 0.793706
    outer loop
      vertex 95 126.256 43.9444
      vertex 105 126 43.7482
      vertex 105 126.256 43.9444
    endloop
  endfacet
  facet normal 0 -0.608301 0.793706
    outer loop
      vertex 105 126 43.7482
      vertex 95 126.256 43.9444
      vertex 95 126 43.7482
    endloop
  endfacet
  facet normal 0 0.991437 0.13059
    outer loop
      vertex 105 122.575 44.9306
      vertex 95 122.5 45.5
      vertex 105 122.5 45.5
    endloop
  endfacet
  facet normal 0 0.991437 0.13059
    outer loop
      vertex 95 122.5 45.5
      vertex 105 122.575 44.9306
      vertex 95 122.575 44.9306
    endloop
  endfacet
  facet normal 0 -0.382316 -0.924032
    outer loop
      vertex 95 125.269 47.625
      vertex 105 125.8 47.4053
      vertex 105 125.269 47.625
    endloop
  endfacet
  facet normal -0 -0.382316 -0.924032
    outer loop
      vertex 105 125.8 47.4053
      vertex 95 125.269 47.625
      vertex 95 125.8 47.4053
    endloop
  endfacet
  facet normal 0 -0.923745 0.383008
    outer loop
      vertex 95 126.605 44.4
      vertex 105 126.825 44.9306
      vertex 95 126.825 44.9306
    endloop
  endfacet
  facet normal 0 -0.923745 0.383008
    outer loop
      vertex 105 126.825 44.9306
      vertex 95 126.605 44.4
      vertex 105 126.605 44.4
    endloop
  endfacet
  facet normal 0 0.793287 0.608848
    outer loop
      vertex 105 123.102 44
      vertex 95 122.795 44.4
      vertex 105 122.795 44.4
    endloop
  endfacet
  facet normal 0 0.793287 0.608848
    outer loop
      vertex 95 122.795 44.4
      vertex 105 123.102 44
      vertex 95 123.102 44
    endloop
  endfacet
  facet normal 0 -0.991437 0.13059
    outer loop
      vertex 95 126.825 44.9306
      vertex 105 126.9 45.5
      vertex 95 126.9 45.5
    endloop
  endfacet
  facet normal 0 -0.991437 0.13059
    outer loop
      vertex 105 126.9 45.5
      vertex 95 126.825 44.9306
      vertex 105 126.825 44.9306
    endloop
  endfacet
  facet normal 0 0.382316 -0.924032
    outer loop
      vertex 95 123.6 47.4053
      vertex 105 124.131 47.625
      vertex 105 123.6 47.4053
    endloop
  endfacet
  facet normal 0 0.382316 -0.924032
    outer loop
      vertex 105 124.131 47.625
      vertex 95 123.6 47.4053
      vertex 95 124.131 47.625
    endloop
  endfacet
  facet normal -1 0 0
    outer loop
      vertex 105 126 44
      vertex 105 126.9 45.5
      vertex 105 126.825 44.9306
    endloop
  endfacet
  facet normal -1 0 0
    outer loop
      vertex 105 126 44
      vertex 105 126.825 44.9306
      vertex 105 126.605 44.4
    endloop
  endfacet
  facet normal -1 -0 0
    outer loop
      vertex 105 126.9 45.5
      vertex 105 126 44
      vertex 105 126.825 46.0694
    endloop
  endfacet
  facet normal -1 0 0
    outer loop
      vertex 105 126 44
      vertex 105 126.605 44.4
      vertex 105 126.256 43.9444
    endloop
  endfacet
  facet normal -1 -0 0
    outer loop
      vertex 105 126.825 46.0694
      vertex 105 126 44
      vertex 105 126.605 46.6
    endloop
  endfacet
  facet normal -1 0 0
    outer loop
      vertex 105 126 44
      vertex 105 126.256 43.9444
      vertex 105 126 43.7482
    endloop
  endfacet
  facet normal -1 -0 0
    outer loop
      vertex 105 126.605 46.6
      vertex 105 126 44
      vertex 105 126.256 47.0556
    endloop
  endfacet
  facet normal -1 0 0
    outer loop
      vertex 105 126 44
      vertex 105 125.8 47.4053
      vertex 105 126.256 47.0556
    endloop
  endfacet
  facet normal -1 0 0
    outer loop
      vertex 105 126 44
      vertex 105 125.269 47.625
      vertex 105 125.8 47.4053
    endloop
  endfacet
  facet normal -1 0 0
    outer loop
      vertex 105 126 44
      vertex 105 124.7 47.7
      vertex 105 125.269 47.625
    endloop
  endfacet
  facet normal -1 0 0
    outer loop
      vertex 105 126 44
      vertex 105 124.131 47.625
      vertex 105 124.7 47.7
    endloop
  endfacet
  facet normal -1 0 0
    outer loop
      vertex 105 126 44
      vertex 105 123.6 47.4053
      vertex 105 124.131 47.625
    endloop
  endfacet
  facet normal -1 0 0
    outer loop
      vertex 105 126 44
      vertex 105 123.144 47.0556
      vertex 105 123.6 47.4053
    endloop
  endfacet
  facet normal -1 0 0
    outer loop
      vertex 105 122.575 44.9306
      vertex 105 126 44
      vertex 105 123.102 44
    endloop
  endfacet
  facet normal -1 0 0
    outer loop
      vertex 105 122.575 44.9306
      vertex 105 123.102 44
      vertex 105 122.795 44.4
    endloop
  endfacet
  facet normal -1 0 0
    outer loop
      vertex 105 126 44
      vertex 105 122.795 46.6
      vertex 105 123.144 47.0556
    endloop
  endfacet
  facet normal -1 0 0
    outer loop
      vertex 105 122.5 45.5
      vertex 105 126 44
      vertex 105 122.575 44.9306
    endloop
  endfacet
  facet normal -1 0 0
    outer loop
      vertex 105 126 44
      vertex 105 122.575 46.0694
      vertex 105 122.795 46.6
    endloop
  endfacet
  facet normal -1 0 0
    outer loop
      vertex 105 126 44
      vertex 105 122.5 45.5
      vertex 105 122.575 46.0694
    endloop
  endfacet
  facet normal 0 0.608541 -0.793522
    outer loop
      vertex 95 123.144 47.0556
      vertex 105 123.6 47.4053
      vertex 105 123.144 47.0556
    endloop
  endfacet
  facet normal 0 0.608541 -0.793522
    outer loop
      vertex 105 123.6 47.4053
      vertex 95 123.144 47.0556
      vertex 95 123.6 47.4053
    endloop
  endfacet
  facet normal 0 -0.923745 -0.383008
    outer loop
      vertex 95 126.825 46.0694
      vertex 105 126.605 46.6
      vertex 95 126.605 46.6
    endloop
  endfacet
  facet normal 0 -0.923745 -0.383008
    outer loop
      vertex 105 126.605 46.6
      vertex 95 126.825 46.0694
      vertex 105 126.825 46.0694
    endloop
  endfacet
  facet normal 0 -0.991437 -0.13059
    outer loop
      vertex 95 126.9 45.5
      vertex 105 126.825 46.0694
      vertex 95 126.825 46.0694
    endloop
  endfacet
  facet normal 0 -0.991437 -0.13059
    outer loop
      vertex 105 126.825 46.0694
      vertex 95 126.9 45.5
      vertex 105 126.9 45.5
    endloop
  endfacet
  facet normal 0 0.793853 -0.60811
    outer loop
      vertex 105 122.795 46.6
      vertex 95 123.144 47.0556
      vertex 105 123.144 47.0556
    endloop
  endfacet
  facet normal 0 0.793853 -0.60811
    outer loop
      vertex 95 123.144 47.0556
      vertex 105 122.795 46.6
      vertex 95 122.795 46.6
    endloop
  endfacet
  facet normal 0 -0.793853 -0.60811
    outer loop
      vertex 95 126.605 46.6
      vertex 105 126.256 47.0556
      vertex 95 126.256 47.0556
    endloop
  endfacet
  facet normal 0 -0.793853 -0.60811
    outer loop
      vertex 105 126.256 47.0556
      vertex 95 126.605 46.6
      vertex 105 126.605 46.6
    endloop
  endfacet
  facet normal 0 -0.793853 0.60811
    outer loop
      vertex 95 126.256 43.9444
      vertex 105 126.605 44.4
      vertex 95 126.605 44.4
    endloop
  endfacet
  facet normal 0 -0.793853 0.60811
    outer loop
      vertex 105 126.605 44.4
      vertex 95 126.256 43.9444
      vertex 105 126.256 43.9444
    endloop
  endfacet
  facet normal 0 0.13068 -0.991425
    outer loop
      vertex 95 124.131 47.625
      vertex 105 124.7 47.7
      vertex 105 124.131 47.625
    endloop
  endfacet
  facet normal 0 0.13068 -0.991425
    outer loop
      vertex 105 124.7 47.7
      vertex 95 124.131 47.625
      vertex 95 124.7 47.7
    endloop
  endfacet
  facet normal 0 0.923745 0.383008
    outer loop
      vertex 105 122.795 44.4
      vertex 95 122.575 44.9306
      vertex 105 122.575 44.9306
    endloop
  endfacet
  facet normal 0 0.923745 0.383008
    outer loop
      vertex 95 122.575 44.9306
      vertex 105 122.795 44.4
      vertex 95 122.795 44.4
    endloop
  endfacet
  facet normal 0 0.923745 -0.383008
    outer loop
      vertex 105 122.575 46.0694
      vertex 95 122.795 46.6
      vertex 105 122.795 46.6
    endloop
  endfacet
  facet normal 0 0.923745 -0.383008
    outer loop
      vertex 95 122.795 46.6
      vertex 105 122.575 46.0694
      vertex 95 122.575 46.0694
    endloop
  endfacet
  facet normal 0 0.991437 -0.13059
    outer loop
      vertex 105 122.5 45.5
      vertex 95 122.575 46.0694
      vertex 105 122.575 46.0694
    endloop
  endfacet
  facet normal 0 0.991437 -0.13059
    outer loop
      vertex 95 122.575 46.0694
      vertex 105 122.5 45.5
      vertex 95 122.5 45.5
    endloop
  endfacet
  facet normal 0 -0.608541 -0.793522
    outer loop
      vertex 95 125.8 47.4053
      vertex 105 126.256 47.0556
      vertex 105 125.8 47.4053
    endloop
  endfacet
  facet normal -0 -0.608541 -0.793522
    outer loop
      vertex 105 126.256 47.0556
      vertex 95 125.8 47.4053
      vertex 95 126.256 47.0556
    endloop
  endfacet
  facet normal 0 0 -1
    outer loop
      vertex 0 -6 38
      vertex 120 0 38
      vertex 120 -6 38
    endloop
  endfacet
  facet normal -0 0 -1
    outer loop
      vertex 120 0 38
      vertex 0 -6 38
      vertex 0 0 38
    endloop
  endfacet
  facet normal 0 -1 0
    outer loop
      vertex 0 -6 44
      vertex 7 -6 43.7482
      vertex 17 -6 44
    endloop
  endfacet
  facet normal 0 -1 0
    outer loop
      vertex 0 -6 44
      vertex 7 -6 40.6945
      vertex 7 -6 43.7482
    endloop
  endfacet
  facet normal 0 -1 0
    outer loop
      vertex 0 -6 38
      vertex 25 -6 40.6945
      vertex 7 -6 40.6945
    endloop
  endfacet
  facet normal 0 -1 -0
    outer loop
      vertex 25 -6 40.6945
      vertex 0 -6 38
      vertex 51 -6 40.6945
    endloop
  endfacet
  facet normal 0 -1 -0
    outer loop
      vertex 51 -6 40.6945
      vertex 0 -6 38
      vertex 69 -6 40.6945
    endloop
  endfacet
  facet normal 0 -1 0
    outer loop
      vertex 120 -6 38
      vertex 69 -6 40.6945
      vertex 0 -6 38
    endloop
  endfacet
  facet normal 0 -1 0
    outer loop
      vertex 69 -6 40.6945
      vertex 120 -6 38
      vertex 95 -6 40.6945
    endloop
  endfacet
  facet normal 0 -1 0
    outer loop
      vertex 0 -6 38
      vertex 7 -6 40.6945
      vertex 0 -6 44
    endloop
  endfacet
  facet normal 0 -1 -0
    outer loop
      vertex 17 -6 44
      vertex 7 -6 43.7482
      vertex 17 -6 43.7482
    endloop
  endfacet
  facet normal 0 -1 0
    outer loop
      vertex 25 -6 44
      vertex 51 -6 43.7482
      vertex 61 -6 44
    endloop
  endfacet
  facet normal 0 -1 0
    outer loop
      vertex 25 -6 40.6945
      vertex 51 -6 43.7482
      vertex 25 -6 44
    endloop
  endfacet
  facet normal 0 -1 -0
    outer loop
      vertex 51 -6 43.7482
      vertex 25 -6 40.6945
      vertex 51 -6 40.6945
    endloop
  endfacet
  facet normal 0 -1 -0
    outer loop
      vertex 61 -6 44
      vertex 51 -6 43.7482
      vertex 61 -6 43.7482
    endloop
  endfacet
  facet normal 0 -1 0
    outer loop
      vertex 69 -6 44
      vertex 95 -6 43.7482
      vertex 105 -6 44
    endloop
  endfacet
  facet normal 0 -1 0
    outer loop
      vertex 69 -6 40.6945
      vertex 95 -6 43.7482
      vertex 69 -6 44
    endloop
  endfacet
  facet normal 0 -1 -0
    outer loop
      vertex 95 -6 43.7482
      vertex 69 -6 40.6945
      vertex 95 -6 40.6945
    endloop
  endfacet
  facet normal 0 -1 -0
    outer loop
      vertex 105 -6 44
      vertex 95 -6 43.7482
      vertex 105 -6 43.7482
    endloop
  endfacet
  facet normal 0 -1 0
    outer loop
      vertex 113 -6 40.6945
      vertex 120 -6 44
      vertex 113 -6 44
    endloop
  endfacet
  facet normal 0 -1 0
    outer loop
      vertex 113 -6 40.6945
      vertex 120 -6 38
      vertex 120 -6 44
    endloop
  endfacet
  facet normal 0 -1 0
    outer loop
      vertex 95 -6 40.6945
      vertex 120 -6 38
      vertex 113 -6 40.6945
    endloop
  endfacet
  facet normal 0 0 -1
    outer loop
      vertex 0 120 38
      vertex 120 126 38
      vertex 120 120 38
    endloop
  endfacet
  facet normal -0 0 -1
    outer loop
      vertex 120 126 38
      vertex 0 120 38
      vertex 0 126 38
    endloop
  endfacet
  facet normal 0 1 0
    outer loop
      vertex 120 126 44
      vertex 113 126 40.6945
      vertex 113 126 44
    endloop
  endfacet
  facet normal 0 1 0
    outer loop
      vertex 120 126 38
      vertex 95 126 40.6945
      vertex 113 126 40.6945
    endloop
  endfacet
  facet normal 0 1 0
    outer loop
      vertex 95 126 40.6945
      vertex 120 126 38
      vertex 69 126 40.6945
    endloop
  endfacet
  facet normal 0 1 0
    outer loop
      vertex 69 126 40.6945
      vertex 120 126 38
      vertex 51 126 40.6945
    endloop
  endfacet
  facet normal 0 1 0
    outer loop
      vertex 0 126 38
      vertex 51 126 40.6945
      vertex 120 126 38
    endloop
  endfacet
  facet normal 0 1 0
    outer loop
      vertex 51 126 40.6945
      vertex 0 126 38
      vertex 25 126 40.6945
    endloop
  endfacet
  facet normal 0 1 -0
    outer loop
      vertex 120 126 38
      vertex 113 126 40.6945
      vertex 120 126 44
    endloop
  endfacet
  facet normal 0 1 0
    outer loop
      vertex 95 126 43.7482
      vertex 105 126 44
      vertex 105 126 43.7482
    endloop
  endfacet
  facet normal 0 1 0
    outer loop
      vertex 105 126 44
      vertex 95 126 43.7482
      vertex 69 126 44
    endloop
  endfacet
  facet normal 0 1 -0
    outer loop
      vertex 95 126 40.6945
      vertex 69 126 44
      vertex 95 126 43.7482
    endloop
  endfacet
  facet normal 0 1 0
    outer loop
      vertex 69 126 44
      vertex 95 126 40.6945
      vertex 69 126 40.6945
    endloop
  endfacet
  facet normal 0 1 0
    outer loop
      vertex 51 126 43.7482
      vertex 61 126 44
      vertex 61 126 43.7482
    endloop
  endfacet
  facet normal 0 1 0
    outer loop
      vertex 61 126 44
      vertex 51 126 43.7482
      vertex 25 126 44
    endloop
  endfacet
  facet normal 0 1 -0
    outer loop
      vertex 51 126 40.6945
      vertex 25 126 44
      vertex 51 126 43.7482
    endloop
  endfacet
  facet normal 0 1 0
    outer loop
      vertex 25 126 44
      vertex 51 126 40.6945
      vertex 25 126 40.6945
    endloop
  endfacet
  facet normal 0 1 0
    outer loop
      vertex 7 126 43.7482
      vertex 17 126 44
      vertex 17 126 43.7482
    endloop
  endfacet
  facet normal 0 1 0
    outer loop
      vertex 17 126 44
      vertex 7 126 43.7482
      vertex 0 126 44
    endloop
  endfacet
  facet normal 0 1 -0
    outer loop
      vertex 7 126 40.6945
      vertex 0 126 44
      vertex 7 126 43.7482
    endloop
  endfacet
  facet normal 0 1 0
    outer loop
      vertex 7 126 40.6945
      vertex 0 126 38
      vertex 0 126 44
    endloop
  endfacet
  facet normal 0 1 0
    outer loop
      vertex 25 126 40.6945
      vertex 0 126 38
      vertex 7 126 40.6945
    endloop
  endfacet
endsolid OpenSCAD_Model
