solid OpenSCAD_Model
  facet normal 1 -0 0
    outer loop
      vertex 120 0 44
      vertex 120 120 0
      vertex 120 120 44
    endloop
  endfacet
  facet normal 1 0 0
    outer loop
      vertex 120 120 0
      vertex 120 0 44
      vertex 120 0 0
    endloop
  endfacet
  facet normal 0 0 1
    outer loop
      vertex 120 0 44
      vertex 116 6.95287 44
      vertex 117 3.7311 44
    endloop
  endfacet
  facet normal 0 0 1
    outer loop
      vertex 117 116.269 44
      vertex 113.884 63.5318 44
      vertex 114 60 44
    endloop
  endfacet
  facet normal 0 0 1
    outer loop
      vertex 117 116.269 44
      vertex 113.538 67.0484 44
      vertex 113.884 63.5318 44
    endloop
  endfacet
  facet normal 0 0 1
    outer loop
      vertex 116 113.047 44
      vertex 112.962 70.5349 44
      vertex 113.538 67.0484 44
    endloop
  endfacet
  facet normal 0 0 1
    outer loop
      vertex 116 113.047 44
      vertex 112.16 73.9762 44
      vertex 112.962 70.5349 44
    endloop
  endfacet
  facet normal 0 0 1
    outer loop
      vertex 116 113.047 44
      vertex 111.134 77.3577 44
      vertex 112.16 73.9762 44
    endloop
  endfacet
  facet normal 0 0 1
    outer loop
      vertex 116 113.047 44
      vertex 109.889 80.6649 44
      vertex 111.134 77.3577 44
    endloop
  endfacet
  facet normal 0 0 1
    outer loop
      vertex 116 113.047 44
      vertex 108.431 83.8836 44
      vertex 109.889 80.6649 44
    endloop
  endfacet
  facet normal 0 0 1
    outer loop
      vertex 116 113.047 44
      vertex 106.765 87 44
      vertex 108.431 83.8836 44
    endloop
  endfacet
  facet normal 0 0 1
    outer loop
      vertex 116 113.047 44
      vertex 104.899 90.0008 44
      vertex 106.765 87 44
    endloop
  endfacet
  facet normal 0 0 1
    outer loop
      vertex 116 113.047 44
      vertex 102.841 92.8731 44
      vertex 104.899 90.0008 44
    endloop
  endfacet
  facet normal 0 0 1
    outer loop
      vertex 116 113.047 44
      vertex 100.599 95.6047 44
      vertex 102.841 92.8731 44
    endloop
  endfacet
  facet normal 0 0 1
    outer loop
      vertex 116 113.047 44
      vertex 98.1838 98.1838 44
      vertex 100.599 95.6047 44
    endloop
  endfacet
  facet normal 0 0 1
    outer loop
      vertex 116 113.047 44
      vertex 95.6047 100.599 44
      vertex 98.1838 98.1838 44
    endloop
  endfacet
  facet normal 0 0 1
    outer loop
      vertex 116 113.047 44
      vertex 92.8731 102.841 44
      vertex 95.6047 100.599 44
    endloop
  endfacet
  facet normal 0 0 1
    outer loop
      vertex 116 113.047 44
      vertex 90.0008 104.899 44
      vertex 92.8731 102.841 44
    endloop
  endfacet
  facet normal 0 0 1
    outer loop
      vertex 116 113.047 44
      vertex 87 106.765 44
      vertex 90.0008 104.899 44
    endloop
  endfacet
  facet normal 0 0 1
    outer loop
      vertex 116 113.047 44
      vertex 83.8836 108.431 44
      vertex 87 106.765 44
    endloop
  endfacet
  facet normal 0 0 1
    outer loop
      vertex 116 113.047 44
      vertex 80.6649 109.889 44
      vertex 83.8836 108.431 44
    endloop
  endfacet
  facet normal 0 0 1
    outer loop
      vertex 116 113.047 44
      vertex 77.3577 111.134 44
      vertex 80.6649 109.889 44
    endloop
  endfacet
  facet normal 0 0 1
    outer loop
      vertex 116 113.047 44
      vertex 73.9762 112.16 44
      vertex 77.3577 111.134 44
    endloop
  endfacet
  facet normal 0 0 1
    outer loop
      vertex 116 113.047 44
      vertex 70.5349 112.962 44
      vertex 73.9762 112.16 44
    endloop
  endfacet
  facet normal 0 -0 1
    outer loop
      vertex 70.5349 112.962 44
      vertex 116 113.047 44
      vertex 70.0217 113.047 44
    endloop
  endfacet
  facet normal 0 0 1
    outer loop
      vertex 116 113.047 44
      vertex 117 116.269 44
      vertex 116 116.269 44
    endloop
  endfacet
  facet normal 0 0 1
    outer loop
      vertex 113.538 67.0484 44
      vertex 117 116.269 44
      vertex 116 113.047 44
    endloop
  endfacet
  facet normal -0 0 1
    outer loop
      vertex 113.884 56.4682 44
      vertex 120 0 44
      vertex 114 60 44
    endloop
  endfacet
  facet normal 0 0 1
    outer loop
      vertex 117 3.7311 44
      vertex 116 6.95287 44
      vertex 116 3.7311 44
    endloop
  endfacet
  facet normal 0 0 1
    outer loop
      vertex 117 116.269 44
      vertex 120 120 44
      vertex 117 120 44
    endloop
  endfacet
  facet normal 0 0 1
    outer loop
      vertex 114 60 44
      vertex 120 120 44
      vertex 117 116.269 44
    endloop
  endfacet
  facet normal 0 0 1
    outer loop
      vertex 120 120 44
      vertex 114 60 44
      vertex 120 0 44
    endloop
  endfacet
  facet normal 0 0 1
    outer loop
      vertex 120 0 44
      vertex 117 3.7311 44
      vertex 117 0 44
    endloop
  endfacet
  facet normal -0 0 1
    outer loop
      vertex 113.538 52.9516 44
      vertex 120 0 44
      vertex 113.884 56.4682 44
    endloop
  endfacet
  facet normal -0 0 1
    outer loop
      vertex 112.962 49.4651 44
      vertex 120 0 44
      vertex 113.538 52.9516 44
    endloop
  endfacet
  facet normal -0 0 1
    outer loop
      vertex 112.16 46.0238 44
      vertex 120 0 44
      vertex 112.962 49.4651 44
    endloop
  endfacet
  facet normal 0 0 1
    outer loop
      vertex 120 0 44
      vertex 112.16 46.0238 44
      vertex 116 6.95287 44
    endloop
  endfacet
  facet normal -0 0 1
    outer loop
      vertex 111.134 42.6423 44
      vertex 116 6.95287 44
      vertex 112.16 46.0238 44
    endloop
  endfacet
  facet normal -0 0 1
    outer loop
      vertex 109.889 39.3351 44
      vertex 116 6.95287 44
      vertex 111.134 42.6423 44
    endloop
  endfacet
  facet normal -0 0 1
    outer loop
      vertex 108.431 36.1164 44
      vertex 116 6.95287 44
      vertex 109.889 39.3351 44
    endloop
  endfacet
  facet normal -0 0 1
    outer loop
      vertex 106.765 33 44
      vertex 116 6.95287 44
      vertex 108.431 36.1164 44
    endloop
  endfacet
  facet normal -0 0 1
    outer loop
      vertex 104.899 29.9992 44
      vertex 116 6.95287 44
      vertex 106.765 33 44
    endloop
  endfacet
  facet normal -0 0 1
    outer loop
      vertex 102.841 27.1269 44
      vertex 116 6.95287 44
      vertex 104.899 29.9992 44
    endloop
  endfacet
  facet normal -0 0 1
    outer loop
      vertex 100.599 24.3953 44
      vertex 116 6.95287 44
      vertex 102.841 27.1269 44
    endloop
  endfacet
  facet normal -0 0 1
    outer loop
      vertex 98.1838 21.8162 44
      vertex 116 6.95287 44
      vertex 100.599 24.3953 44
    endloop
  endfacet
  facet normal -0 0 1
    outer loop
      vertex 95.6047 19.4007 44
      vertex 116 6.95287 44
      vertex 98.1838 21.8162 44
    endloop
  endfacet
  facet normal -0 0 1
    outer loop
      vertex 92.8731 17.1589 44
      vertex 116 6.95287 44
      vertex 95.6047 19.4007 44
    endloop
  endfacet
  facet normal -0 0 1
    outer loop
      vertex 90.0008 15.1006 44
      vertex 116 6.95287 44
      vertex 92.8731 17.1589 44
    endloop
  endfacet
  facet normal -0 0 1
    outer loop
      vertex 87 13.2346 44
      vertex 116 6.95287 44
      vertex 90.0008 15.1006 44
    endloop
  endfacet
  facet normal -0 0 1
    outer loop
      vertex 83.8836 11.5689 44
      vertex 116 6.95287 44
      vertex 87 13.2346 44
    endloop
  endfacet
  facet normal -0 0 1
    outer loop
      vertex 80.6649 10.1105 44
      vertex 116 6.95287 44
      vertex 83.8836 11.5689 44
    endloop
  endfacet
  facet normal -0 0 1
    outer loop
      vertex 77.3577 8.86577 44
      vertex 116 6.95287 44
      vertex 80.6649 10.1105 44
    endloop
  endfacet
  facet normal -0 0 1
    outer loop
      vertex 73.9762 7.84 44
      vertex 116 6.95287 44
      vertex 77.3577 8.86577 44
    endloop
  endfacet
  facet normal -0 0 1
    outer loop
      vertex 70.5349 7.03759 44
      vertex 116 6.95287 44
      vertex 73.9762 7.84 44
    endloop
  endfacet
  facet normal 0 0 1
    outer loop
      vertex 116 6.95287 44
      vertex 70.5349 7.03759 44
      vertex 70.0217 6.95287 44
    endloop
  endfacet
  facet normal 0 0 1
    outer loop
      vertex 6.46198 67.0484 44
      vertex 0 116.562 44
      vertex 6.11562 63.5318 44
    endloop
  endfacet
  facet normal 0 0 1
    outer loop
      vertex 7.03759 70.5349 44
      vertex 0 116.562 44
      vertex 6.46198 67.0484 44
    endloop
  endfacet
  facet normal 0 0 1
    outer loop
      vertex 7.84 73.9762 44
      vertex 0 116.562 44
      vertex 7.03759 70.5349 44
    endloop
  endfacet
  facet normal 0 0 1
    outer loop
      vertex 8.86577 77.3577 44
      vertex 0 116.562 44
      vertex 7.84 73.9762 44
    endloop
  endfacet
  facet normal 0 0 1
    outer loop
      vertex 10.1105 80.6649 44
      vertex 0 116.562 44
      vertex 8.86577 77.3577 44
    endloop
  endfacet
  facet normal 0 0 1
    outer loop
      vertex 0 116.562 44
      vertex 10.1105 80.6649 44
      vertex 4 113.047 44
    endloop
  endfacet
  facet normal 0 0 1
    outer loop
      vertex 11.5689 83.8836 44
      vertex 4 113.047 44
      vertex 10.1105 80.6649 44
    endloop
  endfacet
  facet normal 0 0 1
    outer loop
      vertex 13.2346 87 44
      vertex 4 113.047 44
      vertex 11.5689 83.8836 44
    endloop
  endfacet
  facet normal 0 0 1
    outer loop
      vertex 15.1006 90.0008 44
      vertex 4 113.047 44
      vertex 13.2346 87 44
    endloop
  endfacet
  facet normal 0 0 1
    outer loop
      vertex 17.1589 92.8731 44
      vertex 4 113.047 44
      vertex 15.1006 90.0008 44
    endloop
  endfacet
  facet normal 0 0 1
    outer loop
      vertex 19.4007 95.6047 44
      vertex 4 113.047 44
      vertex 17.1589 92.8731 44
    endloop
  endfacet
  facet normal 0 0 1
    outer loop
      vertex 21.8162 98.1838 44
      vertex 4 113.047 44
      vertex 19.4007 95.6047 44
    endloop
  endfacet
  facet normal 0 0 1
    outer loop
      vertex 24.3953 100.599 44
      vertex 4 113.047 44
      vertex 21.8162 98.1838 44
    endloop
  endfacet
  facet normal 0 0 1
    outer loop
      vertex 27.1269 102.841 44
      vertex 4 113.047 44
      vertex 24.3953 100.599 44
    endloop
  endfacet
  facet normal 0 0 1
    outer loop
      vertex 29.9992 104.899 44
      vertex 4 113.047 44
      vertex 27.1269 102.841 44
    endloop
  endfacet
  facet normal 0 0 1
    outer loop
      vertex 33 106.765 44
      vertex 4 113.047 44
      vertex 29.9992 104.899 44
    endloop
  endfacet
  facet normal 0 0 1
    outer loop
      vertex 36.1164 108.431 44
      vertex 4 113.047 44
      vertex 33 106.765 44
    endloop
  endfacet
  facet normal 0 0 1
    outer loop
      vertex 39.3351 109.889 44
      vertex 4 113.047 44
      vertex 36.1164 108.431 44
    endloop
  endfacet
  facet normal 0 0 1
    outer loop
      vertex 42.6423 111.134 44
      vertex 4 113.047 44
      vertex 39.3351 109.889 44
    endloop
  endfacet
  facet normal 0 0 1
    outer loop
      vertex 46.0238 112.16 44
      vertex 4 113.047 44
      vertex 42.6423 111.134 44
    endloop
  endfacet
  facet normal 0 0 1
    outer loop
      vertex 49.4651 112.962 44
      vertex 4 113.047 44
      vertex 46.0238 112.16 44
    endloop
  endfacet
  facet normal -0 0 1
    outer loop
      vertex 4 113.047 44
      vertex 49.4651 112.962 44
      vertex 49.9783 113.047 44
    endloop
  endfacet
  facet normal 0 0 1
    outer loop
      vertex 6.11562 63.5318 44
      vertex 0 116.562 44
      vertex 6 60 44
    endloop
  endfacet
  facet normal 0 0 1
    outer loop
      vertex 49.4651 7.03759 44
      vertex 4 6.95287 44
      vertex 49.9783 6.95287 44
    endloop
  endfacet
  facet normal 0 0 1
    outer loop
      vertex 46.0238 7.84 44
      vertex 4 6.95287 44
      vertex 49.4651 7.03759 44
    endloop
  endfacet
  facet normal 0 0 1
    outer loop
      vertex 42.6423 8.86577 44
      vertex 4 6.95287 44
      vertex 46.0238 7.84 44
    endloop
  endfacet
  facet normal 0 0 1
    outer loop
      vertex 39.3351 10.1105 44
      vertex 4 6.95287 44
      vertex 42.6423 8.86577 44
    endloop
  endfacet
  facet normal 0 0 1
    outer loop
      vertex 36.1164 11.5689 44
      vertex 4 6.95287 44
      vertex 39.3351 10.1105 44
    endloop
  endfacet
  facet normal 0 0 1
    outer loop
      vertex 33 13.2346 44
      vertex 4 6.95287 44
      vertex 36.1164 11.5689 44
    endloop
  endfacet
  facet normal 0 0 1
    outer loop
      vertex 29.9992 15.1006 44
      vertex 4 6.95287 44
      vertex 33 13.2346 44
    endloop
  endfacet
  facet normal 0 0 1
    outer loop
      vertex 27.1269 17.1589 44
      vertex 4 6.95287 44
      vertex 29.9992 15.1006 44
    endloop
  endfacet
  facet normal 0 0 1
    outer loop
      vertex 24.3953 19.4007 44
      vertex 4 6.95287 44
      vertex 27.1269 17.1589 44
    endloop
  endfacet
  facet normal 0 0 1
    outer loop
      vertex 21.8162 21.8162 44
      vertex 4 6.95287 44
      vertex 24.3953 19.4007 44
    endloop
  endfacet
  facet normal 0 0 1
    outer loop
      vertex 19.4007 24.3953 44
      vertex 4 6.95287 44
      vertex 21.8162 21.8162 44
    endloop
  endfacet
  facet normal 0 0 1
    outer loop
      vertex 17.1589 27.1269 44
      vertex 4 6.95287 44
      vertex 19.4007 24.3953 44
    endloop
  endfacet
  facet normal 0 0 1
    outer loop
      vertex 15.1006 29.9992 44
      vertex 4 6.95287 44
      vertex 17.1589 27.1269 44
    endloop
  endfacet
  facet normal 0 0 1
    outer loop
      vertex 13.2346 33 44
      vertex 4 6.95287 44
      vertex 15.1006 29.9992 44
    endloop
  endfacet
  facet normal 0 0 1
    outer loop
      vertex 11.5689 36.1164 44
      vertex 4 6.95287 44
      vertex 13.2346 33 44
    endloop
  endfacet
  facet normal 0 0 1
    outer loop
      vertex 10.1105 39.3351 44
      vertex 4 6.95287 44
      vertex 11.5689 36.1164 44
    endloop
  endfacet
  facet normal 0 0 1
    outer loop
      vertex 8.86577 42.6423 44
      vertex 4 6.95287 44
      vertex 10.1105 39.3351 44
    endloop
  endfacet
  facet normal 0 0 1
    outer loop
      vertex 7.84 46.0238 44
      vertex 4 6.95287 44
      vertex 8.86577 42.6423 44
    endloop
  endfacet
  facet normal 0 0 1
    outer loop
      vertex 7.03759 49.4651 44
      vertex 4 6.95287 44
      vertex 7.84 46.0238 44
    endloop
  endfacet
  facet normal 0 0 1
    outer loop
      vertex 6.46198 52.9516 44
      vertex 4 6.95287 44
      vertex 7.03759 49.4651 44
    endloop
  endfacet
  facet normal 0 0 1
    outer loop
      vertex 0 3.4377 44
      vertex 6.46198 52.9516 44
      vertex 6.11562 56.4682 44
    endloop
  endfacet
  facet normal 0 0 1
    outer loop
      vertex 0 116.562 44
      vertex 4 113.047 44
      vertex 3 116.269 44
    endloop
  endfacet
  facet normal -0 0 1
    outer loop
      vertex 0 116.562 44
      vertex 3 116.269 44
      vertex 3 116.562 44
    endloop
  endfacet
  facet normal 0 0 1
    outer loop
      vertex 6 60 44
      vertex 0 3.4377 44
      vertex 6.11562 56.4682 44
    endloop
  endfacet
  facet normal 0 0 1
    outer loop
      vertex 6.46198 52.9516 44
      vertex 0 3.4377 44
      vertex 3 3.7311 44
    endloop
  endfacet
  facet normal 0 0 1
    outer loop
      vertex 3 3.7311 44
      vertex 0 3.4377 44
      vertex 3 3.4377 44
    endloop
  endfacet
  facet normal -0 0 1
    outer loop
      vertex 3 116.269 44
      vertex 4 113.047 44
      vertex 4 116.269 44
    endloop
  endfacet
  facet normal 0 0 1
    outer loop
      vertex 0 3.4377 44
      vertex 6 60 44
      vertex 0 116.562 44
    endloop
  endfacet
  facet normal 0 0 1
    outer loop
      vertex 6.46198 52.9516 44
      vertex 3 3.7311 44
      vertex 4 6.95287 44
    endloop
  endfacet
  facet normal 0 0 1
    outer loop
      vertex 4 6.95287 44
      vertex 3 3.7311 44
      vertex 4 3.7311 44
    endloop
  endfacet
  facet normal 0 0 -1
    outer loop
      vertex 0 0 0
      vertex 120 120 0
      vertex 120 0 0
    endloop
  endfacet
  facet normal -0 0 -1
    outer loop
      vertex 120 120 0
      vertex 0 0 0
      vertex 0 120 0
    endloop
  endfacet
  facet normal -1 0 0
    outer loop
      vertex 0 120 0
      vertex 0 119.11 42.1003
      vertex 0 120 42
    endloop
  endfacet
  facet normal -1 0 0
    outer loop
      vertex 0 120 0
      vertex 0 118.264 42.3961
      vertex 0 119.11 42.1003
    endloop
  endfacet
  facet normal -1 0 0
    outer loop
      vertex 0 120 0
      vertex 0 117.506 42.8727
      vertex 0 118.264 42.3961
    endloop
  endfacet
  facet normal -1 0 0
    outer loop
      vertex 0 120 0
      vertex 0 116.873 43.506
      vertex 0 117.506 42.8727
    endloop
  endfacet
  facet normal -1 0 0
    outer loop
      vertex 0 120 0
      vertex 0 116.562 44
      vertex 0 116.873 43.506
    endloop
  endfacet
  facet normal -1 0 0
    outer loop
      vertex 0 120 0
      vertex 0 3.4377 44
      vertex 0 116.562 44
    endloop
  endfacet
  facet normal -1 0 0
    outer loop
      vertex 0 0 0
      vertex 0 3.4377 44
      vertex 0 120 0
    endloop
  endfacet
  facet normal -1 0 0
    outer loop
      vertex 0 3.4377 44
      vertex 0 0 0
      vertex 0 3.12733 43.506
    endloop
  endfacet
  facet normal -1 0 0
    outer loop
      vertex 0 3.12733 43.506
      vertex 0 0 0
      vertex 0 2.49396 42.8727
    endloop
  endfacet
  facet normal -1 0 0
    outer loop
      vertex 0 2.49396 42.8727
      vertex 0 0 0
      vertex 0 1.73553 42.3961
    endloop
  endfacet
  facet normal -1 0 0
    outer loop
      vertex 0 1.73553 42.3961
      vertex 0 0 0
      vertex 0 0.890083 42.1003
    endloop
  endfacet
  facet normal -1 0 0
    outer loop
      vertex 0 0.890083 42.1003
      vertex 0 0 0
      vertex 0 0 42
    endloop
  endfacet
  facet normal 0 1 0
    outer loop
      vertex 120 120 44
      vertex 117 120 41.75
      vertex 117 120 44
    endloop
  endfacet
  facet normal 0 1 0
    outer loop
      vertex 117 120 41.75
      vertex 116 120 38.75
      vertex 116 120 41.75
    endloop
  endfacet
  facet normal 0 1 0
    outer loop
      vertex 120 120 44
      vertex 116 120 38.75
      vertex 117 120 41.75
    endloop
  endfacet
  facet normal 0 1 0
    outer loop
      vertex 116 120 38.75
      vertex 120 120 0
      vertex 4 120 38.75
    endloop
  endfacet
  facet normal 0 1 -0
    outer loop
      vertex 120 120 0
      vertex 116 120 38.75
      vertex 120 120 44
    endloop
  endfacet
  facet normal 0 1 0
    outer loop
      vertex 4 120 41.75
      vertex 4 120 38.75
      vertex 3 120 41.75
    endloop
  endfacet
  facet normal 0 1 -0
    outer loop
      vertex 3 120 41.75
      vertex 0 120 42
      vertex 3 120 42
    endloop
  endfacet
  facet normal 0 1 0
    outer loop
      vertex 4 120 38.75
      vertex 0 120 42
      vertex 3 120 41.75
    endloop
  endfacet
  facet normal 0 1 0
    outer loop
      vertex 4 120 38.75
      vertex 0 120 0
      vertex 0 120 42
    endloop
  endfacet
  facet normal 0 1 0
    outer loop
      vertex 0 120 0
      vertex 4 120 38.75
      vertex 120 120 0
    endloop
  endfacet
  facet normal 0 -1 0
    outer loop
      vertex 0 0 42
      vertex 3 0 41.75
      vertex 3 0 42
    endloop
  endfacet
  facet normal 0 -1 0
    outer loop
      vertex 3 0 41.75
      vertex 4 0 38.75
      vertex 4 0 41.75
    endloop
  endfacet
  facet normal 0 -1 0
    outer loop
      vertex 0 0 42
      vertex 4 0 38.75
      vertex 3 0 41.75
    endloop
  endfacet
  facet normal 0 -1 -0
    outer loop
      vertex 4 0 38.75
      vertex 0 0 0
      vertex 116 0 38.75
    endloop
  endfacet
  facet normal 0 -1 0
    outer loop
      vertex 0 0 0
      vertex 4 0 38.75
      vertex 0 0 42
    endloop
  endfacet
  facet normal 0 -1 0
    outer loop
      vertex 116 0 41.75
      vertex 116 0 38.75
      vertex 117 0 41.75
    endloop
  endfacet
  facet normal 0 -1 0
    outer loop
      vertex 117 0 41.75
      vertex 120 0 44
      vertex 117 0 44
    endloop
  endfacet
  facet normal 0 -1 0
    outer loop
      vertex 116 0 38.75
      vertex 120 0 44
      vertex 117 0 41.75
    endloop
  endfacet
  facet normal 0 -1 0
    outer loop
      vertex 116 0 38.75
      vertex 120 0 0
      vertex 120 0 44
    endloop
  endfacet
  facet normal 0 -1 0
    outer loop
      vertex 120 0 0
      vertex 116 0 38.75
      vertex 0 0 0
    endloop
  endfacet
  facet normal -0.995195 -0.0979177 0
    outer loop
      vertex 113.884 63.5318 4
      vertex 113.538 67.0484 44
      vertex 113.538 67.0484 4
    endloop
  endfacet
  facet normal -0.995195 -0.0979177 0
    outer loop
      vertex 113.538 67.0484 44
      vertex 113.884 63.5318 4
      vertex 113.884 63.5318 44
    endloop
  endfacet
  facet normal -0.999461 -0.0328267 0
    outer loop
      vertex 114 60 4
      vertex 113.884 63.5318 44
      vertex 113.884 63.5318 4
    endloop
  endfacet
  facet normal -0.999461 -0.0328267 0
    outer loop
      vertex 113.884 63.5318 44
      vertex 114 60 4
      vertex 114 60 44
    endloop
  endfacet
  facet normal 0.881927 -0.471386 0
    outer loop
      vertex 11.5689 83.8836 44
      vertex 13.2346 87 4
      vertex 13.2346 87 44
    endloop
  endfacet
  facet normal 0.881927 -0.471386 0
    outer loop
      vertex 13.2346 87 4
      vertex 11.5689 83.8836 44
      vertex 11.5689 83.8836 4
    endloop
  endfacet
  facet normal 0.290345 -0.956922 0
    outer loop
      vertex 42.6423 111.134 4
      vertex 46.0238 112.16 44
      vertex 42.6423 111.134 44
    endloop
  endfacet
  facet normal 0.290345 -0.956922 0
    outer loop
      vertex 46.0238 112.16 44
      vertex 42.6423 111.134 4
      vertex 46.0238 112.16 4
    endloop
  endfacet
  facet normal -0.910904 0.412619 0
    outer loop
      vertex 108.431 36.1164 4
      vertex 109.889 39.3351 44
      vertex 109.889 39.3351 4
    endloop
  endfacet
  facet normal -0.910904 0.412619 0
    outer loop
      vertex 109.889 39.3351 44
      vertex 108.431 36.1164 4
      vertex 108.431 36.1164 44
    endloop
  endfacet
  facet normal 0.352247 0.935907 -0
    outer loop
      vertex 42.6423 8.86577 4
      vertex 39.3351 10.1105 44
      vertex 42.6423 8.86577 44
    endloop
  endfacet
  facet normal 0.352247 0.935907 0
    outer loop
      vertex 39.3351 10.1105 44
      vertex 42.6423 8.86577 4
      vertex 39.3351 10.1105 4
    endloop
  endfacet
  facet normal -0.471386 0.881927 0
    outer loop
      vertex 87 13.2346 4
      vertex 83.8836 11.5689 44
      vertex 87 13.2346 44
    endloop
  endfacet
  facet normal -0.471386 0.881927 0
    outer loop
      vertex 83.8836 11.5689 44
      vertex 87 13.2346 4
      vertex 83.8836 11.5689 4
    endloop
  endfacet
  facet normal -0.290286 0.95694 0
    outer loop
      vertex 77.3577 8.86577 4
      vertex 73.9762 7.84 44
      vertex 77.3577 8.86577 44
    endloop
  endfacet
  facet normal -0.290286 0.95694 0
    outer loop
      vertex 73.9762 7.84 44
      vertex 77.3577 8.86577 4
      vertex 73.9762 7.84 4
    endloop
  endfacet
  facet normal -0.995195 0.0979177 0
    outer loop
      vertex 113.538 52.9516 4
      vertex 113.884 56.4682 44
      vertex 113.884 56.4682 4
    endloop
  endfacet
  facet normal -0.995195 0.0979177 0
    outer loop
      vertex 113.884 56.4682 44
      vertex 113.538 52.9516 4
      vertex 113.538 52.9516 44
    endloop
  endfacet
  facet normal 0.352314 -0.935882 0
    outer loop
      vertex 39.3351 109.889 4
      vertex 42.6423 111.134 44
      vertex 39.3351 109.889 44
    endloop
  endfacet
  facet normal 0.352314 -0.935882 0
    outer loop
      vertex 42.6423 111.134 44
      vertex 39.3351 109.889 4
      vertex 42.6423 111.134 4
    endloop
  endfacet
  facet normal -0.729919 0.683533 0
    outer loop
      vertex 98.1838 21.8162 4
      vertex 100.599 24.3953 44
      vertex 100.599 24.3953 4
    endloop
  endfacet
  facet normal -0.729919 0.683533 0
    outer loop
      vertex 100.599 24.3953 44
      vertex 98.1838 21.8162 4
      vertex 98.1838 21.8162 44
    endloop
  endfacet
  facet normal -0.973902 -0.226969 0
    outer loop
      vertex 112.962 70.5349 4
      vertex 112.16 73.9762 44
      vertex 112.16 73.9762 4
    endloop
  endfacet
  facet normal -0.973902 -0.226969 0
    outer loop
      vertex 112.16 73.9762 44
      vertex 112.962 70.5349 4
      vertex 112.962 70.5349 44
    endloop
  endfacet
  facet normal 0.910861 0.412713 0
    outer loop
      vertex 11.5689 36.1164 44
      vertex 10.1105 39.3351 4
      vertex 10.1105 39.3351 44
    endloop
  endfacet
  facet normal 0.910861 0.412713 0
    outer loop
      vertex 10.1105 39.3351 4
      vertex 11.5689 36.1164 44
      vertex 11.5689 36.1164 4
    endloop
  endfacet
  facet normal -0.352314 -0.935882 0
    outer loop
      vertex 77.3577 111.134 4
      vertex 80.6649 109.889 44
      vertex 77.3577 111.134 44
    endloop
  endfacet
  facet normal -0.352314 -0.935882 -0
    outer loop
      vertex 80.6649 109.889 44
      vertex 77.3577 111.134 4
      vertex 80.6649 109.889 4
    endloop
  endfacet
  facet normal 0.95694 0.290286 0
    outer loop
      vertex 8.86577 42.6423 44
      vertex 7.84 46.0238 4
      vertex 7.84 46.0238 44
    endloop
  endfacet
  facet normal 0.95694 0.290286 0
    outer loop
      vertex 7.84 46.0238 4
      vertex 8.86577 42.6423 44
      vertex 8.86577 42.6423 4
    endloop
  endfacet
  facet normal 0.0328267 -0.999461 0
    outer loop
      vertex 56.4682 113.884 4
      vertex 60 114 41.9582
      vertex 56.4682 113.884 42.1469
    endloop
  endfacet
  facet normal 0.0328267 -0.999461 0
    outer loop
      vertex 60 114 41.9582
      vertex 56.4682 113.884 4
      vertex 60 114 4
    endloop
  endfacet
  facet normal -0.772978 -0.634433 0
    outer loop
      vertex 102.841 92.8731 4
      vertex 100.599 95.6047 44
      vertex 100.599 95.6047 4
    endloop
  endfacet
  facet normal -0.772978 -0.634433 0
    outer loop
      vertex 100.599 95.6047 44
      vertex 102.841 92.8731 4
      vertex 102.841 92.8731 44
    endloop
  endfacet
  facet normal -0.956922 -0.290345 0
    outer loop
      vertex 112.16 73.9762 4
      vertex 111.134 77.3577 44
      vertex 111.134 77.3577 4
    endloop
  endfacet
  facet normal -0.956922 -0.290345 0
    outer loop
      vertex 111.134 77.3577 44
      vertex 112.16 73.9762 4
      vertex 112.16 73.9762 44
    endloop
  endfacet
  facet normal 0.227079 0.973876 -0
    outer loop
      vertex 49.4651 7.03759 4
      vertex 46.0238 7.84 44
      vertex 49.4651 7.03759 44
    endloop
  endfacet
  facet normal 0.227079 0.973876 0
    outer loop
      vertex 46.0238 7.84 44
      vertex 49.4651 7.03759 4
      vertex 46.0238 7.84 4
    endloop
  endfacet
  facet normal -0.935882 -0.352314 0
    outer loop
      vertex 111.134 77.3577 4
      vertex 109.889 80.6649 44
      vertex 109.889 80.6649 4
    endloop
  endfacet
  facet normal -0.935882 -0.352314 0
    outer loop
      vertex 109.889 80.6649 44
      vertex 111.134 77.3577 4
      vertex 111.134 77.3577 44
    endloop
  endfacet
  facet normal 0.999465 0.0327193 0
    outer loop
      vertex 6.11562 56.4682 44
      vertex 6 60 4
      vertex 6 60 44
    endloop
  endfacet
  facet normal 0.999465 0.0327193 0
    outer loop
      vertex 6 60 4
      vertex 6.11562 56.4682 44
      vertex 6.11562 56.4682 4
    endloop
  endfacet
  facet normal -0.812882 -0.582429 0
    outer loop
      vertex 104.899 90.0008 4
      vertex 102.841 92.8731 44
      vertex 102.841 92.8731 4
    endloop
  endfacet
  facet normal -0.812882 -0.582429 0
    outer loop
      vertex 102.841 92.8731 44
      vertex 104.899 90.0008 4
      vertex 104.899 90.0008 44
    endloop
  endfacet
  facet normal -0.956922 0.290345 0
    outer loop
      vertex 111.134 42.6423 4
      vertex 112.16 46.0238 44
      vertex 112.16 46.0238 4
    endloop
  endfacet
  facet normal -0.956922 0.290345 0
    outer loop
      vertex 112.16 46.0238 44
      vertex 111.134 42.6423 4
      vertex 111.134 42.6423 44
    endloop
  endfacet
  facet normal 0.683579 0.729877 -0
    outer loop
      vertex 24.3953 19.4007 4
      vertex 21.8162 21.8162 44
      vertex 24.3953 19.4007 44
    endloop
  endfacet
  facet normal 0.683579 0.729877 0
    outer loop
      vertex 21.8162 21.8162 44
      vertex 24.3953 19.4007 4
      vertex 21.8162 21.8162 4
    endloop
  endfacet
  facet normal 0.528064 0.849204 -0
    outer loop
      vertex 33 13.2346 4
      vertex 29.9992 15.1006 44
      vertex 33 13.2346 44
    endloop
  endfacet
  facet normal 0.528064 0.849204 0
    outer loop
      vertex 29.9992 15.1006 44
      vertex 33 13.2346 4
      vertex 29.9992 15.1006 4
    endloop
  endfacet
  facet normal 0.986644 0.162892 0
    outer loop
      vertex 7.03759 49.4651 44
      vertex 6.46198 52.9516 4
      vertex 6.46198 52.9516 44
    endloop
  endfacet
  facet normal 0.986644 0.162892 0
    outer loop
      vertex 6.46198 52.9516 4
      vertex 7.03759 49.4651 44
      vertex 7.03759 49.4651 4
    endloop
  endfacet
  facet normal -0.634433 -0.772978 0
    outer loop
      vertex 92.8731 102.841 4
      vertex 95.6047 100.599 44
      vertex 92.8731 102.841 44
    endloop
  endfacet
  facet normal -0.634433 -0.772978 -0
    outer loop
      vertex 95.6047 100.599 44
      vertex 92.8731 102.841 4
      vertex 95.6047 100.599 4
    endloop
  endfacet
  facet normal 0.412619 -0.910904 0
    outer loop
      vertex 36.1164 108.431 4
      vertex 39.3351 109.889 44
      vertex 36.1164 108.431 44
    endloop
  endfacet
  facet normal 0.412619 -0.910904 0
    outer loop
      vertex 39.3351 109.889 44
      vertex 36.1164 108.431 4
      vertex 39.3351 109.889 4
    endloop
  endfacet
  facet normal 0.634433 -0.772978 0
    outer loop
      vertex 24.3953 100.599 4
      vertex 27.1269 102.841 44
      vertex 24.3953 100.599 44
    endloop
  endfacet
  facet normal 0.634433 -0.772978 0
    outer loop
      vertex 27.1269 102.841 44
      vertex 24.3953 100.599 4
      vertex 27.1269 102.841 4
    endloop
  endfacet
  facet normal -0.881892 -0.471452 0
    outer loop
      vertex 108.431 83.8836 4
      vertex 106.765 87 44
      vertex 106.765 87 4
    endloop
  endfacet
  facet normal -0.881892 -0.471452 0
    outer loop
      vertex 106.765 87 44
      vertex 108.431 83.8836 4
      vertex 108.431 83.8836 44
    endloop
  endfacet
  facet normal 0.683533 -0.729919 0
    outer loop
      vertex 21.8162 98.1838 4
      vertex 24.3953 100.599 44
      vertex 21.8162 98.1838 44
    endloop
  endfacet
  facet normal 0.683533 -0.729919 0
    outer loop
      vertex 24.3953 100.599 44
      vertex 21.8162 98.1838 4
      vertex 24.3953 100.599 4
    endloop
  endfacet
  facet normal 0.935907 -0.352247 0
    outer loop
      vertex 8.86577 77.3577 44
      vertex 10.1105 80.6649 4
      vertex 10.1105 80.6649 44
    endloop
  endfacet
  facet normal 0.935907 -0.352247 0
    outer loop
      vertex 10.1105 80.6649 4
      vertex 8.86577 77.3577 44
      vertex 8.86577 77.3577 4
    endloop
  endfacet
  facet normal -0.162877 0.986646 -5.70363e-05
    outer loop
      vertex 70.5349 7.03759 44
      vertex 69.6722 6.89516 43.7596
      vertex 70.0217 6.95287 44
    endloop
  endfacet
  facet normal -0.162896 0.986643 1.25325e-05
    outer loop
      vertex 70.5349 7.03759 44
      vertex 67.0484 6.46198 42.7138
      vertex 69.6722 6.89516 43.7596
    endloop
  endfacet
  facet normal -0.162892 0.986644 0
    outer loop
      vertex 70.5349 7.03759 4
      vertex 67.0484 6.46198 42.7138
      vertex 70.5349 7.03759 44
    endloop
  endfacet
  facet normal -0.162892 0.986644 0
    outer loop
      vertex 67.0484 6.46198 42.7138
      vertex 70.5349 7.03759 4
      vertex 67.0484 6.46198 4
    endloop
  endfacet
  facet normal -0.528064 -0.849204 0
    outer loop
      vertex 87 106.765 4
      vertex 90.0008 104.899 44
      vertex 87 106.765 44
    endloop
  endfacet
  facet normal -0.528064 -0.849204 -0
    outer loop
      vertex 90.0008 104.899 44
      vertex 87 106.765 4
      vertex 90.0008 104.899 4
    endloop
  endfacet
  facet normal -0.471452 -0.881892 0
    outer loop
      vertex 83.8836 108.431 4
      vertex 87 106.765 44
      vertex 83.8836 108.431 44
    endloop
  endfacet
  facet normal -0.471452 -0.881892 -0
    outer loop
      vertex 87 106.765 44
      vertex 83.8836 108.431 4
      vertex 87 106.765 4
    endloop
  endfacet
  facet normal -0.0981661 0.99517 0
    outer loop
      vertex 67.0484 6.46198 4
      vertex 67.0263 6.4598 42.7086
      vertex 67.0484 6.46198 42.7138
    endloop
  endfacet
  facet normal -0.0980177 0.995185 8.55708e-08
    outer loop
      vertex 67.0484 6.46198 4
      vertex 63.5318 6.11562 42.1469
      vertex 67.0263 6.4598 42.7086
    endloop
  endfacet
  facet normal -0.0980186 0.995185 0
    outer loop
      vertex 63.5318 6.11562 42.1469
      vertex 67.0484 6.46198 4
      vertex 63.5318 6.11562 4
    endloop
  endfacet
  facet normal -0.849204 0.528064 0
    outer loop
      vertex 104.899 29.9992 4
      vertex 106.765 33 44
      vertex 106.765 33 4
    endloop
  endfacet
  facet normal -0.849204 0.528064 0
    outer loop
      vertex 106.765 33 44
      vertex 104.899 29.9992 4
      vertex 104.899 29.9992 44
    endloop
  endfacet
  facet normal -0.729919 -0.683533 0
    outer loop
      vertex 100.599 95.6047 4
      vertex 98.1838 98.1838 44
      vertex 98.1838 98.1838 4
    endloop
  endfacet
  facet normal -0.729919 -0.683533 0
    outer loop
      vertex 98.1838 98.1838 44
      vertex 100.599 95.6047 4
      vertex 100.599 95.6047 44
    endloop
  endfacet
  facet normal -0.634399 0.773006 0
    outer loop
      vertex 95.6047 19.4007 4
      vertex 92.8731 17.1589 44
      vertex 95.6047 19.4007 44
    endloop
  endfacet
  facet normal -0.634399 0.773006 0
    outer loop
      vertex 92.8731 17.1589 44
      vertex 95.6047 19.4007 4
      vertex 92.8731 17.1589 4
    endloop
  endfacet
  facet normal 0.95694 -0.290286 0
    outer loop
      vertex 7.84 73.9762 44
      vertex 8.86577 77.3577 4
      vertex 8.86577 77.3577 44
    endloop
  endfacet
  facet normal 0.95694 -0.290286 0
    outer loop
      vertex 8.86577 77.3577 4
      vertex 7.84 73.9762 44
      vertex 7.84 73.9762 4
    endloop
  endfacet
  facet normal 0.773006 -0.634399 0
    outer loop
      vertex 17.1589 92.8731 44
      vertex 19.4007 95.6047 4
      vertex 19.4007 95.6047 44
    endloop
  endfacet
  facet normal 0.773006 -0.634399 0
    outer loop
      vertex 19.4007 95.6047 4
      vertex 17.1589 92.8731 44
      vertex 17.1589 92.8731 4
    endloop
  endfacet
  facet normal 0.935907 0.352247 0
    outer loop
      vertex 10.1105 39.3351 44
      vertex 8.86577 42.6423 4
      vertex 8.86577 42.6423 44
    endloop
  endfacet
  facet normal 0.935907 0.352247 0
    outer loop
      vertex 8.86577 42.6423 4
      vertex 10.1105 39.3351 44
      vertex 10.1105 39.3351 4
    endloop
  endfacet
  facet normal 0.729877 -0.683579 0
    outer loop
      vertex 19.4007 95.6047 44
      vertex 21.8162 98.1838 4
      vertex 21.8162 98.1838 44
    endloop
  endfacet
  facet normal 0.729877 -0.683579 0
    outer loop
      vertex 21.8162 98.1838 4
      vertex 19.4007 95.6047 44
      vertex 19.4007 95.6047 4
    endloop
  endfacet
  facet normal -0.582485 0.812841 0
    outer loop
      vertex 92.8731 17.1589 4
      vertex 90.0008 15.1006 44
      vertex 92.8731 17.1589 44
    endloop
  endfacet
  facet normal -0.582485 0.812841 0
    outer loop
      vertex 90.0008 15.1006 44
      vertex 92.8731 17.1589 4
      vertex 90.0008 15.1006 4
    endloop
  endfacet
  facet normal -0.910904 -0.412619 0
    outer loop
      vertex 109.889 80.6649 4
      vertex 108.431 83.8836 44
      vertex 108.431 83.8836 4
    endloop
  endfacet
  facet normal -0.910904 -0.412619 0
    outer loop
      vertex 108.431 83.8836 44
      vertex 109.889 80.6649 4
      vertex 109.889 80.6649 44
    endloop
  endfacet
  facet normal -0.683533 -0.729919 0
    outer loop
      vertex 95.6047 100.599 4
      vertex 98.1838 98.1838 44
      vertex 95.6047 100.599 44
    endloop
  endfacet
  facet normal -0.683533 -0.729919 -0
    outer loop
      vertex 98.1838 98.1838 44
      vertex 95.6047 100.599 4
      vertex 98.1838 98.1838 4
    endloop
  endfacet
  facet normal -0.812882 0.582429 0
    outer loop
      vertex 102.841 27.1269 4
      vertex 104.899 29.9992 44
      vertex 104.899 29.9992 4
    endloop
  endfacet
  facet normal -0.812882 0.582429 0
    outer loop
      vertex 104.899 29.9992 44
      vertex 102.841 27.1269 4
      vertex 102.841 27.1269 44
    endloop
  endfacet
  facet normal 0.0980186 0.995185 0
    outer loop
      vertex 52.9516 6.46198 4
      vertex 56.4682 6.11562 42.1469
      vertex 56.4682 6.11562 4
    endloop
  endfacet
  facet normal 0.0980177 0.995185 8.55708e-08
    outer loop
      vertex 56.4682 6.11562 42.1469
      vertex 52.9516 6.46198 4
      vertex 52.9737 6.4598 42.7086
    endloop
  endfacet
  facet normal 0.0981661 0.99517 0
    outer loop
      vertex 52.9737 6.4598 42.7086
      vertex 52.9516 6.46198 4
      vertex 52.9516 6.46198 42.7138
    endloop
  endfacet
  facet normal 0.973876 0.227079 0
    outer loop
      vertex 7.84 46.0238 44
      vertex 7.03759 49.4651 4
      vertex 7.03759 49.4651 44
    endloop
  endfacet
  facet normal 0.973876 0.227079 0
    outer loop
      vertex 7.03759 49.4651 4
      vertex 7.84 46.0238 44
      vertex 7.84 46.0238 4
    endloop
  endfacet
  facet normal 0.773006 0.634399 0
    outer loop
      vertex 19.4007 24.3953 44
      vertex 17.1589 27.1269 4
      vertex 17.1589 27.1269 44
    endloop
  endfacet
  facet normal 0.773006 0.634399 0
    outer loop
      vertex 17.1589 27.1269 4
      vertex 19.4007 24.3953 44
      vertex 19.4007 24.3953 4
    endloop
  endfacet
  facet normal -0.999461 0.0328267 0
    outer loop
      vertex 113.884 56.4682 4
      vertex 114 60 44
      vertex 114 60 4
    endloop
  endfacet
  facet normal -0.999461 0.0328267 0
    outer loop
      vertex 114 60 44
      vertex 113.884 56.4682 4
      vertex 113.884 56.4682 44
    endloop
  endfacet
  facet normal 0.0901294 -0.99593 0
    outer loop
      vertex 52.9516 113.538 4
      vertex 52.9737 113.54 42.7086
      vertex 52.9516 113.538 42.7138
    endloop
  endfacet
  facet normal 0.0979662 -0.99519 -4.5125e-06
    outer loop
      vertex 52.9516 113.538 4
      vertex 56.4682 113.884 42.1469
      vertex 52.9737 113.54 42.7086
    endloop
  endfacet
  facet normal 0.0979177 -0.995195 0
    outer loop
      vertex 56.4682 113.884 42.1469
      vertex 52.9516 113.538 4
      vertex 56.4682 113.884 4
    endloop
  endfacet
  facet normal 0.729877 0.683579 0
    outer loop
      vertex 21.8162 21.8162 44
      vertex 19.4007 24.3953 4
      vertex 19.4007 24.3953 44
    endloop
  endfacet
  facet normal 0.729877 0.683579 0
    outer loop
      vertex 19.4007 24.3953 4
      vertex 21.8162 21.8162 44
      vertex 21.8162 21.8162 4
    endloop
  endfacet
  facet normal 0.995185 0.0980186 0
    outer loop
      vertex 6.46198 52.9516 44
      vertex 6.11562 56.4682 4
      vertex 6.11562 56.4682 44
    endloop
  endfacet
  facet normal 0.995185 0.0980186 0
    outer loop
      vertex 6.11562 56.4682 4
      vertex 6.46198 52.9516 44
      vertex 6.46198 52.9516 4
    endloop
  endfacet
  facet normal -0.0327193 0.999465 0
    outer loop
      vertex 63.5318 6.11562 4
      vertex 60 6 41.9582
      vertex 63.5318 6.11562 42.1469
    endloop
  endfacet
  facet normal -0.0327193 0.999465 0
    outer loop
      vertex 60 6 41.9582
      vertex 63.5318 6.11562 4
      vertex 60 6 4
    endloop
  endfacet
  facet normal 0.849204 0.528064 0
    outer loop
      vertex 15.1006 29.9992 44
      vertex 13.2346 33 4
      vertex 13.2346 33 44
    endloop
  endfacet
  facet normal 0.849204 0.528064 0
    outer loop
      vertex 13.2346 33 4
      vertex 15.1006 29.9992 44
      vertex 15.1006 29.9992 4
    endloop
  endfacet
  facet normal -0.683579 0.729877 0
    outer loop
      vertex 98.1838 21.8162 4
      vertex 95.6047 19.4007 44
      vertex 98.1838 21.8162 44
    endloop
  endfacet
  facet normal -0.683579 0.729877 0
    outer loop
      vertex 95.6047 19.4007 44
      vertex 98.1838 21.8162 4
      vertex 95.6047 19.4007 4
    endloop
  endfacet
  facet normal -0.412713 0.910861 0
    outer loop
      vertex 83.8836 11.5689 4
      vertex 80.6649 10.1105 44
      vertex 83.8836 11.5689 44
    endloop
  endfacet
  facet normal -0.412713 0.910861 0
    outer loop
      vertex 80.6649 10.1105 44
      vertex 83.8836 11.5689 4
      vertex 80.6649 10.1105 4
    endloop
  endfacet
  facet normal 0.849204 -0.528064 0
    outer loop
      vertex 13.2346 87 44
      vertex 15.1006 90.0008 4
      vertex 15.1006 90.0008 44
    endloop
  endfacet
  facet normal 0.849204 -0.528064 0
    outer loop
      vertex 15.1006 90.0008 4
      vertex 13.2346 87 44
      vertex 13.2346 87 4
    endloop
  endfacet
  facet normal 0.163401 -0.98656 -0.000464599
    outer loop
      vertex 49.4651 112.962 44
      vertex 50.3278 113.105 43.7596
      vertex 49.9783 113.047 44
    endloop
  endfacet
  facet normal 0.165154 -0.986249 0.00601051
    outer loop
      vertex 49.4651 112.962 44
      vertex 52.9516 113.538 42.7138
      vertex 50.3278 113.105 43.7596
    endloop
  endfacet
  facet normal 0.162999 -0.986626 0
    outer loop
      vertex 49.4651 112.962 4
      vertex 52.9516 113.538 42.7138
      vertex 49.4651 112.962 44
    endloop
  endfacet
  facet normal 0.162999 -0.986626 0
    outer loop
      vertex 52.9516 113.538 42.7138
      vertex 49.4651 112.962 4
      vertex 52.9516 113.538 4
    endloop
  endfacet
  facet normal 0.582429 -0.812882 0
    outer loop
      vertex 27.1269 102.841 4
      vertex 29.9992 104.899 44
      vertex 27.1269 102.841 44
    endloop
  endfacet
  facet normal 0.582429 -0.812882 0
    outer loop
      vertex 29.9992 104.899 44
      vertex 27.1269 102.841 4
      vertex 29.9992 104.899 4
    endloop
  endfacet
  facet normal -0.226969 -0.973902 0
    outer loop
      vertex 70.5349 112.962 4
      vertex 73.9762 112.16 44
      vertex 70.5349 112.962 44
    endloop
  endfacet
  facet normal -0.226969 -0.973902 -0
    outer loop
      vertex 73.9762 112.16 44
      vertex 70.5349 112.962 4
      vertex 73.9762 112.16 4
    endloop
  endfacet
  facet normal -0.412619 -0.910904 0
    outer loop
      vertex 80.6649 109.889 4
      vertex 83.8836 108.431 44
      vertex 80.6649 109.889 44
    endloop
  endfacet
  facet normal -0.412619 -0.910904 -0
    outer loop
      vertex 83.8836 108.431 44
      vertex 80.6649 109.889 4
      vertex 83.8836 108.431 4
    endloop
  endfacet
  facet normal -0.849204 -0.528064 0
    outer loop
      vertex 106.765 87 4
      vertex 104.899 90.0008 44
      vertex 104.899 90.0008 4
    endloop
  endfacet
  facet normal -0.849204 -0.528064 0
    outer loop
      vertex 104.899 90.0008 44
      vertex 106.765 87 4
      vertex 106.765 87 44
    endloop
  endfacet
  facet normal -0.973902 0.226969 0
    outer loop
      vertex 112.16 46.0238 4
      vertex 112.962 49.4651 44
      vertex 112.962 49.4651 4
    endloop
  endfacet
  facet normal -0.973902 0.226969 0
    outer loop
      vertex 112.962 49.4651 44
      vertex 112.16 46.0238 4
      vertex 112.16 46.0238 44
    endloop
  endfacet
  facet normal -0.881892 0.471452 0
    outer loop
      vertex 106.765 33 4
      vertex 108.431 36.1164 44
      vertex 108.431 36.1164 4
    endloop
  endfacet
  facet normal -0.881892 0.471452 0
    outer loop
      vertex 108.431 36.1164 44
      vertex 106.765 33 4
      vertex 106.765 33 44
    endloop
  endfacet
  facet normal -0.772978 0.634433 0
    outer loop
      vertex 100.599 24.3953 4
      vertex 102.841 27.1269 44
      vertex 102.841 27.1269 4
    endloop
  endfacet
  facet normal -0.772978 0.634433 0
    outer loop
      vertex 102.841 27.1269 44
      vertex 100.599 24.3953 4
      vertex 100.599 24.3953 44
    endloop
  endfacet
  facet normal -0.352247 0.935907 0
    outer loop
      vertex 80.6649 10.1105 4
      vertex 77.3577 8.86577 44
      vertex 80.6649 10.1105 44
    endloop
  endfacet
  facet normal -0.352247 0.935907 0
    outer loop
      vertex 77.3577 8.86577 44
      vertex 80.6649 10.1105 4
      vertex 77.3577 8.86577 4
    endloop
  endfacet
  facet normal -0.528064 0.849204 0
    outer loop
      vertex 90.0008 15.1006 4
      vertex 87 13.2346 44
      vertex 90.0008 15.1006 44
    endloop
  endfacet
  facet normal -0.528064 0.849204 0
    outer loop
      vertex 87 13.2346 44
      vertex 90.0008 15.1006 4
      vertex 87 13.2346 4
    endloop
  endfacet
  facet normal -0.163401 -0.98656 -0.000464599
    outer loop
      vertex 69.6722 113.105 43.7596
      vertex 70.5349 112.962 44
      vertex 70.0217 113.047 44
    endloop
  endfacet
  facet normal -0.165154 -0.986249 0.00601051
    outer loop
      vertex 67.0484 113.538 42.7138
      vertex 70.5349 112.962 44
      vertex 69.6722 113.105 43.7596
    endloop
  endfacet
  facet normal -0.162999 -0.986626 0
    outer loop
      vertex 70.5349 112.962 4
      vertex 67.0484 113.538 42.7138
      vertex 67.0484 113.538 4
    endloop
  endfacet
  facet normal -0.162999 -0.986626 0
    outer loop
      vertex 67.0484 113.538 42.7138
      vertex 70.5349 112.962 4
      vertex 70.5349 112.962 44
    endloop
  endfacet
  facet normal -0.582429 -0.812882 0
    outer loop
      vertex 90.0008 104.899 4
      vertex 92.8731 102.841 44
      vertex 90.0008 104.899 44
    endloop
  endfacet
  facet normal -0.582429 -0.812882 -0
    outer loop
      vertex 92.8731 102.841 44
      vertex 90.0008 104.899 4
      vertex 92.8731 102.841 4
    endloop
  endfacet
  facet normal -0.935882 0.352314 0
    outer loop
      vertex 109.889 39.3351 4
      vertex 111.134 42.6423 44
      vertex 111.134 42.6423 4
    endloop
  endfacet
  facet normal -0.935882 0.352314 0
    outer loop
      vertex 111.134 42.6423 44
      vertex 109.889 39.3351 4
      vertex 109.889 39.3351 44
    endloop
  endfacet
  facet normal -0.227079 0.973876 0
    outer loop
      vertex 73.9762 7.84 4
      vertex 70.5349 7.03759 44
      vertex 73.9762 7.84 44
    endloop
  endfacet
  facet normal -0.227079 0.973876 0
    outer loop
      vertex 70.5349 7.03759 44
      vertex 73.9762 7.84 4
      vertex 70.5349 7.03759 4
    endloop
  endfacet
  facet normal -0.986626 -0.162999 0
    outer loop
      vertex 113.538 67.0484 4
      vertex 112.962 70.5349 44
      vertex 112.962 70.5349 4
    endloop
  endfacet
  facet normal -0.986626 -0.162999 0
    outer loop
      vertex 112.962 70.5349 44
      vertex 113.538 67.0484 4
      vertex 113.538 67.0484 44
    endloop
  endfacet
  facet normal 0.881927 0.471386 0
    outer loop
      vertex 13.2346 33 44
      vertex 11.5689 36.1164 4
      vertex 11.5689 36.1164 44
    endloop
  endfacet
  facet normal 0.881927 0.471386 0
    outer loop
      vertex 11.5689 36.1164 4
      vertex 13.2346 33 44
      vertex 13.2346 33 4
    endloop
  endfacet
  facet normal 0.162877 0.986646 -5.70363e-05
    outer loop
      vertex 50.3278 6.89516 43.7596
      vertex 49.4651 7.03759 44
      vertex 49.9783 6.95287 44
    endloop
  endfacet
  facet normal 0.162896 0.986643 1.25325e-05
    outer loop
      vertex 52.9516 6.46198 42.7138
      vertex 49.4651 7.03759 44
      vertex 50.3278 6.89516 43.7596
    endloop
  endfacet
  facet normal 0.162892 0.986644 0
    outer loop
      vertex 49.4651 7.03759 4
      vertex 52.9516 6.46198 42.7138
      vertex 52.9516 6.46198 4
    endloop
  endfacet
  facet normal 0.162892 0.986644 0
    outer loop
      vertex 52.9516 6.46198 42.7138
      vertex 49.4651 7.03759 4
      vertex 49.4651 7.03759 44
    endloop
  endfacet
  facet normal 0.226969 -0.973902 0
    outer loop
      vertex 46.0238 112.16 4
      vertex 49.4651 112.962 44
      vertex 46.0238 112.16 44
    endloop
  endfacet
  facet normal 0.226969 -0.973902 0
    outer loop
      vertex 49.4651 112.962 44
      vertex 46.0238 112.16 4
      vertex 49.4651 112.962 4
    endloop
  endfacet
  facet normal 0.812841 0.582485 0
    outer loop
      vertex 17.1589 27.1269 44
      vertex 15.1006 29.9992 4
      vertex 15.1006 29.9992 44
    endloop
  endfacet
  facet normal 0.812841 0.582485 0
    outer loop
      vertex 15.1006 29.9992 4
      vertex 17.1589 27.1269 44
      vertex 17.1589 27.1269 4
    endloop
  endfacet
  facet normal 0.995185 -0.0980186 0
    outer loop
      vertex 6.11562 63.5318 44
      vertex 6.46198 67.0484 4
      vertex 6.46198 67.0484 44
    endloop
  endfacet
  facet normal 0.995185 -0.0980186 0
    outer loop
      vertex 6.46198 67.0484 4
      vertex 6.11562 63.5318 44
      vertex 6.11562 63.5318 4
    endloop
  endfacet
  facet normal 0.290286 0.95694 -0
    outer loop
      vertex 46.0238 7.84 4
      vertex 42.6423 8.86577 44
      vertex 46.0238 7.84 44
    endloop
  endfacet
  facet normal 0.290286 0.95694 0
    outer loop
      vertex 42.6423 8.86577 44
      vertex 46.0238 7.84 4
      vertex 42.6423 8.86577 4
    endloop
  endfacet
  facet normal 0.0327193 0.999465 0
    outer loop
      vertex 56.4682 6.11562 4
      vertex 60 6 41.9582
      vertex 60 6 4
    endloop
  endfacet
  facet normal 0.0327193 0.999465 0
    outer loop
      vertex 60 6 41.9582
      vertex 56.4682 6.11562 4
      vertex 56.4682 6.11562 42.1469
    endloop
  endfacet
  facet normal -0.290345 -0.956922 0
    outer loop
      vertex 73.9762 112.16 4
      vertex 77.3577 111.134 44
      vertex 73.9762 112.16 44
    endloop
  endfacet
  facet normal -0.290345 -0.956922 -0
    outer loop
      vertex 77.3577 111.134 44
      vertex 73.9762 112.16 4
      vertex 77.3577 111.134 4
    endloop
  endfacet
  facet normal -0.0979177 -0.995195 0
    outer loop
      vertex 67.0484 113.538 4
      vertex 63.5318 113.884 42.1469
      vertex 63.5318 113.884 4
    endloop
  endfacet
  facet normal -0.0979662 -0.99519 -4.5125e-06
    outer loop
      vertex 63.5318 113.884 42.1469
      vertex 67.0484 113.538 4
      vertex 67.0263 113.54 42.7086
    endloop
  endfacet
  facet normal -0.0901294 -0.99593 0
    outer loop
      vertex 67.0263 113.54 42.7086
      vertex 67.0484 113.538 4
      vertex 67.0484 113.538 42.7138
    endloop
  endfacet
  facet normal 0.812841 -0.582485 0
    outer loop
      vertex 15.1006 90.0008 44
      vertex 17.1589 92.8731 4
      vertex 17.1589 92.8731 44
    endloop
  endfacet
  facet normal 0.812841 -0.582485 0
    outer loop
      vertex 17.1589 92.8731 4
      vertex 15.1006 90.0008 44
      vertex 15.1006 90.0008 4
    endloop
  endfacet
  facet normal -0.0328267 -0.999461 0
    outer loop
      vertex 63.5318 113.884 4
      vertex 60 114 41.9582
      vertex 60 114 4
    endloop
  endfacet
  facet normal -0.0328267 -0.999461 0
    outer loop
      vertex 60 114 41.9582
      vertex 63.5318 113.884 4
      vertex 63.5318 113.884 42.1469
    endloop
  endfacet
  facet normal 0 0 1
    outer loop
      vertex 113.884 63.5318 4
      vertex 113.884 56.4682 4
      vertex 114 60 4
    endloop
  endfacet
  facet normal 0 0 1
    outer loop
      vertex 113.538 67.0484 4
      vertex 113.884 56.4682 4
      vertex 113.884 63.5318 4
    endloop
  endfacet
  facet normal 0 0 1
    outer loop
      vertex 113.538 67.0484 4
      vertex 113.538 52.9516 4
      vertex 113.884 56.4682 4
    endloop
  endfacet
  facet normal 0 0 1
    outer loop
      vertex 112.962 70.5349 4
      vertex 113.538 52.9516 4
      vertex 113.538 67.0484 4
    endloop
  endfacet
  facet normal 0 0 1
    outer loop
      vertex 112.962 70.5349 4
      vertex 112.962 49.4651 4
      vertex 113.538 52.9516 4
    endloop
  endfacet
  facet normal 0 0 1
    outer loop
      vertex 112.16 73.9762 4
      vertex 112.962 49.4651 4
      vertex 112.962 70.5349 4
    endloop
  endfacet
  facet normal 0 0 1
    outer loop
      vertex 112.16 73.9762 4
      vertex 112.16 46.0238 4
      vertex 112.962 49.4651 4
    endloop
  endfacet
  facet normal 0 0 1
    outer loop
      vertex 111.134 77.3577 4
      vertex 112.16 46.0238 4
      vertex 112.16 73.9762 4
    endloop
  endfacet
  facet normal 0 0 1
    outer loop
      vertex 111.134 77.3577 4
      vertex 111.134 42.6423 4
      vertex 112.16 46.0238 4
    endloop
  endfacet
  facet normal 0 0 1
    outer loop
      vertex 109.889 80.6649 4
      vertex 111.134 42.6423 4
      vertex 111.134 77.3577 4
    endloop
  endfacet
  facet normal 0 0 1
    outer loop
      vertex 109.889 80.6649 4
      vertex 109.889 39.3351 4
      vertex 111.134 42.6423 4
    endloop
  endfacet
  facet normal 0 0 1
    outer loop
      vertex 108.431 83.8836 4
      vertex 109.889 39.3351 4
      vertex 109.889 80.6649 4
    endloop
  endfacet
  facet normal 0 0 1
    outer loop
      vertex 108.431 83.8836 4
      vertex 108.431 36.1164 4
      vertex 109.889 39.3351 4
    endloop
  endfacet
  facet normal 0 0 1
    outer loop
      vertex 106.765 87 4
      vertex 108.431 36.1164 4
      vertex 108.431 83.8836 4
    endloop
  endfacet
  facet normal 0 0 1
    outer loop
      vertex 106.765 87 4
      vertex 106.765 33 4
      vertex 108.431 36.1164 4
    endloop
  endfacet
  facet normal 0 0 1
    outer loop
      vertex 104.899 90.0008 4
      vertex 106.765 33 4
      vertex 106.765 87 4
    endloop
  endfacet
  facet normal 0 0 1
    outer loop
      vertex 104.899 90.0008 4
      vertex 104.899 29.9992 4
      vertex 106.765 33 4
    endloop
  endfacet
  facet normal 0 0 1
    outer loop
      vertex 102.841 92.8731 4
      vertex 104.899 29.9992 4
      vertex 104.899 90.0008 4
    endloop
  endfacet
  facet normal 0 0 1
    outer loop
      vertex 102.841 92.8731 4
      vertex 102.841 27.1269 4
      vertex 104.899 29.9992 4
    endloop
  endfacet
  facet normal 0 0 1
    outer loop
      vertex 100.599 95.6047 4
      vertex 102.841 27.1269 4
      vertex 102.841 92.8731 4
    endloop
  endfacet
  facet normal 0 0 1
    outer loop
      vertex 100.599 95.6047 4
      vertex 100.599 24.3953 4
      vertex 102.841 27.1269 4
    endloop
  endfacet
  facet normal 0 0 1
    outer loop
      vertex 98.1838 98.1838 4
      vertex 100.599 24.3953 4
      vertex 100.599 95.6047 4
    endloop
  endfacet
  facet normal 0 0 1
    outer loop
      vertex 98.1838 98.1838 4
      vertex 98.1838 21.8162 4
      vertex 100.599 24.3953 4
    endloop
  endfacet
  facet normal 0 0 1
    outer loop
      vertex 95.6047 100.599 4
      vertex 98.1838 21.8162 4
      vertex 98.1838 98.1838 4
    endloop
  endfacet
  facet normal 0 0 1
    outer loop
      vertex 95.6047 100.599 4
      vertex 95.6047 19.4007 4
      vertex 98.1838 21.8162 4
    endloop
  endfacet
  facet normal 0 0 1
    outer loop
      vertex 92.8731 102.841 4
      vertex 95.6047 19.4007 4
      vertex 95.6047 100.599 4
    endloop
  endfacet
  facet normal 0 0 1
    outer loop
      vertex 92.8731 102.841 4
      vertex 92.8731 17.1589 4
      vertex 95.6047 19.4007 4
    endloop
  endfacet
  facet normal 0 0 1
    outer loop
      vertex 90.0008 104.899 4
      vertex 92.8731 17.1589 4
      vertex 92.8731 102.841 4
    endloop
  endfacet
  facet normal 0 0 1
    outer loop
      vertex 90.0008 104.899 4
      vertex 90.0008 15.1006 4
      vertex 92.8731 17.1589 4
    endloop
  endfacet
  facet normal 0 0 1
    outer loop
      vertex 87 106.765 4
      vertex 90.0008 15.1006 4
      vertex 90.0008 104.899 4
    endloop
  endfacet
  facet normal 0 0 1
    outer loop
      vertex 87 106.765 4
      vertex 87 13.2346 4
      vertex 90.0008 15.1006 4
    endloop
  endfacet
  facet normal 0 0 1
    outer loop
      vertex 83.8836 108.431 4
      vertex 87 13.2346 4
      vertex 87 106.765 4
    endloop
  endfacet
  facet normal 0 0 1
    outer loop
      vertex 83.8836 108.431 4
      vertex 83.8836 11.5689 4
      vertex 87 13.2346 4
    endloop
  endfacet
  facet normal 0 0 1
    outer loop
      vertex 80.6649 109.889 4
      vertex 83.8836 11.5689 4
      vertex 83.8836 108.431 4
    endloop
  endfacet
  facet normal 0 0 1
    outer loop
      vertex 80.6649 109.889 4
      vertex 80.6649 10.1105 4
      vertex 83.8836 11.5689 4
    endloop
  endfacet
  facet normal 0 0 1
    outer loop
      vertex 77.3577 111.134 4
      vertex 80.6649 10.1105 4
      vertex 80.6649 109.889 4
    endloop
  endfacet
  facet normal 0 0 1
    outer loop
      vertex 77.3577 111.134 4
      vertex 77.3577 8.86577 4
      vertex 80.6649 10.1105 4
    endloop
  endfacet
  facet normal 0 0 1
    outer loop
      vertex 73.9762 112.16 4
      vertex 77.3577 8.86577 4
      vertex 77.3577 111.134 4
    endloop
  endfacet
  facet normal 0 0 1
    outer loop
      vertex 73.9762 112.16 4
      vertex 73.9762 7.84 4
      vertex 77.3577 8.86577 4
    endloop
  endfacet
  facet normal 0 0 1
    outer loop
      vertex 70.5349 112.962 4
      vertex 73.9762 7.84 4
      vertex 73.9762 112.16 4
    endloop
  endfacet
  facet normal 0 0 1
    outer loop
      vertex 70.5349 112.962 4
      vertex 70.5349 7.03759 4
      vertex 73.9762 7.84 4
    endloop
  endfacet
  facet normal 0 0 1
    outer loop
      vertex 67.0484 113.538 4
      vertex 70.5349 7.03759 4
      vertex 70.5349 112.962 4
    endloop
  endfacet
  facet normal 0 0 1
    outer loop
      vertex 67.0484 113.538 4
      vertex 67.0484 6.46198 4
      vertex 70.5349 7.03759 4
    endloop
  endfacet
  facet normal 0 0 1
    outer loop
      vertex 63.5318 113.884 4
      vertex 67.0484 6.46198 4
      vertex 67.0484 113.538 4
    endloop
  endfacet
  facet normal 0 0 1
    outer loop
      vertex 63.5318 113.884 4
      vertex 63.5318 6.11562 4
      vertex 67.0484 6.46198 4
    endloop
  endfacet
  facet normal 0 0 1
    outer loop
      vertex 60 114 4
      vertex 63.5318 6.11562 4
      vertex 63.5318 113.884 4
    endloop
  endfacet
  facet normal 0 0 1
    outer loop
      vertex 60 114 4
      vertex 60 6 4
      vertex 63.5318 6.11562 4
    endloop
  endfacet
  facet normal -0 0 1
    outer loop
      vertex 56.4682 113.884 4
      vertex 60 6 4
      vertex 60 114 4
    endloop
  endfacet
  facet normal 0 0 1
    outer loop
      vertex 56.4682 113.884 4
      vertex 56.4682 6.11562 4
      vertex 60 6 4
    endloop
  endfacet
  facet normal -0 0 1
    outer loop
      vertex 52.9516 113.538 4
      vertex 56.4682 6.11562 4
      vertex 56.4682 113.884 4
    endloop
  endfacet
  facet normal 0 0 1
    outer loop
      vertex 52.9516 113.538 4
      vertex 52.9516 6.46198 4
      vertex 56.4682 6.11562 4
    endloop
  endfacet
  facet normal -0 0 1
    outer loop
      vertex 49.4651 112.962 4
      vertex 52.9516 6.46198 4
      vertex 52.9516 113.538 4
    endloop
  endfacet
  facet normal 0 0 1
    outer loop
      vertex 49.4651 112.962 4
      vertex 49.4651 7.03759 4
      vertex 52.9516 6.46198 4
    endloop
  endfacet
  facet normal -0 0 1
    outer loop
      vertex 46.0238 112.16 4
      vertex 49.4651 7.03759 4
      vertex 49.4651 112.962 4
    endloop
  endfacet
  facet normal 0 0 1
    outer loop
      vertex 46.0238 112.16 4
      vertex 46.0238 7.84 4
      vertex 49.4651 7.03759 4
    endloop
  endfacet
  facet normal -0 0 1
    outer loop
      vertex 42.6423 111.134 4
      vertex 46.0238 7.84 4
      vertex 46.0238 112.16 4
    endloop
  endfacet
  facet normal 0 0 1
    outer loop
      vertex 42.6423 111.134 4
      vertex 42.6423 8.86577 4
      vertex 46.0238 7.84 4
    endloop
  endfacet
  facet normal -0 0 1
    outer loop
      vertex 39.3351 109.889 4
      vertex 42.6423 8.86577 4
      vertex 42.6423 111.134 4
    endloop
  endfacet
  facet normal 0 0 1
    outer loop
      vertex 39.3351 109.889 4
      vertex 39.3351 10.1105 4
      vertex 42.6423 8.86577 4
    endloop
  endfacet
  facet normal -0 0 1
    outer loop
      vertex 36.1164 108.431 4
      vertex 39.3351 10.1105 4
      vertex 39.3351 109.889 4
    endloop
  endfacet
  facet normal 0 0 1
    outer loop
      vertex 36.1164 108.431 4
      vertex 36.1164 11.5689 4
      vertex 39.3351 10.1105 4
    endloop
  endfacet
  facet normal -0 0 1
    outer loop
      vertex 33 106.765 4
      vertex 36.1164 11.5689 4
      vertex 36.1164 108.431 4
    endloop
  endfacet
  facet normal 0 0 1
    outer loop
      vertex 33 106.765 4
      vertex 33 13.2346 4
      vertex 36.1164 11.5689 4
    endloop
  endfacet
  facet normal -0 0 1
    outer loop
      vertex 29.9992 104.899 4
      vertex 33 13.2346 4
      vertex 33 106.765 4
    endloop
  endfacet
  facet normal 0 0 1
    outer loop
      vertex 29.9992 104.899 4
      vertex 29.9992 15.1006 4
      vertex 33 13.2346 4
    endloop
  endfacet
  facet normal -0 0 1
    outer loop
      vertex 27.1269 102.841 4
      vertex 29.9992 15.1006 4
      vertex 29.9992 104.899 4
    endloop
  endfacet
  facet normal 0 0 1
    outer loop
      vertex 27.1269 102.841 4
      vertex 27.1269 17.1589 4
      vertex 29.9992 15.1006 4
    endloop
  endfacet
  facet normal -0 0 1
    outer loop
      vertex 24.3953 100.599 4
      vertex 27.1269 17.1589 4
      vertex 27.1269 102.841 4
    endloop
  endfacet
  facet normal 0 0 1
    outer loop
      vertex 24.3953 100.599 4
      vertex 24.3953 19.4007 4
      vertex 27.1269 17.1589 4
    endloop
  endfacet
  facet normal -0 0 1
    outer loop
      vertex 21.8162 98.1838 4
      vertex 24.3953 19.4007 4
      vertex 24.3953 100.599 4
    endloop
  endfacet
  facet normal 0 0 1
    outer loop
      vertex 21.8162 98.1838 4
      vertex 21.8162 21.8162 4
      vertex 24.3953 19.4007 4
    endloop
  endfacet
  facet normal -0 0 1
    outer loop
      vertex 19.4007 95.6047 4
      vertex 21.8162 21.8162 4
      vertex 21.8162 98.1838 4
    endloop
  endfacet
  facet normal 0 0 1
    outer loop
      vertex 19.4007 95.6047 4
      vertex 19.4007 24.3953 4
      vertex 21.8162 21.8162 4
    endloop
  endfacet
  facet normal -0 0 1
    outer loop
      vertex 17.1589 92.8731 4
      vertex 19.4007 24.3953 4
      vertex 19.4007 95.6047 4
    endloop
  endfacet
  facet normal 0 0 1
    outer loop
      vertex 17.1589 92.8731 4
      vertex 17.1589 27.1269 4
      vertex 19.4007 24.3953 4
    endloop
  endfacet
  facet normal -0 0 1
    outer loop
      vertex 15.1006 90.0008 4
      vertex 17.1589 27.1269 4
      vertex 17.1589 92.8731 4
    endloop
  endfacet
  facet normal 0 0 1
    outer loop
      vertex 15.1006 90.0008 4
      vertex 15.1006 29.9992 4
      vertex 17.1589 27.1269 4
    endloop
  endfacet
  facet normal -0 0 1
    outer loop
      vertex 13.2346 87 4
      vertex 15.1006 29.9992 4
      vertex 15.1006 90.0008 4
    endloop
  endfacet
  facet normal 0 0 1
    outer loop
      vertex 13.2346 87 4
      vertex 13.2346 33 4
      vertex 15.1006 29.9992 4
    endloop
  endfacet
  facet normal -0 0 1
    outer loop
      vertex 11.5689 83.8836 4
      vertex 13.2346 33 4
      vertex 13.2346 87 4
    endloop
  endfacet
  facet normal 0 0 1
    outer loop
      vertex 11.5689 83.8836 4
      vertex 11.5689 36.1164 4
      vertex 13.2346 33 4
    endloop
  endfacet
  facet normal -0 0 1
    outer loop
      vertex 10.1105 80.6649 4
      vertex 11.5689 36.1164 4
      vertex 11.5689 83.8836 4
    endloop
  endfacet
  facet normal 0 0 1
    outer loop
      vertex 10.1105 80.6649 4
      vertex 10.1105 39.3351 4
      vertex 11.5689 36.1164 4
    endloop
  endfacet
  facet normal -0 0 1
    outer loop
      vertex 8.86577 77.3577 4
      vertex 10.1105 39.3351 4
      vertex 10.1105 80.6649 4
    endloop
  endfacet
  facet normal 0 0 1
    outer loop
      vertex 8.86577 77.3577 4
      vertex 8.86577 42.6423 4
      vertex 10.1105 39.3351 4
    endloop
  endfacet
  facet normal -0 0 1
    outer loop
      vertex 7.84 73.9762 4
      vertex 8.86577 42.6423 4
      vertex 8.86577 77.3577 4
    endloop
  endfacet
  facet normal 0 0 1
    outer loop
      vertex 7.84 73.9762 4
      vertex 7.84 46.0238 4
      vertex 8.86577 42.6423 4
    endloop
  endfacet
  facet normal -0 0 1
    outer loop
      vertex 7.03759 70.5349 4
      vertex 7.84 46.0238 4
      vertex 7.84 73.9762 4
    endloop
  endfacet
  facet normal 0 0 1
    outer loop
      vertex 7.03759 70.5349 4
      vertex 7.03759 49.4651 4
      vertex 7.84 46.0238 4
    endloop
  endfacet
  facet normal -0 0 1
    outer loop
      vertex 6.46198 67.0484 4
      vertex 7.03759 49.4651 4
      vertex 7.03759 70.5349 4
    endloop
  endfacet
  facet normal 0 0 1
    outer loop
      vertex 6.46198 67.0484 4
      vertex 6.46198 52.9516 4
      vertex 7.03759 49.4651 4
    endloop
  endfacet
  facet normal -0 0 1
    outer loop
      vertex 6.11562 63.5318 4
      vertex 6.46198 52.9516 4
      vertex 6.46198 67.0484 4
    endloop
  endfacet
  facet normal 0 0 1
    outer loop
      vertex 6.11562 63.5318 4
      vertex 6.11562 56.4682 4
      vertex 6.46198 52.9516 4
    endloop
  endfacet
  facet normal 0 -0 1
    outer loop
      vertex 6.11562 56.4682 4
      vertex 6.11562 63.5318 4
      vertex 6 60 4
    endloop
  endfacet
  facet normal -0.986626 0.162999 0
    outer loop
      vertex 112.962 49.4651 4
      vertex 113.538 52.9516 44
      vertex 113.538 52.9516 4
    endloop
  endfacet
  facet normal -0.986626 0.162999 0
    outer loop
      vertex 113.538 52.9516 44
      vertex 112.962 49.4651 4
      vertex 112.962 49.4651 44
    endloop
  endfacet
  facet normal 0.471452 -0.881892 0
    outer loop
      vertex 33 106.765 4
      vertex 36.1164 108.431 44
      vertex 33 106.765 44
    endloop
  endfacet
  facet normal 0.471452 -0.881892 0
    outer loop
      vertex 36.1164 108.431 44
      vertex 33 106.765 4
      vertex 36.1164 108.431 4
    endloop
  endfacet
  facet normal 0.986644 -0.162892 0
    outer loop
      vertex 6.46198 67.0484 44
      vertex 7.03759 70.5349 4
      vertex 7.03759 70.5349 44
    endloop
  endfacet
  facet normal 0.986644 -0.162892 0
    outer loop
      vertex 7.03759 70.5349 4
      vertex 6.46198 67.0484 44
      vertex 6.46198 67.0484 4
    endloop
  endfacet
  facet normal 0.973876 -0.227079 0
    outer loop
      vertex 7.03759 70.5349 44
      vertex 7.84 73.9762 4
      vertex 7.84 73.9762 44
    endloop
  endfacet
  facet normal 0.973876 -0.227079 0
    outer loop
      vertex 7.84 73.9762 4
      vertex 7.03759 70.5349 44
      vertex 7.03759 70.5349 4
    endloop
  endfacet
  facet normal 0.634399 0.773006 -0
    outer loop
      vertex 27.1269 17.1589 4
      vertex 24.3953 19.4007 44
      vertex 27.1269 17.1589 44
    endloop
  endfacet
  facet normal 0.634399 0.773006 0
    outer loop
      vertex 24.3953 19.4007 44
      vertex 27.1269 17.1589 4
      vertex 24.3953 19.4007 4
    endloop
  endfacet
  facet normal 0.999465 -0.0327193 0
    outer loop
      vertex 6 60 44
      vertex 6.11562 63.5318 4
      vertex 6.11562 63.5318 44
    endloop
  endfacet
  facet normal 0.999465 -0.0327193 0
    outer loop
      vertex 6.11562 63.5318 4
      vertex 6 60 44
      vertex 6 60 4
    endloop
  endfacet
  facet normal 0.471386 0.881927 -0
    outer loop
      vertex 36.1164 11.5689 4
      vertex 33 13.2346 44
      vertex 36.1164 11.5689 44
    endloop
  endfacet
  facet normal 0.471386 0.881927 0
    outer loop
      vertex 33 13.2346 44
      vertex 36.1164 11.5689 4
      vertex 33 13.2346 4
    endloop
  endfacet
  facet normal 0.910861 -0.412713 0
    outer loop
      vertex 10.1105 80.6649 44
      vertex 11.5689 83.8836 4
      vertex 11.5689 83.8836 44
    endloop
  endfacet
  facet normal 0.910861 -0.412713 0
    outer loop
      vertex 11.5689 83.8836 4
      vertex 10.1105 80.6649 44
      vertex 10.1105 80.6649 4
    endloop
  endfacet
  facet normal 0.528064 -0.849204 0
    outer loop
      vertex 29.9992 104.899 4
      vertex 33 106.765 44
      vertex 29.9992 104.899 44
    endloop
  endfacet
  facet normal 0.528064 -0.849204 0
    outer loop
      vertex 33 106.765 44
      vertex 29.9992 104.899 4
      vertex 33 106.765 4
    endloop
  endfacet
  facet normal 0.582485 0.812841 -0
    outer loop
      vertex 29.9992 15.1006 4
      vertex 27.1269 17.1589 44
      vertex 29.9992 15.1006 44
    endloop
  endfacet
  facet normal 0.582485 0.812841 0
    outer loop
      vertex 27.1269 17.1589 44
      vertex 29.9992 15.1006 4
      vertex 27.1269 17.1589 4
    endloop
  endfacet
  facet normal 0.412713 0.910861 -0
    outer loop
      vertex 39.3351 10.1105 4
      vertex 36.1164 11.5689 44
      vertex 39.3351 10.1105 44
    endloop
  endfacet
  facet normal 0.412713 0.910861 0
    outer loop
      vertex 36.1164 11.5689 44
      vertex 39.3351 10.1105 4
      vertex 36.1164 11.5689 4
    endloop
  endfacet
  facet normal -0 0.233379 0.972386
    outer loop
      vertex 4 2.24037 52.8952
      vertex 116 1.13415 53.1607
      vertex 116 2.24037 52.8952
    endloop
  endfacet
  facet normal 0 0.233379 0.972386
    outer loop
      vertex 116 1.13415 53.1607
      vertex 4 2.24037 52.8952
      vertex 4 1.13415 53.1607
    endloop
  endfacet
  facet normal 0 -0.522484 -0.852649
    outer loop
      vertex 4 -4.26144 40.1346
      vertex 116 -3.29143 39.5402
      vertex 116 -4.26144 40.1346
    endloop
  endfacet
  facet normal -0 -0.522484 -0.852649
    outer loop
      vertex 116 -3.29143 39.5402
      vertex 4 -4.26144 40.1346
      vertex 4 -3.29143 39.5402
    endloop
  endfacet
  facet normal 0 -0.233379 -0.972386
    outer loop
      vertex 4 -2.24037 39.1048
      vertex 116 -1.13415 38.8393
      vertex 116 -2.24037 39.1048
    endloop
  endfacet
  facet normal -0 -0.233379 -0.972386
    outer loop
      vertex 116 -1.13415 38.8393
      vertex 4 -2.24037 39.1048
      vertex 4 -1.13415 38.8393
    endloop
  endfacet
  facet normal 1 0 0
    outer loop
      vertex 116 -1.13415 38.8393
      vertex 116 0 41.75
      vertex 116 -0.945713 41.8566
    endloop
  endfacet
  facet normal 1 0 0
    outer loop
      vertex 116 0 41.75
      vertex 116 -1.13415 38.8393
      vertex 116 0 38.75
    endloop
  endfacet
  facet normal 1 0 0
    outer loop
      vertex 116 -2.24037 39.1048
      vertex 116 -0.945713 41.8566
      vertex 116 -1.84401 42.1709
    endloop
  endfacet
  facet normal 1 0 0
    outer loop
      vertex 116 -0.945713 41.8566
      vertex 116 -2.24037 39.1048
      vertex 116 -1.13415 38.8393
    endloop
  endfacet
  facet normal 1 0 0
    outer loop
      vertex 116 -4.26144 40.1346
      vertex 116 -1.84401 42.1709
      vertex 116 -2.64983 42.6772
    endloop
  endfacet
  facet normal 1 0 0
    outer loop
      vertex 116 -1.84401 42.1709
      vertex 116 -3.29143 39.5402
      vertex 116 -2.24037 39.1048
    endloop
  endfacet
  facet normal 1 0 0
    outer loop
      vertex 116 -5.12652 40.8735
      vertex 116 -2.64983 42.6772
      vertex 116 -3.32278 43.3502
    endloop
  endfacet
  facet normal 1 0 0
    outer loop
      vertex 116 -5.86537 41.7386
      vertex 116 -3.32278 43.3502
      vertex 116 -3.7311 44
    endloop
  endfacet
  facet normal 1 0 0
    outer loop
      vertex 116 -1.84401 42.1709
      vertex 116 -4.26144 40.1346
      vertex 116 -3.29143 39.5402
    endloop
  endfacet
  facet normal 1 0 0
    outer loop
      vertex 116 -2.64983 42.6772
      vertex 116 -5.12652 40.8735
      vertex 116 -4.26144 40.1346
    endloop
  endfacet
  facet normal 1 0 0
    outer loop
      vertex 116 -3.32278 43.3502
      vertex 116 -5.86537 41.7386
      vertex 116 -5.12652 40.8735
    endloop
  endfacet
  facet normal 1 0 0
    outer loop
      vertex 116 -3.7311 44
      vertex 116 -6.4598 42.7086
      vertex 116 -5.86537 41.7386
    endloop
  endfacet
  facet normal 1 0 0
    outer loop
      vertex 116 -3.7311 44
      vertex 116 -6.89516 43.7596
      vertex 116 -6.4598 42.7086
    endloop
  endfacet
  facet normal 1 0 -0
    outer loop
      vertex 116 -6.89516 43.7596
      vertex 116 -3.7311 44
      vertex 116 -6.95287 44
    endloop
  endfacet
  facet normal 1 0 0
    outer loop
      vertex 116 7.16074 47.1341
      vertex 116 4.14344 46.9457
      vertex 116 4.25 46
    endloop
  endfacet
  facet normal 1 0 0
    outer loop
      vertex 116 5.12652 51.1265
      vertex 116 3.82912 47.844
      vertex 116 4.14344 46.9457
    endloop
  endfacet
  facet normal 1 0 0
    outer loop
      vertex 116 5.12652 51.1265
      vertex 116 3.32278 48.6498
      vertex 116 3.82912 47.844
    endloop
  endfacet
  facet normal 1 0 0
    outer loop
      vertex 116 1.84401 49.8291
      vertex 116 4.26144 51.8654
      vertex 116 3.29143 52.4598
    endloop
  endfacet
  facet normal 1 0 0
    outer loop
      vertex 116 5.12652 51.1265
      vertex 116 2.64983 49.3228
      vertex 116 3.32278 48.6498
    endloop
  endfacet
  facet normal 1 0 0
    outer loop
      vertex 116 1.84401 49.8291
      vertex 116 3.29143 52.4598
      vertex 116 2.24037 52.8952
    endloop
  endfacet
  facet normal 1 0 0
    outer loop
      vertex 116 4.26144 51.8654
      vertex 116 1.84401 49.8291
      vertex 116 2.64983 49.3228
    endloop
  endfacet
  facet normal 1 0 0
    outer loop
      vertex 116 0.945713 50.1434
      vertex 116 2.24037 52.8952
      vertex 116 1.13415 53.1607
    endloop
  endfacet
  facet normal 1 0 0
    outer loop
      vertex 116 2.24037 52.8952
      vertex 116 0.945713 50.1434
      vertex 116 1.84401 49.8291
    endloop
  endfacet
  facet normal 1 0 0
    outer loop
      vertex 116 0 50.25
      vertex 116 1.13415 53.1607
      vertex 116 0 53.25
    endloop
  endfacet
  facet normal 1 0 0
    outer loop
      vertex 116 1.13415 53.1607
      vertex 116 0 50.25
      vertex 116 0.945713 50.1434
    endloop
  endfacet
  facet normal 1 -0 0
    outer loop
      vertex 116 -1.13415 53.1607
      vertex 116 0 50.25
      vertex 116 0 53.25
    endloop
  endfacet
  facet normal 1 0 0
    outer loop
      vertex 116 0 50.25
      vertex 116 -1.13415 53.1607
      vertex 116 -0.945713 50.1434
    endloop
  endfacet
  facet normal 1 -0 0
    outer loop
      vertex 116 -2.24037 52.8952
      vertex 116 -0.945713 50.1434
      vertex 116 -1.13415 53.1607
    endloop
  endfacet
  facet normal 1 0 0
    outer loop
      vertex 116 -0.945713 50.1434
      vertex 116 -2.24037 52.8952
      vertex 116 -1.84401 49.8291
    endloop
  endfacet
  facet normal 1 -0 0
    outer loop
      vertex 116 -3.29143 52.4598
      vertex 116 -1.84401 49.8291
      vertex 116 -2.24037 52.8952
    endloop
  endfacet
  facet normal 1 -0 0
    outer loop
      vertex 116 -4.26144 51.8654
      vertex 116 -1.84401 49.8291
      vertex 116 -3.29143 52.4598
    endloop
  endfacet
  facet normal 1 0 0
    outer loop
      vertex 116 -1.84401 49.8291
      vertex 116 -4.26144 51.8654
      vertex 116 -2.64983 49.3228
    endloop
  endfacet
  facet normal 1 -0 0
    outer loop
      vertex 116 -5.12652 51.1265
      vertex 116 -2.64983 49.3228
      vertex 116 -4.26144 51.8654
    endloop
  endfacet
  facet normal 1 0 0
    outer loop
      vertex 116 -2.64983 49.3228
      vertex 116 -5.12652 51.1265
      vertex 116 -3.32278 48.6498
    endloop
  endfacet
  facet normal 1 -0 0
    outer loop
      vertex 116 -5.86537 50.2614
      vertex 116 -3.32278 48.6498
      vertex 116 -5.12652 51.1265
    endloop
  endfacet
  facet normal 1 0 0
    outer loop
      vertex 116 -3.32278 48.6498
      vertex 116 -5.86537 50.2614
      vertex 116 -3.82912 47.844
    endloop
  endfacet
  facet normal 1 -0 0
    outer loop
      vertex 116 -6.4598 49.2914
      vertex 116 -3.82912 47.844
      vertex 116 -5.86537 50.2614
    endloop
  endfacet
  facet normal 1 -0 0
    outer loop
      vertex 116 -6.89516 48.2404
      vertex 116 -3.82912 47.844
      vertex 116 -6.4598 49.2914
    endloop
  endfacet
  facet normal 1 0 0
    outer loop
      vertex 116 -3.82912 47.844
      vertex 116 -6.89516 48.2404
      vertex 116 -4.12445 47
    endloop
  endfacet
  facet normal 1 -0 0
    outer loop
      vertex 116 -7.16074 47.1341
      vertex 116 -4.12445 47
      vertex 116 -6.89516 48.2404
    endloop
  endfacet
  facet normal 1 0 0
    outer loop
      vertex 116 -4.12445 47
      vertex 116 -7.16074 47.1341
      vertex 116 -7.1713 47
    endloop
  endfacet
  facet normal 1 0 0
    outer loop
      vertex 116 4.25 46
      vertex 116 7.25 46
      vertex 116 7.16074 47.1341
    endloop
  endfacet
  facet normal 1 0 0
    outer loop
      vertex 116 7.25 46
      vertex 116 4.25 46
      vertex 116 7.16074 44.8658
    endloop
  endfacet
  facet normal 1 0 0
    outer loop
      vertex 116 4.14344 46.9457
      vertex 116 7.16074 47.1341
      vertex 116 6.89516 48.2404
    endloop
  endfacet
  facet normal 1 0 0
    outer loop
      vertex 116 4.14344 46.9457
      vertex 116 6.89516 48.2404
      vertex 116 6.4598 49.2914
    endloop
  endfacet
  facet normal 1 0 0
    outer loop
      vertex 116 4.14344 46.9457
      vertex 116 6.4598 49.2914
      vertex 116 5.86537 50.2614
    endloop
  endfacet
  facet normal 1 0 0
    outer loop
      vertex 116 4.14344 46.9457
      vertex 116 5.86537 50.2614
      vertex 116 5.12652 51.1265
    endloop
  endfacet
  facet normal 1 0 0
    outer loop
      vertex 116 2.64983 49.3228
      vertex 116 5.12652 51.1265
      vertex 116 4.26144 51.8654
    endloop
  endfacet
  facet normal 1 -0 0
    outer loop
      vertex 116 4.14344 45.0543
      vertex 116 7.16074 44.8658
      vertex 116 4.25 46
    endloop
  endfacet
  facet normal 1 0 0
    outer loop
      vertex 116 7.16074 44.8658
      vertex 116 4.14344 45.0543
      vertex 116 6.95287 44
    endloop
  endfacet
  facet normal 1 -0 0
    outer loop
      vertex 116 3.82912 44.156
      vertex 116 6.95287 44
      vertex 116 4.14344 45.0543
    endloop
  endfacet
  facet normal 1 0 0
    outer loop
      vertex 116 6.95287 44
      vertex 116 3.82912 44.156
      vertex 116 3.7311 44
    endloop
  endfacet
  facet normal -0.00267135 0.926229 -0.376951
    outer loop
      vertex 67.0263 6.4598 42.7086
      vertex 69.6722 6.89516 43.7596
      vertex 67.0484 6.46198 42.7138
    endloop
  endfacet
  facet normal 0 0.923873 -0.3827
    outer loop
      vertex 69.6722 6.89516 43.7596
      vertex 67.0263 6.4598 42.7086
      vertex 50.3278 6.89516 43.7596
    endloop
  endfacet
  facet normal 0 0.923873 -0.3827
    outer loop
      vertex 52.9737 6.4598 42.7086
      vertex 50.3278 6.89516 43.7596
      vertex 67.0263 6.4598 42.7086
    endloop
  endfacet
  facet normal 0.00267135 0.926229 -0.376951
    outer loop
      vertex 50.3278 6.89516 43.7596
      vertex 52.9737 6.4598 42.7086
      vertex 52.9516 6.46198 42.7138
    endloop
  endfacet
  facet normal 0 -0.382711 -0.923868
    outer loop
      vertex 4 -3.29143 39.5402
      vertex 116 -2.24037 39.1048
      vertex 116 -3.29143 39.5402
    endloop
  endfacet
  facet normal -0 -0.382711 -0.923868
    outer loop
      vertex 116 -2.24037 39.1048
      vertex 4 -3.29143 39.5402
      vertex 4 -2.24037 39.1048
    endloop
  endfacet
  facet normal 0 -0.233379 0.972386
    outer loop
      vertex 4 -1.13415 53.1607
      vertex 116 -2.24037 52.8952
      vertex 116 -1.13415 53.1607
    endloop
  endfacet
  facet normal 0 -0.233379 0.972386
    outer loop
      vertex 116 -2.24037 52.8952
      vertex 4 -1.13415 53.1607
      vertex 4 -2.24037 52.8952
    endloop
  endfacet
  facet normal 0 -0.923873 -0.3827
    outer loop
      vertex 4 -6.4598 42.7086
      vertex 116 -6.89516 43.7596
      vertex 4 -6.89516 43.7596
    endloop
  endfacet
  facet normal 0 -0.923873 -0.3827
    outer loop
      vertex 116 -6.89516 43.7596
      vertex 4 -6.4598 42.7086
      vertex 116 -6.4598 42.7086
    endloop
  endfacet
  facet normal 0 -0.972374 -0.233426
    outer loop
      vertex 4 -6.89516 43.7596
      vertex 116 -6.95287 44
      vertex 4 -6.95287 44
    endloop
  endfacet
  facet normal 0 -0.972374 -0.233426
    outer loop
      vertex 116 -6.95287 44
      vertex 4 -6.89516 43.7596
      vertex 116 -6.89516 43.7596
    endloop
  endfacet
  facet normal 0 0.972374 0.233429
    outer loop
      vertex 116 7.16074 47.1341
      vertex 4 6.89516 48.2404
      vertex 116 6.89516 48.2404
    endloop
  endfacet
  facet normal 0 0.972374 0.233429
    outer loop
      vertex 4 6.89516 48.2404
      vertex 116 7.16074 47.1341
      vertex 4 7.16074 47.1341
    endloop
  endfacet
  facet normal -1 0 0
    outer loop
      vertex 4 4.25 46
      vertex 4 7.25 46
      vertex 4 7.16074 44.8658
    endloop
  endfacet
  facet normal -1 0 0
    outer loop
      vertex 4 4.14344 45.0543
      vertex 4 7.16074 44.8658
      vertex 4 6.95287 44
    endloop
  endfacet
  facet normal -1 0 0
    outer loop
      vertex 4 7.25 46
      vertex 4 4.25 46
      vertex 4 7.16074 47.1341
    endloop
  endfacet
  facet normal -1 0 0
    outer loop
      vertex 4 4.14344 46.9457
      vertex 4 7.16074 47.1341
      vertex 4 4.25 46
    endloop
  endfacet
  facet normal -1 -0 0
    outer loop
      vertex 4 7.16074 47.1341
      vertex 4 4.14344 46.9457
      vertex 4 6.89516 48.2404
    endloop
  endfacet
  facet normal -1 -0 0
    outer loop
      vertex 4 6.89516 48.2404
      vertex 4 3.82912 47.844
      vertex 4 6.4598 49.2914
    endloop
  endfacet
  facet normal -1 -0 0
    outer loop
      vertex 4 6.4598 49.2914
      vertex 4 3.82912 47.844
      vertex 4 5.86537 50.2614
    endloop
  endfacet
  facet normal -1 0 0
    outer loop
      vertex 4 3.82912 47.844
      vertex 4 6.89516 48.2404
      vertex 4 4.14344 46.9457
    endloop
  endfacet
  facet normal -1 0 0
    outer loop
      vertex 4 7.16074 44.8658
      vertex 4 4.14344 45.0543
      vertex 4 4.25 46
    endloop
  endfacet
  facet normal -1 0 0
    outer loop
      vertex 4 6.95287 44
      vertex 4 3.82912 44.156
      vertex 4 4.14344 45.0543
    endloop
  endfacet
  facet normal -1 0 -0
    outer loop
      vertex 4 3.82912 44.156
      vertex 4 6.95287 44
      vertex 4 3.7311 44
    endloop
  endfacet
  facet normal -1 0 0
    outer loop
      vertex 4 3.32278 48.6498
      vertex 4 5.86537 50.2614
      vertex 4 3.82912 47.844
    endloop
  endfacet
  facet normal -1 -0 0
    outer loop
      vertex 4 5.86537 50.2614
      vertex 4 3.32278 48.6498
      vertex 4 5.12652 51.1265
    endloop
  endfacet
  facet normal -1 0 0
    outer loop
      vertex 4 2.64983 49.3228
      vertex 4 5.12652 51.1265
      vertex 4 3.32278 48.6498
    endloop
  endfacet
  facet normal -1 -0 0
    outer loop
      vertex 4 5.12652 51.1265
      vertex 4 2.64983 49.3228
      vertex 4 4.26144 51.8654
    endloop
  endfacet
  facet normal -1 0 0
    outer loop
      vertex 4 1.84401 49.8291
      vertex 4 4.26144 51.8654
      vertex 4 2.64983 49.3228
    endloop
  endfacet
  facet normal -1 -0 0
    outer loop
      vertex 4 4.26144 51.8654
      vertex 4 1.84401 49.8291
      vertex 4 3.29143 52.4598
    endloop
  endfacet
  facet normal -1 -0 0
    outer loop
      vertex 4 3.29143 52.4598
      vertex 4 1.84401 49.8291
      vertex 4 2.24037 52.8952
    endloop
  endfacet
  facet normal -1 0 0
    outer loop
      vertex 4 0.945713 50.1434
      vertex 4 2.24037 52.8952
      vertex 4 1.84401 49.8291
    endloop
  endfacet
  facet normal -1 -0 0
    outer loop
      vertex 4 2.24037 52.8952
      vertex 4 0.945713 50.1434
      vertex 4 1.13415 53.1607
    endloop
  endfacet
  facet normal -1 0 0
    outer loop
      vertex 4 0 50.25
      vertex 4 1.13415 53.1607
      vertex 4 0.945713 50.1434
    endloop
  endfacet
  facet normal -1 0 0
    outer loop
      vertex 4 0 50.25
      vertex 4 0 53.25
      vertex 4 1.13415 53.1607
    endloop
  endfacet
  facet normal -1 0 0
    outer loop
      vertex 4 -1.13415 53.1607
      vertex 4 0 50.25
      vertex 4 -0.945713 50.1434
    endloop
  endfacet
  facet normal -1 0 0
    outer loop
      vertex 4 0 50.25
      vertex 4 -1.13415 53.1607
      vertex 4 0 53.25
    endloop
  endfacet
  facet normal -1 0 0
    outer loop
      vertex 4 -2.24037 52.8952
      vertex 4 -0.945713 50.1434
      vertex 4 -1.84401 49.8291
    endloop
  endfacet
  facet normal -1 0 0
    outer loop
      vertex 4 -0.945713 50.1434
      vertex 4 -2.24037 52.8952
      vertex 4 -1.13415 53.1607
    endloop
  endfacet
  facet normal -1 0 0
    outer loop
      vertex 4 -4.26144 51.8654
      vertex 4 -1.84401 49.8291
      vertex 4 -2.64983 49.3228
    endloop
  endfacet
  facet normal -1 0 0
    outer loop
      vertex 4 -1.84401 49.8291
      vertex 4 -3.29143 52.4598
      vertex 4 -2.24037 52.8952
    endloop
  endfacet
  facet normal -1 0 0
    outer loop
      vertex 4 -5.12652 51.1265
      vertex 4 -2.64983 49.3228
      vertex 4 -3.32278 48.6498
    endloop
  endfacet
  facet normal -1 0 0
    outer loop
      vertex 4 -5.86537 50.2614
      vertex 4 -3.32278 48.6498
      vertex 4 -3.82912 47.844
    endloop
  endfacet
  facet normal -1 0 0
    outer loop
      vertex 4 -6.89516 48.2404
      vertex 4 -3.82912 47.844
      vertex 4 -4.12445 47
    endloop
  endfacet
  facet normal -1 0 0
    outer loop
      vertex 4 -1.84401 49.8291
      vertex 4 -4.26144 51.8654
      vertex 4 -3.29143 52.4598
    endloop
  endfacet
  facet normal -1 0 0
    outer loop
      vertex 4 -2.64983 49.3228
      vertex 4 -5.12652 51.1265
      vertex 4 -4.26144 51.8654
    endloop
  endfacet
  facet normal -1 0 0
    outer loop
      vertex 4 -3.32278 48.6498
      vertex 4 -5.86537 50.2614
      vertex 4 -5.12652 51.1265
    endloop
  endfacet
  facet normal -1 0 0
    outer loop
      vertex 4 -3.82912 47.844
      vertex 4 -6.4598 49.2914
      vertex 4 -5.86537 50.2614
    endloop
  endfacet
  facet normal -1 0 0
    outer loop
      vertex 4 -3.82912 47.844
      vertex 4 -6.89516 48.2404
      vertex 4 -6.4598 49.2914
    endloop
  endfacet
  facet normal -1 0 0
    outer loop
      vertex 4 -4.12445 47
      vertex 4 -7.16074 47.1341
      vertex 4 -6.89516 48.2404
    endloop
  endfacet
  facet normal -1 0 -0
    outer loop
      vertex 4 -7.16074 47.1341
      vertex 4 -4.12445 47
      vertex 4 -7.1713 47
    endloop
  endfacet
  facet normal -1 0 0
    outer loop
      vertex 4 -1.13415 38.8393
      vertex 4 0 41.75
      vertex 4 0 38.75
    endloop
  endfacet
  facet normal -1 -0 0
    outer loop
      vertex 4 0 41.75
      vertex 4 -1.13415 38.8393
      vertex 4 -0.945713 41.8566
    endloop
  endfacet
  facet normal -1 0 0
    outer loop
      vertex 4 -2.24037 39.1048
      vertex 4 -0.945713 41.8566
      vertex 4 -1.13415 38.8393
    endloop
  endfacet
  facet normal -1 -0 0
    outer loop
      vertex 4 -0.945713 41.8566
      vertex 4 -2.24037 39.1048
      vertex 4 -1.84401 42.1709
    endloop
  endfacet
  facet normal -1 0 0
    outer loop
      vertex 4 -3.29143 39.5402
      vertex 4 -1.84401 42.1709
      vertex 4 -2.24037 39.1048
    endloop
  endfacet
  facet normal -1 0 0
    outer loop
      vertex 4 -4.26144 40.1346
      vertex 4 -1.84401 42.1709
      vertex 4 -3.29143 39.5402
    endloop
  endfacet
  facet normal -1 -0 0
    outer loop
      vertex 4 -1.84401 42.1709
      vertex 4 -4.26144 40.1346
      vertex 4 -2.64983 42.6772
    endloop
  endfacet
  facet normal -1 0 0
    outer loop
      vertex 4 -5.12652 40.8735
      vertex 4 -2.64983 42.6772
      vertex 4 -4.26144 40.1346
    endloop
  endfacet
  facet normal -1 -0 0
    outer loop
      vertex 4 -2.64983 42.6772
      vertex 4 -5.12652 40.8735
      vertex 4 -3.32278 43.3502
    endloop
  endfacet
  facet normal -1 0 0
    outer loop
      vertex 4 -5.86537 41.7386
      vertex 4 -3.32278 43.3502
      vertex 4 -5.12652 40.8735
    endloop
  endfacet
  facet normal -1 -0 0
    outer loop
      vertex 4 -3.32278 43.3502
      vertex 4 -5.86537 41.7386
      vertex 4 -3.7311 44
    endloop
  endfacet
  facet normal -1 0 0
    outer loop
      vertex 4 -6.4598 42.7086
      vertex 4 -3.7311 44
      vertex 4 -5.86537 41.7386
    endloop
  endfacet
  facet normal -1 0 0
    outer loop
      vertex 4 -6.89516 43.7596
      vertex 4 -3.7311 44
      vertex 4 -6.4598 42.7086
    endloop
  endfacet
  facet normal -1 -0 0
    outer loop
      vertex 4 -3.7311 44
      vertex 4 -6.89516 43.7596
      vertex 4 -6.95287 44
    endloop
  endfacet
  facet normal 0 0.760413 0.64944
    outer loop
      vertex 116 5.86537 50.2614
      vertex 4 5.12652 51.1265
      vertex 116 5.12652 51.1265
    endloop
  endfacet
  facet normal 0 0.760413 0.64944
    outer loop
      vertex 4 5.12652 51.1265
      vertex 116 5.86537 50.2614
      vertex 4 5.86537 50.2614
    endloop
  endfacet
  facet normal -0 0.649474 0.760383
    outer loop
      vertex 4 5.12652 51.1265
      vertex 116 4.26144 51.8654
      vertex 116 5.12652 51.1265
    endloop
  endfacet
  facet normal 0 0.649474 0.760383
    outer loop
      vertex 116 4.26144 51.8654
      vertex 4 5.12652 51.1265
      vertex 4 4.26144 51.8654
    endloop
  endfacet
  facet normal 0 0.923873 0.3827
    outer loop
      vertex 116 6.89516 48.2404
      vertex 4 6.4598 49.2914
      vertex 116 6.4598 49.2914
    endloop
  endfacet
  facet normal 0 0.923873 0.3827
    outer loop
      vertex 4 6.4598 49.2914
      vertex 116 6.89516 48.2404
      vertex 4 6.89516 48.2404
    endloop
  endfacet
  facet normal 0 -0.0784944 -0.996915
    outer loop
      vertex 4 -1.13415 38.8393
      vertex 116 0 38.75
      vertex 116 -1.13415 38.8393
    endloop
  endfacet
  facet normal -0 -0.0784944 -0.996915
    outer loop
      vertex 116 0 38.75
      vertex 4 -1.13415 38.8393
      vertex 4 0 38.75
    endloop
  endfacet
  facet normal -0 0.382711 0.923868
    outer loop
      vertex 4 3.29143 52.4598
      vertex 116 2.24037 52.8952
      vertex 116 3.29143 52.4598
    endloop
  endfacet
  facet normal 0 0.382711 0.923868
    outer loop
      vertex 116 2.24037 52.8952
      vertex 4 3.29143 52.4598
      vertex 4 2.24037 52.8952
    endloop
  endfacet
  facet normal 0 0.996918 -0.0784561
    outer loop
      vertex 116 7.16074 44.8658
      vertex 4 7.25 46
      vertex 116 7.25 46
    endloop
  endfacet
  facet normal 0 0.996918 -0.0784561
    outer loop
      vertex 4 7.25 46
      vertex 116 7.16074 44.8658
      vertex 4 7.16074 44.8658
    endloop
  endfacet
  facet normal 0 -0.522484 0.852649
    outer loop
      vertex 4 -3.29143 52.4598
      vertex 116 -4.26144 51.8654
      vertex 116 -3.29143 52.4598
    endloop
  endfacet
  facet normal 0 -0.522484 0.852649
    outer loop
      vertex 116 -4.26144 51.8654
      vertex 4 -3.29143 52.4598
      vertex 4 -4.26144 51.8654
    endloop
  endfacet
  facet normal 0 -0.649474 -0.760383
    outer loop
      vertex 4 -5.12652 40.8735
      vertex 116 -4.26144 40.1346
      vertex 116 -5.12652 40.8735
    endloop
  endfacet
  facet normal -0 -0.649474 -0.760383
    outer loop
      vertex 116 -4.26144 40.1346
      vertex 4 -5.12652 40.8735
      vertex 4 -4.26144 40.1346
    endloop
  endfacet
  facet normal 0 0.972374 -0.233426
    outer loop
      vertex 69.6722 6.89516 43.7596
      vertex 49.9783 6.95287 44
      vertex 70.0217 6.95287 44
    endloop
  endfacet
  facet normal 0 0.972374 -0.233426
    outer loop
      vertex 49.9783 6.95287 44
      vertex 69.6722 6.89516 43.7596
      vertex 50.3278 6.89516 43.7596
    endloop
  endfacet
  facet normal 0 0.972367 -0.233456
    outer loop
      vertex 70.0217 6.95287 44
      vertex 116 7.16074 44.8658
      vertex 116 6.95287 44
    endloop
  endfacet
  facet normal 0 0.972367 -0.233456
    outer loop
      vertex 116 7.16074 44.8658
      vertex 70.0217 6.95287 44
      vertex 4 7.16074 44.8658
    endloop
  endfacet
  facet normal 0 0.972367 -0.233456
    outer loop
      vertex 49.9783 6.95287 44
      vertex 4 7.16074 44.8658
      vertex 70.0217 6.95287 44
    endloop
  endfacet
  facet normal 0 0.972367 -0.233456
    outer loop
      vertex 4 7.16074 44.8658
      vertex 49.9783 6.95287 44
      vertex 4 6.95287 44
    endloop
  endfacet
  facet normal -0 0.522484 0.852649
    outer loop
      vertex 4 4.26144 51.8654
      vertex 116 3.29143 52.4598
      vertex 116 4.26144 51.8654
    endloop
  endfacet
  facet normal 0 0.522484 0.852649
    outer loop
      vertex 116 3.29143 52.4598
      vertex 4 4.26144 51.8654
      vertex 4 3.29143 52.4598
    endloop
  endfacet
  facet normal 0 0.996917 0.0784629
    outer loop
      vertex 116 7.25 46
      vertex 4 7.16074 47.1341
      vertex 116 7.16074 47.1341
    endloop
  endfacet
  facet normal 0 0.996917 0.0784629
    outer loop
      vertex 4 7.16074 47.1341
      vertex 116 7.25 46
      vertex 4 7.25 46
    endloop
  endfacet
  facet normal 0 -0.382711 0.923868
    outer loop
      vertex 4 -2.24037 52.8952
      vertex 116 -3.29143 52.4598
      vertex 116 -2.24037 52.8952
    endloop
  endfacet
  facet normal 0 -0.382711 0.923868
    outer loop
      vertex 116 -3.29143 52.4598
      vertex 4 -2.24037 52.8952
      vertex 4 -3.29143 52.4598
    endloop
  endfacet
  facet normal 0 -0.760413 0.64944
    outer loop
      vertex 4 -5.86537 50.2614
      vertex 116 -5.12652 51.1265
      vertex 4 -5.12652 51.1265
    endloop
  endfacet
  facet normal 0 -0.760413 0.64944
    outer loop
      vertex 116 -5.12652 51.1265
      vertex 4 -5.86537 50.2614
      vertex 116 -5.86537 50.2614
    endloop
  endfacet
  facet normal 0 -0.923873 0.3827
    outer loop
      vertex 4 -6.89516 48.2404
      vertex 116 -6.4598 49.2914
      vertex 4 -6.4598 49.2914
    endloop
  endfacet
  facet normal 0 -0.923873 0.3827
    outer loop
      vertex 116 -6.4598 49.2914
      vertex 4 -6.89516 48.2404
      vertex 116 -6.89516 48.2404
    endloop
  endfacet
  facet normal 0 0.852661 -0.522465
    outer loop
      vertex 63.5318 6.11562 42.1469
      vertex 52.9737 6.4598 42.7086
      vertex 67.0263 6.4598 42.7086
    endloop
  endfacet
  facet normal 0 0.852661 -0.522465
    outer loop
      vertex 63.5318 6.11562 42.1469
      vertex 56.4682 6.11562 42.1469
      vertex 52.9737 6.4598 42.7086
    endloop
  endfacet
  facet normal 0 0.852671 -0.522448
    outer loop
      vertex 56.4682 6.11562 42.1469
      vertex 63.5318 6.11562 42.1469
      vertex 60 6 41.9582
    endloop
  endfacet
  facet normal 0 -0.649474 0.760383
    outer loop
      vertex 4 -4.26144 51.8654
      vertex 116 -5.12652 51.1265
      vertex 116 -4.26144 51.8654
    endloop
  endfacet
  facet normal 0 -0.649474 0.760383
    outer loop
      vertex 116 -5.12652 51.1265
      vertex 4 -4.26144 51.8654
      vertex 4 -5.12652 51.1265
    endloop
  endfacet
  facet normal 0 -0.0784944 0.996915
    outer loop
      vertex 4 0 53.25
      vertex 116 -1.13415 53.1607
      vertex 116 0 53.25
    endloop
  endfacet
  facet normal 0 -0.0784944 0.996915
    outer loop
      vertex 116 -1.13415 53.1607
      vertex 4 0 53.25
      vertex 4 -1.13415 53.1607
    endloop
  endfacet
  facet normal 0 0.852635 0.522507
    outer loop
      vertex 116 6.4598 49.2914
      vertex 4 5.86537 50.2614
      vertex 116 5.86537 50.2614
    endloop
  endfacet
  facet normal 0 0.852635 0.522507
    outer loop
      vertex 4 5.86537 50.2614
      vertex 116 6.4598 49.2914
      vertex 4 6.4598 49.2914
    endloop
  endfacet
  facet normal 0 -0.996914 0.0785042
    outer loop
      vertex 4 -7.1713 47
      vertex 116 -7.16074 47.1341
      vertex 4 -7.16074 47.1341
    endloop
  endfacet
  facet normal 0 -0.996914 0.0785042
    outer loop
      vertex 116 -7.16074 47.1341
      vertex 4 -7.1713 47
      vertex 116 -7.1713 47
    endloop
  endfacet
  facet normal -0 0.0784944 0.996915
    outer loop
      vertex 4 1.13415 53.1607
      vertex 116 0 53.25
      vertex 116 1.13415 53.1607
    endloop
  endfacet
  facet normal 0 0.0784944 0.996915
    outer loop
      vertex 116 0 53.25
      vertex 4 1.13415 53.1607
      vertex 4 0 53.25
    endloop
  endfacet
  facet normal 0 -0.972374 0.233429
    outer loop
      vertex 4 -7.16074 47.1341
      vertex 116 -6.89516 48.2404
      vertex 4 -6.89516 48.2404
    endloop
  endfacet
  facet normal 0 -0.972374 0.233429
    outer loop
      vertex 116 -6.89516 48.2404
      vertex 4 -7.16074 47.1341
      vertex 116 -7.16074 47.1341
    endloop
  endfacet
  facet normal 0 -0.760413 -0.64944
    outer loop
      vertex 4 -5.12652 40.8735
      vertex 116 -5.86537 41.7386
      vertex 4 -5.86537 41.7386
    endloop
  endfacet
  facet normal 0 -0.760413 -0.64944
    outer loop
      vertex 116 -5.86537 41.7386
      vertex 4 -5.12652 40.8735
      vertex 116 -5.12652 40.8735
    endloop
  endfacet
  facet normal 0 -0.852635 -0.522507
    outer loop
      vertex 4 -5.86537 41.7386
      vertex 116 -6.4598 42.7086
      vertex 4 -6.4598 42.7086
    endloop
  endfacet
  facet normal 0 -0.852635 -0.522507
    outer loop
      vertex 116 -6.4598 42.7086
      vertex 4 -5.86537 41.7386
      vertex 116 -5.86537 41.7386
    endloop
  endfacet
  facet normal 0 -0.852635 0.522507
    outer loop
      vertex 4 -6.4598 49.2914
      vertex 116 -5.86537 50.2614
      vertex 4 -5.86537 50.2614
    endloop
  endfacet
  facet normal 0 -0.852635 0.522507
    outer loop
      vertex 116 -5.86537 50.2614
      vertex 4 -6.4598 49.2914
      vertex 116 -6.4598 49.2914
    endloop
  endfacet
  facet normal 0 0.38273 -0.92386
    outer loop
      vertex 4 122.24 39.1048
      vertex 116 123.291 39.5402
      vertex 116 122.24 39.1048
    endloop
  endfacet
  facet normal 0 0.38273 -0.92386
    outer loop
      vertex 116 123.291 39.5402
      vertex 4 122.24 39.1048
      vertex 4 123.291 39.5402
    endloop
  endfacet
  facet normal 0 -0.972108 -0.234535
    outer loop
      vertex 50.3278 113.105 43.7596
      vertex 70.0217 113.047 44
      vertex 49.9783 113.047 44
    endloop
  endfacet
  facet normal 0 -0.972108 -0.234535
    outer loop
      vertex 70.0217 113.047 44
      vertex 50.3278 113.105 43.7596
      vertex 69.6722 113.105 43.7596
    endloop
  endfacet
  facet normal -0 -0.972334 -0.233594
    outer loop
      vertex 49.9783 113.047 44
      vertex 4 112.839 44.8658
      vertex 4 113.047 44
    endloop
  endfacet
  facet normal 0 -0.972334 -0.233594
    outer loop
      vertex 4 112.839 44.8658
      vertex 49.9783 113.047 44
      vertex 116 112.839 44.8658
    endloop
  endfacet
  facet normal -0 -0.972334 -0.233594
    outer loop
      vertex 70.0217 113.047 44
      vertex 116 112.839 44.8658
      vertex 49.9783 113.047 44
    endloop
  endfacet
  facet normal 0 -0.972334 -0.233594
    outer loop
      vertex 116 112.839 44.8658
      vertex 70.0217 113.047 44
      vertex 116 113.047 44
    endloop
  endfacet
  facet normal 0 0.852412 0.522871
    outer loop
      vertex 116 126.46 49.2914
      vertex 4 125.865 50.2614
      vertex 116 125.865 50.2614
    endloop
  endfacet
  facet normal 0 0.852412 0.522871
    outer loop
      vertex 4 125.865 50.2614
      vertex 116 126.46 49.2914
      vertex 4 126.46 49.2914
    endloop
  endfacet
  facet normal -0 0.649075 0.760724
    outer loop
      vertex 4 125.127 51.1265
      vertex 116 124.261 51.8654
      vertex 116 125.127 51.1265
    endloop
  endfacet
  facet normal 0 0.649075 0.760724
    outer loop
      vertex 116 124.261 51.8654
      vertex 4 125.127 51.1265
      vertex 4 124.261 51.8654
    endloop
  endfacet
  facet normal 0 0.649075 -0.760724
    outer loop
      vertex 4 124.261 40.1346
      vertex 116 125.127 40.8735
      vertex 116 124.261 40.1346
    endloop
  endfacet
  facet normal 0 0.649075 -0.760724
    outer loop
      vertex 116 125.127 40.8735
      vertex 4 124.261 40.1346
      vertex 4 125.127 40.8735
    endloop
  endfacet
  facet normal 0 0.760782 0.649008
    outer loop
      vertex 116 125.865 50.2614
      vertex 4 125.127 51.1265
      vertex 116 125.127 51.1265
    endloop
  endfacet
  facet normal 0 0.760782 0.649008
    outer loop
      vertex 4 125.127 51.1265
      vertex 116 125.865 50.2614
      vertex 4 125.865 50.2614
    endloop
  endfacet
  facet normal 0 0.0785048 -0.996914
    outer loop
      vertex 4 120 38.75
      vertex 116 121.134 38.8393
      vertex 116 120 38.75
    endloop
  endfacet
  facet normal 0 0.0785048 -0.996914
    outer loop
      vertex 116 121.134 38.8393
      vertex 4 120 38.75
      vertex 4 121.134 38.8393
    endloop
  endfacet
  facet normal 0 -0.0785048 0.996914
    outer loop
      vertex 4 120 53.25
      vertex 116 118.866 53.1607
      vertex 116 120 53.25
    endloop
  endfacet
  facet normal 0 -0.0785048 0.996914
    outer loop
      vertex 116 118.866 53.1607
      vertex 4 120 53.25
      vertex 4 118.866 53.1607
    endloop
  endfacet
  facet normal 0 -0.852412 0.522871
    outer loop
      vertex 4 113.54 49.2914
      vertex 116 114.135 50.2614
      vertex 4 114.135 50.2614
    endloop
  endfacet
  facet normal 0 -0.852412 0.522871
    outer loop
      vertex 116 114.135 50.2614
      vertex 4 113.54 49.2914
      vertex 116 113.54 49.2914
    endloop
  endfacet
  facet normal 0 0.972108 -0.234535
    outer loop
      vertex 116 126.895 43.7596
      vertex 4 126.953 44
      vertex 116 126.953 44
    endloop
  endfacet
  facet normal 0 0.972108 -0.234535
    outer loop
      vertex 4 126.953 44
      vertex 116 126.895 43.7596
      vertex 4 126.895 43.7596
    endloop
  endfacet
  facet normal 0 -0.97229 0.233778
    outer loop
      vertex 4 112.839 47.1341
      vertex 116 113.105 48.2404
      vertex 4 113.105 48.2404
    endloop
  endfacet
  facet normal 0 -0.97229 0.233778
    outer loop
      vertex 116 113.105 48.2404
      vertex 4 112.839 47.1341
      vertex 116 112.839 47.1341
    endloop
  endfacet
  facet normal 0 0.760782 -0.649008
    outer loop
      vertex 116 125.127 40.8735
      vertex 4 125.865 41.7386
      vertex 116 125.865 41.7386
    endloop
  endfacet
  facet normal 0 0.760782 -0.649008
    outer loop
      vertex 4 125.865 41.7386
      vertex 116 125.127 40.8735
      vertex 4 125.127 40.8735
    endloop
  endfacet
  facet normal 0 0.522488 -0.852647
    outer loop
      vertex 4 123.291 39.5402
      vertex 116 124.261 40.1346
      vertex 116 123.291 39.5402
    endloop
  endfacet
  facet normal 0 0.522488 -0.852647
    outer loop
      vertex 116 124.261 40.1346
      vertex 4 123.291 39.5402
      vertex 4 124.261 40.1346
    endloop
  endfacet
  facet normal 0 -0.233423 0.972375
    outer loop
      vertex 4 118.866 53.1607
      vertex 116 117.76 52.8952
      vertex 116 118.866 53.1607
    endloop
  endfacet
  facet normal 0 -0.233423 0.972375
    outer loop
      vertex 116 117.76 52.8952
      vertex 4 118.866 53.1607
      vertex 4 117.76 52.8952
    endloop
  endfacet
  facet normal 0 -0.996935 -0.0782289
    outer loop
      vertex 4 112.839 44.8658
      vertex 116 112.75 46
      vertex 4 112.75 46
    endloop
  endfacet
  facet normal 0 -0.996935 -0.0782289
    outer loop
      vertex 116 112.75 46
      vertex 4 112.839 44.8658
      vertex 116 112.839 44.8658
    endloop
  endfacet
  facet normal 0 -0.38273 0.92386
    outer loop
      vertex 4 117.76 52.8952
      vertex 116 116.709 52.4598
      vertex 116 117.76 52.8952
    endloop
  endfacet
  facet normal 0 -0.38273 0.92386
    outer loop
      vertex 116 116.709 52.4598
      vertex 4 117.76 52.8952
      vertex 4 116.709 52.4598
    endloop
  endfacet
  facet normal 0 0.233423 -0.972375
    outer loop
      vertex 4 121.134 38.8393
      vertex 116 122.24 39.1048
      vertex 116 121.134 38.8393
    endloop
  endfacet
  facet normal 0 0.233423 -0.972375
    outer loop
      vertex 116 122.24 39.1048
      vertex 4 121.134 38.8393
      vertex 4 122.24 39.1048
    endloop
  endfacet
  facet normal 0 0.852412 -0.522871
    outer loop
      vertex 116 125.865 41.7386
      vertex 4 126.46 42.7086
      vertex 116 126.46 42.7086
    endloop
  endfacet
  facet normal 0 0.852412 -0.522871
    outer loop
      vertex 4 126.46 42.7086
      vertex 116 125.865 41.7386
      vertex 4 125.865 41.7386
    endloop
  endfacet
  facet normal 0 0.923985 0.382429
    outer loop
      vertex 116 126.895 48.2404
      vertex 4 126.46 49.2914
      vertex 116 126.46 49.2914
    endloop
  endfacet
  facet normal 0 0.923985 0.382429
    outer loop
      vertex 4 126.46 49.2914
      vertex 116 126.895 48.2404
      vertex 4 126.895 48.2404
    endloop
  endfacet
  facet normal 0 0.923985 -0.382429
    outer loop
      vertex 116 126.46 42.7086
      vertex 4 126.895 43.7596
      vertex 116 126.895 43.7596
    endloop
  endfacet
  facet normal 0 0.923985 -0.382429
    outer loop
      vertex 4 126.895 43.7596
      vertex 116 126.46 42.7086
      vertex 4 126.46 42.7086
    endloop
  endfacet
  facet normal 0 -0.649075 0.760724
    outer loop
      vertex 4 115.739 51.8654
      vertex 116 114.873 51.1265
      vertex 116 115.739 51.8654
    endloop
  endfacet
  facet normal 0 -0.649075 0.760724
    outer loop
      vertex 116 114.873 51.1265
      vertex 4 115.739 51.8654
      vertex 4 114.873 51.1265
    endloop
  endfacet
  facet normal -0 0.38273 0.92386
    outer loop
      vertex 4 123.291 52.4598
      vertex 116 122.24 52.8952
      vertex 116 123.291 52.4598
    endloop
  endfacet
  facet normal 0 0.38273 0.92386
    outer loop
      vertex 116 122.24 52.8952
      vertex 4 123.291 52.4598
      vertex 4 122.24 52.8952
    endloop
  endfacet
  facet normal -0.0153709 -0.909611 -0.415177
    outer loop
      vertex 52.9737 113.54 42.7086
      vertex 50.3278 113.105 43.7596
      vertex 52.9516 113.538 42.7138
    endloop
  endfacet
  facet normal 0 -0.923985 -0.382429
    outer loop
      vertex 50.3278 113.105 43.7596
      vertex 52.9737 113.54 42.7086
      vertex 69.6722 113.105 43.7596
    endloop
  endfacet
  facet normal -0 -0.923985 -0.382429
    outer loop
      vertex 67.0263 113.54 42.7086
      vertex 69.6722 113.105 43.7596
      vertex 52.9737 113.54 42.7086
    endloop
  endfacet
  facet normal 0.0153709 -0.909611 -0.415177
    outer loop
      vertex 69.6722 113.105 43.7596
      vertex 67.0263 113.54 42.7086
      vertex 67.0484 113.538 42.7138
    endloop
  endfacet
  facet normal 0 0.997231 0.0743647
    outer loop
      vertex 116 127.171 47
      vertex 4 127.161 47.1341
      vertex 116 127.161 47.1341
    endloop
  endfacet
  facet normal 0 0.997231 0.0743647
    outer loop
      vertex 4 127.161 47.1341
      vertex 116 127.171 47
      vertex 4 127.171 47
    endloop
  endfacet
  facet normal 0 0.97229 0.233778
    outer loop
      vertex 116 127.161 47.1341
      vertex 4 126.895 48.2404
      vertex 116 126.895 48.2404
    endloop
  endfacet
  facet normal 0 0.97229 0.233778
    outer loop
      vertex 4 126.895 48.2404
      vertex 116 127.161 47.1341
      vertex 4 127.161 47.1341
    endloop
  endfacet
  facet normal 0 -0.996935 0.0782358
    outer loop
      vertex 4 112.75 46
      vertex 116 112.839 47.1341
      vertex 4 112.839 47.1341
    endloop
  endfacet
  facet normal 0 -0.996935 0.0782358
    outer loop
      vertex 116 112.839 47.1341
      vertex 4 112.75 46
      vertex 116 112.75 46
    endloop
  endfacet
  facet normal 0 -0.760782 0.649008
    outer loop
      vertex 4 114.135 50.2614
      vertex 116 114.873 51.1265
      vertex 4 114.873 51.1265
    endloop
  endfacet
  facet normal 0 -0.760782 0.649008
    outer loop
      vertex 116 114.873 51.1265
      vertex 4 114.135 50.2614
      vertex 116 114.135 50.2614
    endloop
  endfacet
  facet normal 0 -0.923985 0.382429
    outer loop
      vertex 4 113.105 48.2404
      vertex 116 113.54 49.2914
      vertex 4 113.54 49.2914
    endloop
  endfacet
  facet normal 0 -0.923985 0.382429
    outer loop
      vertex 116 113.54 49.2914
      vertex 4 113.105 48.2404
      vertex 116 113.105 48.2404
    endloop
  endfacet
  facet normal -0 0.233423 0.972375
    outer loop
      vertex 4 122.24 52.8952
      vertex 116 121.134 53.1607
      vertex 116 122.24 52.8952
    endloop
  endfacet
  facet normal 0 0.233423 0.972375
    outer loop
      vertex 116 121.134 53.1607
      vertex 4 122.24 52.8952
      vertex 4 121.134 53.1607
    endloop
  endfacet
  facet normal -0 0.0785048 0.996914
    outer loop
      vertex 4 121.134 53.1607
      vertex 116 120 53.25
      vertex 116 121.134 53.1607
    endloop
  endfacet
  facet normal 0 0.0785048 0.996914
    outer loop
      vertex 116 120 53.25
      vertex 4 121.134 53.1607
      vertex 4 120 53.25
    endloop
  endfacet
  facet normal 0 -0.522488 0.852647
    outer loop
      vertex 4 116.709 52.4598
      vertex 116 115.739 51.8654
      vertex 116 116.709 52.4598
    endloop
  endfacet
  facet normal 0 -0.522488 0.852647
    outer loop
      vertex 116 115.739 51.8654
      vertex 4 116.709 52.4598
      vertex 4 115.739 51.8654
    endloop
  endfacet
  facet normal 0 -0.852782 -0.522267
    outer loop
      vertex 56.4682 113.884 42.1469
      vertex 67.0263 113.54 42.7086
      vertex 52.9737 113.54 42.7086
    endloop
  endfacet
  facet normal 0 -0.852782 -0.522267
    outer loop
      vertex 56.4682 113.884 42.1469
      vertex 63.5318 113.884 42.1469
      vertex 67.0263 113.54 42.7086
    endloop
  endfacet
  facet normal -0 -0.851906 -0.523694
    outer loop
      vertex 63.5318 113.884 42.1469
      vertex 56.4682 113.884 42.1469
      vertex 60 114 41.9582
    endloop
  endfacet
  facet normal -0 0.522488 0.852647
    outer loop
      vertex 4 124.261 51.8654
      vertex 116 123.291 52.4598
      vertex 116 124.261 51.8654
    endloop
  endfacet
  facet normal 0 0.522488 0.852647
    outer loop
      vertex 116 123.291 52.4598
      vertex 4 124.261 51.8654
      vertex 4 123.291 52.4598
    endloop
  endfacet
  facet normal -1 0 0
    outer loop
      vertex 4 117.35 49.3228
      vertex 4 114.873 51.1265
      vertex 4 115.739 51.8654
    endloop
  endfacet
  facet normal -1 0 0
    outer loop
      vertex 4 112.839 44.8658
      vertex 4 115.75 46
      vertex 4 115.857 45.0543
    endloop
  endfacet
  facet normal -1 0 0
    outer loop
      vertex 4 115.857 46.9457
      vertex 4 114.135 50.2614
      vertex 4 114.873 51.1265
    endloop
  endfacet
  facet normal -1 0 0
    outer loop
      vertex 4 115.857 46.9457
      vertex 4 113.54 49.2914
      vertex 4 114.135 50.2614
    endloop
  endfacet
  facet normal -1 0 0
    outer loop
      vertex 4 113.047 44
      vertex 4 115.857 45.0543
      vertex 4 116.171 44.156
    endloop
  endfacet
  facet normal -1 0 0
    outer loop
      vertex 4 115.857 46.9457
      vertex 4 113.105 48.2404
      vertex 4 113.54 49.2914
    endloop
  endfacet
  facet normal -1 0 0
    outer loop
      vertex 4 113.047 44
      vertex 4 116.171 44.156
      vertex 4 116.269 44
    endloop
  endfacet
  facet normal -1 0 0
    outer loop
      vertex 4 115.857 45.0543
      vertex 4 113.047 44
      vertex 4 112.839 44.8658
    endloop
  endfacet
  facet normal -1 -0 0
    outer loop
      vertex 4 115.75 46
      vertex 4 112.839 44.8658
      vertex 4 112.75 46
    endloop
  endfacet
  facet normal -1 0 0
    outer loop
      vertex 4 115.857 46.9457
      vertex 4 112.839 47.1341
      vertex 4 113.105 48.2404
    endloop
  endfacet
  facet normal -1 0 0
    outer loop
      vertex 4 115.75 46
      vertex 4 112.75 46
      vertex 4 112.839 47.1341
    endloop
  endfacet
  facet normal -1 0 0
    outer loop
      vertex 4 124.124 47
      vertex 4 127.161 47.1341
      vertex 4 127.171 47
    endloop
  endfacet
  facet normal -1 -0 0
    outer loop
      vertex 4 127.161 47.1341
      vertex 4 124.124 47
      vertex 4 126.895 48.2404
    endloop
  endfacet
  facet normal -1 0 0
    outer loop
      vertex 4 123.829 47.844
      vertex 4 126.895 48.2404
      vertex 4 124.124 47
    endloop
  endfacet
  facet normal -1 -0 0
    outer loop
      vertex 4 126.46 49.2914
      vertex 4 123.829 47.844
      vertex 4 125.865 50.2614
    endloop
  endfacet
  facet normal -1 0 0
    outer loop
      vertex 4 123.323 48.6498
      vertex 4 125.865 50.2614
      vertex 4 123.829 47.844
    endloop
  endfacet
  facet normal -1 -0 0
    outer loop
      vertex 4 126.895 48.2404
      vertex 4 123.829 47.844
      vertex 4 126.46 49.2914
    endloop
  endfacet
  facet normal -1 -0 0
    outer loop
      vertex 4 125.865 50.2614
      vertex 4 123.323 48.6498
      vertex 4 125.127 51.1265
    endloop
  endfacet
  facet normal -1 0 0
    outer loop
      vertex 4 122.65 49.3228
      vertex 4 125.127 51.1265
      vertex 4 123.323 48.6498
    endloop
  endfacet
  facet normal -1 -0 0
    outer loop
      vertex 4 125.127 51.1265
      vertex 4 122.65 49.3228
      vertex 4 124.261 51.8654
    endloop
  endfacet
  facet normal -1 0 0
    outer loop
      vertex 4 121.844 49.8291
      vertex 4 124.261 51.8654
      vertex 4 122.65 49.3228
    endloop
  endfacet
  facet normal -1 -0 0
    outer loop
      vertex 4 124.261 51.8654
      vertex 4 121.844 49.8291
      vertex 4 123.291 52.4598
    endloop
  endfacet
  facet normal -1 -0 0
    outer loop
      vertex 4 123.291 52.4598
      vertex 4 121.844 49.8291
      vertex 4 122.24 52.8952
    endloop
  endfacet
  facet normal -1 0 0
    outer loop
      vertex 4 120.946 50.1434
      vertex 4 122.24 52.8952
      vertex 4 121.844 49.8291
    endloop
  endfacet
  facet normal -1 -0 0
    outer loop
      vertex 4 122.24 52.8952
      vertex 4 120.946 50.1434
      vertex 4 121.134 53.1607
    endloop
  endfacet
  facet normal -1 0 0
    outer loop
      vertex 4 120 50.25
      vertex 4 121.134 53.1607
      vertex 4 120.946 50.1434
    endloop
  endfacet
  facet normal -1 0 0
    outer loop
      vertex 4 120 50.25
      vertex 4 120 53.25
      vertex 4 121.134 53.1607
    endloop
  endfacet
  facet normal -1 0 0
    outer loop
      vertex 4 118.866 53.1607
      vertex 4 120 50.25
      vertex 4 119.054 50.1434
    endloop
  endfacet
  facet normal -1 0 0
    outer loop
      vertex 4 120 50.25
      vertex 4 118.866 53.1607
      vertex 4 120 53.25
    endloop
  endfacet
  facet normal -1 0 0
    outer loop
      vertex 4 117.76 52.8952
      vertex 4 119.054 50.1434
      vertex 4 118.156 49.8291
    endloop
  endfacet
  facet normal -1 0 0
    outer loop
      vertex 4 119.054 50.1434
      vertex 4 117.76 52.8952
      vertex 4 118.866 53.1607
    endloop
  endfacet
  facet normal -1 0 0
    outer loop
      vertex 4 115.739 51.8654
      vertex 4 118.156 49.8291
      vertex 4 117.35 49.3228
    endloop
  endfacet
  facet normal -1 0 0
    outer loop
      vertex 4 118.156 49.8291
      vertex 4 116.709 52.4598
      vertex 4 117.76 52.8952
    endloop
  endfacet
  facet normal -1 0 0
    outer loop
      vertex 4 114.873 51.1265
      vertex 4 117.35 49.3228
      vertex 4 116.677 48.6498
    endloop
  endfacet
  facet normal -1 0 0
    outer loop
      vertex 4 114.873 51.1265
      vertex 4 116.677 48.6498
      vertex 4 116.171 47.844
    endloop
  endfacet
  facet normal -1 0 0
    outer loop
      vertex 4 114.873 51.1265
      vertex 4 116.171 47.844
      vertex 4 115.857 46.9457
    endloop
  endfacet
  facet normal -1 0 0
    outer loop
      vertex 4 118.156 49.8291
      vertex 4 115.739 51.8654
      vertex 4 116.709 52.4598
    endloop
  endfacet
  facet normal -1 0 0
    outer loop
      vertex 4 112.839 47.1341
      vertex 4 115.857 46.9457
      vertex 4 115.75 46
    endloop
  endfacet
  facet normal -1 0 0
    outer loop
      vertex 4 123.731 44
      vertex 4 126.895 43.7596
      vertex 4 126.46 42.7086
    endloop
  endfacet
  facet normal -1 0 0
    outer loop
      vertex 4 123.731 44
      vertex 4 126.46 42.7086
      vertex 4 125.865 41.7386
    endloop
  endfacet
  facet normal -1 0 0
    outer loop
      vertex 4 123.323 43.3502
      vertex 4 125.865 41.7386
      vertex 4 125.127 40.8735
    endloop
  endfacet
  facet normal -1 0 0
    outer loop
      vertex 4 122.65 42.6772
      vertex 4 125.127 40.8735
      vertex 4 124.261 40.1346
    endloop
  endfacet
  facet normal -1 0 0
    outer loop
      vertex 4 125.865 41.7386
      vertex 4 123.323 43.3502
      vertex 4 123.731 44
    endloop
  endfacet
  facet normal -1 0 0
    outer loop
      vertex 4 126.895 43.7596
      vertex 4 123.731 44
      vertex 4 126.953 44
    endloop
  endfacet
  facet normal -1 0 0
    outer loop
      vertex 4 121.844 42.1709
      vertex 4 124.261 40.1346
      vertex 4 123.291 39.5402
    endloop
  endfacet
  facet normal -1 0 0
    outer loop
      vertex 4 125.127 40.8735
      vertex 4 122.65 42.6772
      vertex 4 123.323 43.3502
    endloop
  endfacet
  facet normal -1 0 0
    outer loop
      vertex 4 121.844 42.1709
      vertex 4 123.291 39.5402
      vertex 4 122.24 39.1048
    endloop
  endfacet
  facet normal -1 0 0
    outer loop
      vertex 4 124.261 40.1346
      vertex 4 121.844 42.1709
      vertex 4 122.65 42.6772
    endloop
  endfacet
  facet normal -1 0 0
    outer loop
      vertex 4 120.946 41.8566
      vertex 4 122.24 39.1048
      vertex 4 121.134 38.8393
    endloop
  endfacet
  facet normal -1 0 0
    outer loop
      vertex 4 122.24 39.1048
      vertex 4 120.946 41.8566
      vertex 4 121.844 42.1709
    endloop
  endfacet
  facet normal -1 0 0
    outer loop
      vertex 4 120 41.75
      vertex 4 121.134 38.8393
      vertex 4 120 38.75
    endloop
  endfacet
  facet normal -1 0 0
    outer loop
      vertex 4 121.134 38.8393
      vertex 4 120 41.75
      vertex 4 120.946 41.8566
    endloop
  endfacet
  facet normal 1 0 0
    outer loop
      vertex 116 124.124 47
      vertex 116 127.161 47.1341
      vertex 116 126.895 48.2404
    endloop
  endfacet
  facet normal 1 0 0
    outer loop
      vertex 116 123.829 47.844
      vertex 116 126.895 48.2404
      vertex 116 126.46 49.2914
    endloop
  endfacet
  facet normal 1 0 0
    outer loop
      vertex 116 123.829 47.844
      vertex 116 126.46 49.2914
      vertex 116 125.865 50.2614
    endloop
  endfacet
  facet normal 1 0 0
    outer loop
      vertex 116 123.323 48.6498
      vertex 116 125.865 50.2614
      vertex 116 125.127 51.1265
    endloop
  endfacet
  facet normal 1 0 0
    outer loop
      vertex 116 122.65 49.3228
      vertex 116 125.127 51.1265
      vertex 116 124.261 51.8654
    endloop
  endfacet
  facet normal 1 0 0
    outer loop
      vertex 116 126.895 48.2404
      vertex 116 123.829 47.844
      vertex 116 124.124 47
    endloop
  endfacet
  facet normal 1 0 0
    outer loop
      vertex 116 127.161 47.1341
      vertex 116 124.124 47
      vertex 116 127.171 47
    endloop
  endfacet
  facet normal 1 0 0
    outer loop
      vertex 116 125.865 50.2614
      vertex 116 123.323 48.6498
      vertex 116 123.829 47.844
    endloop
  endfacet
  facet normal 1 0 0
    outer loop
      vertex 116 121.844 49.8291
      vertex 116 124.261 51.8654
      vertex 116 123.291 52.4598
    endloop
  endfacet
  facet normal 1 0 0
    outer loop
      vertex 116 125.127 51.1265
      vertex 116 122.65 49.3228
      vertex 116 123.323 48.6498
    endloop
  endfacet
  facet normal 1 0 0
    outer loop
      vertex 116 121.844 49.8291
      vertex 116 123.291 52.4598
      vertex 116 122.24 52.8952
    endloop
  endfacet
  facet normal 1 0 0
    outer loop
      vertex 116 124.261 51.8654
      vertex 116 121.844 49.8291
      vertex 116 122.65 49.3228
    endloop
  endfacet
  facet normal 1 0 0
    outer loop
      vertex 116 120.946 50.1434
      vertex 116 122.24 52.8952
      vertex 116 121.134 53.1607
    endloop
  endfacet
  facet normal 1 0 0
    outer loop
      vertex 116 122.24 52.8952
      vertex 116 120.946 50.1434
      vertex 116 121.844 49.8291
    endloop
  endfacet
  facet normal 1 0 0
    outer loop
      vertex 116 120 50.25
      vertex 116 121.134 53.1607
      vertex 116 120 53.25
    endloop
  endfacet
  facet normal 1 0 0
    outer loop
      vertex 116 121.134 53.1607
      vertex 116 120 50.25
      vertex 116 120.946 50.1434
    endloop
  endfacet
  facet normal 1 -0 0
    outer loop
      vertex 116 118.866 53.1607
      vertex 116 120 50.25
      vertex 116 120 53.25
    endloop
  endfacet
  facet normal 1 0 0
    outer loop
      vertex 116 120 50.25
      vertex 116 118.866 53.1607
      vertex 116 119.054 50.1434
    endloop
  endfacet
  facet normal 1 -0 0
    outer loop
      vertex 116 117.76 52.8952
      vertex 116 119.054 50.1434
      vertex 116 118.866 53.1607
    endloop
  endfacet
  facet normal 1 0 0
    outer loop
      vertex 116 119.054 50.1434
      vertex 116 117.76 52.8952
      vertex 116 118.156 49.8291
    endloop
  endfacet
  facet normal 1 -0 0
    outer loop
      vertex 116 116.709 52.4598
      vertex 116 118.156 49.8291
      vertex 116 117.76 52.8952
    endloop
  endfacet
  facet normal 1 -0 0
    outer loop
      vertex 116 115.739 51.8654
      vertex 116 118.156 49.8291
      vertex 116 116.709 52.4598
    endloop
  endfacet
  facet normal 1 0 0
    outer loop
      vertex 116 118.156 49.8291
      vertex 116 115.739 51.8654
      vertex 116 117.35 49.3228
    endloop
  endfacet
  facet normal 1 -0 0
    outer loop
      vertex 116 114.873 51.1265
      vertex 116 117.35 49.3228
      vertex 116 115.739 51.8654
    endloop
  endfacet
  facet normal 1 0 0
    outer loop
      vertex 116 117.35 49.3228
      vertex 116 114.873 51.1265
      vertex 116 116.677 48.6498
    endloop
  endfacet
  facet normal 1 0 0
    outer loop
      vertex 116 116.677 48.6498
      vertex 116 114.135 50.2614
      vertex 116 116.171 47.844
    endloop
  endfacet
  facet normal 1 -0 0
    outer loop
      vertex 116 114.135 50.2614
      vertex 116 116.677 48.6498
      vertex 116 114.873 51.1265
    endloop
  endfacet
  facet normal 1 -0 0
    outer loop
      vertex 116 113.54 49.2914
      vertex 116 116.171 47.844
      vertex 116 114.135 50.2614
    endloop
  endfacet
  facet normal 1 -0 0
    outer loop
      vertex 116 113.105 48.2404
      vertex 116 116.171 47.844
      vertex 116 113.54 49.2914
    endloop
  endfacet
  facet normal 1 0 0
    outer loop
      vertex 116 116.171 47.844
      vertex 116 113.105 48.2404
      vertex 116 115.857 46.9457
    endloop
  endfacet
  facet normal 1 -0 0
    outer loop
      vertex 116 112.839 47.1341
      vertex 116 115.857 46.9457
      vertex 116 113.105 48.2404
    endloop
  endfacet
  facet normal 1 0 0
    outer loop
      vertex 116 115.857 46.9457
      vertex 116 112.839 47.1341
      vertex 116 115.75 46
    endloop
  endfacet
  facet normal 1 0 0
    outer loop
      vertex 116 112.75 46
      vertex 116 115.75 46
      vertex 116 112.839 47.1341
    endloop
  endfacet
  facet normal 1 0 -0
    outer loop
      vertex 116 112.839 44.8658
      vertex 116 115.75 46
      vertex 116 112.75 46
    endloop
  endfacet
  facet normal 1 0 0
    outer loop
      vertex 116 115.75 46
      vertex 116 112.839 44.8658
      vertex 116 115.857 45.0543
    endloop
  endfacet
  facet normal 1 0 -0
    outer loop
      vertex 116 113.047 44
      vertex 116 115.857 45.0543
      vertex 116 112.839 44.8658
    endloop
  endfacet
  facet normal 1 0 0
    outer loop
      vertex 116 115.857 45.0543
      vertex 116 113.047 44
      vertex 116 116.171 44.156
    endloop
  endfacet
  facet normal 1 0 0
    outer loop
      vertex 116 116.171 44.156
      vertex 116 113.047 44
      vertex 116 116.269 44
    endloop
  endfacet
  facet normal 1 -0 0
    outer loop
      vertex 116 123.731 44
      vertex 116 126.895 43.7596
      vertex 116 126.953 44
    endloop
  endfacet
  facet normal 1 0 0
    outer loop
      vertex 116 126.895 43.7596
      vertex 116 123.731 44
      vertex 116 126.46 42.7086
    endloop
  endfacet
  facet normal 1 0 0
    outer loop
      vertex 116 126.46 42.7086
      vertex 116 123.731 44
      vertex 116 125.865 41.7386
    endloop
  endfacet
  facet normal 1 -0 0
    outer loop
      vertex 116 123.323 43.3502
      vertex 116 125.865 41.7386
      vertex 116 123.731 44
    endloop
  endfacet
  facet normal 1 0 0
    outer loop
      vertex 116 125.865 41.7386
      vertex 116 123.323 43.3502
      vertex 116 125.127 40.8735
    endloop
  endfacet
  facet normal 1 -0 0
    outer loop
      vertex 116 122.65 42.6772
      vertex 116 125.127 40.8735
      vertex 116 123.323 43.3502
    endloop
  endfacet
  facet normal 1 0 0
    outer loop
      vertex 116 125.127 40.8735
      vertex 116 122.65 42.6772
      vertex 116 124.261 40.1346
    endloop
  endfacet
  facet normal 1 -0 0
    outer loop
      vertex 116 121.844 42.1709
      vertex 116 124.261 40.1346
      vertex 116 122.65 42.6772
    endloop
  endfacet
  facet normal 1 0 0
    outer loop
      vertex 116 124.261 40.1346
      vertex 116 121.844 42.1709
      vertex 116 123.291 39.5402
    endloop
  endfacet
  facet normal 1 0 0
    outer loop
      vertex 116 123.291 39.5402
      vertex 116 121.844 42.1709
      vertex 116 122.24 39.1048
    endloop
  endfacet
  facet normal 1 -0 0
    outer loop
      vertex 116 120.946 41.8566
      vertex 116 122.24 39.1048
      vertex 116 121.844 42.1709
    endloop
  endfacet
  facet normal 1 0 0
    outer loop
      vertex 116 122.24 39.1048
      vertex 116 120.946 41.8566
      vertex 116 121.134 38.8393
    endloop
  endfacet
  facet normal 1 -0 0
    outer loop
      vertex 116 120 41.75
      vertex 116 121.134 38.8393
      vertex 116 120.946 41.8566
    endloop
  endfacet
  facet normal 1 0 0
    outer loop
      vertex 116 121.134 38.8393
      vertex 116 120 41.75
      vertex 116 120 38.75
    endloop
  endfacet
  facet normal 0 -0.532009 0.846739
    outer loop
      vertex 3 2.64983 42.6772
      vertex 117 1.84401 42.1709
      vertex 117 2.64983 42.6772
    endloop
  endfacet
  facet normal 0 -0.532009 0.846739
    outer loop
      vertex 117 1.84401 42.1709
      vertex 3 2.64983 42.6772
      vertex 3 1.84401 42.1709
    endloop
  endfacet
  facet normal -0 0.532009 0.846739
    outer loop
      vertex 4 -1.84401 42.1709
      vertex 116 -2.64983 42.6772
      vertex 116 -1.84401 42.1709
    endloop
  endfacet
  facet normal 0 0.532009 0.846739
    outer loop
      vertex 116 -2.64983 42.6772
      vertex 4 -1.84401 42.1709
      vertex 4 -2.64983 42.6772
    endloop
  endfacet
  facet normal -0 0.11201 0.993707
    outer loop
      vertex 4 0 41.75
      vertex 116 -0.945713 41.8566
      vertex 116 0 41.75
    endloop
  endfacet
  facet normal 0 0.11201 0.993707
    outer loop
      vertex 116 -0.945713 41.8566
      vertex 4 0 41.75
      vertex 4 -0.945713 41.8566
    endloop
  endfacet
  facet normal -1 0 0
    outer loop
      vertex 117 0 44
      vertex 117 3.32278 43.3502
      vertex 117 2.64983 42.6772
    endloop
  endfacet
  facet normal -1 0 0
    outer loop
      vertex 117 0 44
      vertex 117 2.64983 42.6772
      vertex 117 1.84401 42.1709
    endloop
  endfacet
  facet normal -1 0 0
    outer loop
      vertex 117 0 44
      vertex 117 1.84401 42.1709
      vertex 117 0.945713 41.8566
    endloop
  endfacet
  facet normal -1 0 0
    outer loop
      vertex 117 0 44
      vertex 117 0.945713 41.8566
      vertex 117 0 41.75
    endloop
  endfacet
  facet normal -1 0 0
    outer loop
      vertex 117 3.32278 43.3502
      vertex 117 0 44
      vertex 117 3.7311 44
    endloop
  endfacet
  facet normal 0 -0.943886 0.330271
    outer loop
      vertex 4 3.82912 44.156
      vertex 116 4.14344 45.0543
      vertex 4 4.14344 45.0543
    endloop
  endfacet
  facet normal 0 -0.943886 0.330271
    outer loop
      vertex 116 4.14344 45.0543
      vertex 4 3.82912 44.156
      vertex 116 3.82912 44.156
    endloop
  endfacet
  facet normal 0 -0.707133 0.707081
    outer loop
      vertex 3 3.32278 43.3502
      vertex 117 2.64983 42.6772
      vertex 117 3.32278 43.3502
    endloop
  endfacet
  facet normal 0 -0.707133 0.707081
    outer loop
      vertex 117 2.64983 42.6772
      vertex 3 3.32278 43.3502
      vertex 3 2.64983 42.6772
    endloop
  endfacet
  facet normal 0 -0.11201 0.993707
    outer loop
      vertex 117 0.945713 41.8566
      vertex 116 0 41.75
      vertex 117 0 41.75
    endloop
  endfacet
  facet normal 0 -0.11201 0.993707
    outer loop
      vertex 117 0.945713 41.8566
      vertex 4 0 41.75
      vertex 116 0 41.75
    endloop
  endfacet
  facet normal 0 -0.11201 0.993707
    outer loop
      vertex 3 0.945713 41.8566
      vertex 4 0 41.75
      vertex 117 0.945713 41.8566
    endloop
  endfacet
  facet normal 0 -0.11201 0.993707
    outer loop
      vertex 4 0 41.75
      vertex 3 0.945713 41.8566
      vertex 3 0 41.75
    endloop
  endfacet
  facet normal 0 -0.943886 -0.330271
    outer loop
      vertex 4 4.14344 46.9457
      vertex 116 3.82912 47.844
      vertex 4 3.82912 47.844
    endloop
  endfacet
  facet normal 0 -0.943886 -0.330271
    outer loop
      vertex 116 3.82912 47.844
      vertex 4 4.14344 46.9457
      vertex 116 4.14344 46.9457
    endloop
  endfacet
  facet normal 0 -0.707133 -0.707081
    outer loop
      vertex 4 3.32278 48.6498
      vertex 116 2.64983 49.3228
      vertex 4 2.64983 49.3228
    endloop
  endfacet
  facet normal 0 -0.707133 -0.707081
    outer loop
      vertex 116 2.64983 49.3228
      vertex 4 3.32278 48.6498
      vertex 116 3.32278 48.6498
    endloop
  endfacet
  facet normal 0 -0.846714 -0.532049
    outer loop
      vertex 4 3.82912 47.844
      vertex 116 3.32278 48.6498
      vertex 4 3.32278 48.6498
    endloop
  endfacet
  facet normal 0 -0.846714 -0.532049
    outer loop
      vertex 116 3.32278 48.6498
      vertex 4 3.82912 47.844
      vertex 116 3.82912 47.844
    endloop
  endfacet
  facet normal 1 -0 0
    outer loop
      vertex 3 3.4377 44
      vertex 3 3.32278 43.3502
      vertex 3 3.7311 44
    endloop
  endfacet
  facet normal 1 -0 0
    outer loop
      vertex 3 3.12733 43.506
      vertex 3 3.32278 43.3502
      vertex 3 3.4377 44
    endloop
  endfacet
  facet normal 1 0 0
    outer loop
      vertex 3 3.12733 43.506
      vertex 3 2.64983 42.6772
      vertex 3 3.32278 43.3502
    endloop
  endfacet
  facet normal 1 -0 0
    outer loop
      vertex 3 2.49396 42.8727
      vertex 3 2.64983 42.6772
      vertex 3 3.12733 43.506
    endloop
  endfacet
  facet normal 1 0 0
    outer loop
      vertex 3 2.49396 42.8727
      vertex 3 1.84401 42.1709
      vertex 3 2.64983 42.6772
    endloop
  endfacet
  facet normal 1 -0 0
    outer loop
      vertex 3 1.73553 42.3961
      vertex 3 1.84401 42.1709
      vertex 3 2.49396 42.8727
    endloop
  endfacet
  facet normal 1 0 0
    outer loop
      vertex 3 1.73553 42.3961
      vertex 3 0.945713 41.8566
      vertex 3 1.84401 42.1709
    endloop
  endfacet
  facet normal 1 -0 0
    outer loop
      vertex 3 0.890083 42.1003
      vertex 3 0.945713 41.8566
      vertex 3 1.73553 42.3961
    endloop
  endfacet
  facet normal 1 -0 0
    outer loop
      vertex 3 0 42
      vertex 3 0.945713 41.8566
      vertex 3 0.890083 42.1003
    endloop
  endfacet
  facet normal 1 0 0
    outer loop
      vertex 3 0.945713 41.8566
      vertex 3 0 42
      vertex 3 0 41.75
    endloop
  endfacet
  facet normal 0 0.11201 -0.993707
    outer loop
      vertex 4 -0.945713 50.1434
      vertex 116 0 50.25
      vertex 116 -0.945713 50.1434
    endloop
  endfacet
  facet normal 0 0.11201 -0.993707
    outer loop
      vertex 116 0 50.25
      vertex 4 -0.945713 50.1434
      vertex 4 0 50.25
    endloop
  endfacet
  facet normal 0 0.943883 -0.330281
    outer loop
      vertex 116 -4.12445 47
      vertex 4 -3.82912 47.844
      vertex 116 -3.82912 47.844
    endloop
  endfacet
  facet normal 0 0.943883 -0.330281
    outer loop
      vertex 4 -3.82912 47.844
      vertex 116 -4.12445 47
      vertex 4 -4.12445 47
    endloop
  endfacet
  facet normal 0 -0.993712 0.11197
    outer loop
      vertex 4 4.14344 45.0543
      vertex 116 4.25 46
      vertex 4 4.25 46
    endloop
  endfacet
  facet normal 0 -0.993712 0.11197
    outer loop
      vertex 116 4.25 46
      vertex 4 4.14344 45.0543
      vertex 116 4.14344 45.0543
    endloop
  endfacet
  facet normal 0 0.532009 -0.846739
    outer loop
      vertex 4 -2.64983 49.3228
      vertex 116 -1.84401 49.8291
      vertex 116 -2.64983 49.3228
    endloop
  endfacet
  facet normal 0 0.532009 -0.846739
    outer loop
      vertex 116 -1.84401 49.8291
      vertex 4 -2.64983 49.3228
      vertex 4 -1.84401 49.8291
    endloop
  endfacet
  facet normal 0 0.707133 -0.707081
    outer loop
      vertex 116 -3.32278 48.6498
      vertex 4 -2.64983 49.3228
      vertex 116 -2.64983 49.3228
    endloop
  endfacet
  facet normal 0 0.707133 -0.707081
    outer loop
      vertex 4 -2.64983 49.3228
      vertex 116 -3.32278 48.6498
      vertex 4 -3.32278 48.6498
    endloop
  endfacet
  facet normal 0 -0.330253 -0.943892
    outer loop
      vertex 4 0.945713 50.1434
      vertex 116 1.84401 49.8291
      vertex 116 0.945713 50.1434
    endloop
  endfacet
  facet normal -0 -0.330253 -0.943892
    outer loop
      vertex 116 1.84401 49.8291
      vertex 4 0.945713 50.1434
      vertex 4 1.84401 49.8291
    endloop
  endfacet
  facet normal 0 -0.330253 0.943892
    outer loop
      vertex 3 1.84401 42.1709
      vertex 117 0.945713 41.8566
      vertex 117 1.84401 42.1709
    endloop
  endfacet
  facet normal 0 -0.330253 0.943892
    outer loop
      vertex 117 0.945713 41.8566
      vertex 3 1.84401 42.1709
      vertex 3 0.945713 41.8566
    endloop
  endfacet
  facet normal -0 0.707133 0.707081
    outer loop
      vertex 4 -2.64983 42.6772
      vertex 116 -3.32278 43.3502
      vertex 116 -2.64983 42.6772
    endloop
  endfacet
  facet normal 0 0.707133 0.707081
    outer loop
      vertex 116 -3.32278 43.3502
      vertex 4 -2.64983 42.6772
      vertex 4 -3.32278 43.3502
    endloop
  endfacet
  facet normal 0 -0.993712 -0.11197
    outer loop
      vertex 4 4.25 46
      vertex 116 4.14344 46.9457
      vertex 4 4.14344 46.9457
    endloop
  endfacet
  facet normal 0 -0.993712 -0.11197
    outer loop
      vertex 116 4.14344 46.9457
      vertex 4 4.25 46
      vertex 116 4.25 46
    endloop
  endfacet
  facet normal 0 -0.84671 0.532054
    outer loop
      vertex 3 3.32278 43.3502
      vertex 4 3.7311 44
      vertex 3 3.7311 44
    endloop
  endfacet
  facet normal 0 -0.84671 0.532054
    outer loop
      vertex 4 3.7311 44
      vertex 3 3.32278 43.3502
      vertex 116 3.7311 44
    endloop
  endfacet
  facet normal 0 -0.84671 0.532054
    outer loop
      vertex 117 3.32278 43.3502
      vertex 116 3.7311 44
      vertex 3 3.32278 43.3502
    endloop
  endfacet
  facet normal 0 -0.84671 0.532054
    outer loop
      vertex 116 3.7311 44
      vertex 117 3.32278 43.3502
      vertex 117 3.7311 44
    endloop
  endfacet
  facet normal 0 -0.846727 0.532027
    outer loop
      vertex 4 3.7311 44
      vertex 116 3.82912 44.156
      vertex 4 3.82912 44.156
    endloop
  endfacet
  facet normal 0 -0.846727 0.532027
    outer loop
      vertex 116 3.82912 44.156
      vertex 4 3.7311 44
      vertex 116 3.7311 44
    endloop
  endfacet
  facet normal -0 0.330253 0.943892
    outer loop
      vertex 4 -0.945713 41.8566
      vertex 116 -1.84401 42.1709
      vertex 116 -0.945713 41.8566
    endloop
  endfacet
  facet normal 0 0.330253 0.943892
    outer loop
      vertex 116 -1.84401 42.1709
      vertex 4 -0.945713 41.8566
      vertex 4 -1.84401 42.1709
    endloop
  endfacet
  facet normal 0 0.84671 0.532054
    outer loop
      vertex 116 -3.32278 43.3502
      vertex 4 -3.7311 44
      vertex 116 -3.7311 44
    endloop
  endfacet
  facet normal 0 0.84671 0.532054
    outer loop
      vertex 4 -3.7311 44
      vertex 116 -3.32278 43.3502
      vertex 4 -3.32278 43.3502
    endloop
  endfacet
  facet normal 0 -0.532009 -0.846739
    outer loop
      vertex 4 1.84401 49.8291
      vertex 116 2.64983 49.3228
      vertex 116 1.84401 49.8291
    endloop
  endfacet
  facet normal -0 -0.532009 -0.846739
    outer loop
      vertex 116 2.64983 49.3228
      vertex 4 1.84401 49.8291
      vertex 4 2.64983 49.3228
    endloop
  endfacet
  facet normal 0 -0.11201 -0.993707
    outer loop
      vertex 4 0 50.25
      vertex 116 0.945713 50.1434
      vertex 116 0 50.25
    endloop
  endfacet
  facet normal -0 -0.11201 -0.993707
    outer loop
      vertex 116 0.945713 50.1434
      vertex 4 0 50.25
      vertex 4 0.945713 50.1434
    endloop
  endfacet
  facet normal 0 0.330253 -0.943892
    outer loop
      vertex 4 -1.84401 49.8291
      vertex 116 -0.945713 50.1434
      vertex 116 -1.84401 49.8291
    endloop
  endfacet
  facet normal 0 0.330253 -0.943892
    outer loop
      vertex 116 -0.945713 50.1434
      vertex 4 -1.84401 49.8291
      vertex 4 -0.945713 50.1434
    endloop
  endfacet
  facet normal 0 0.846714 -0.532049
    outer loop
      vertex 116 -3.82912 47.844
      vertex 4 -3.32278 48.6498
      vertex 116 -3.32278 48.6498
    endloop
  endfacet
  facet normal 0 0.846714 -0.532049
    outer loop
      vertex 4 -3.32278 48.6498
      vertex 116 -3.82912 47.844
      vertex 4 -3.82912 47.844
    endloop
  endfacet
  facet normal 0 -0.531924 0.846792
    outer loop
      vertex 4 122.65 42.6772
      vertex 116 121.844 42.1709
      vertex 116 122.65 42.6772
    endloop
  endfacet
  facet normal 0 -0.531924 0.846792
    outer loop
      vertex 116 121.844 42.1709
      vertex 4 122.65 42.6772
      vertex 4 121.844 42.1709
    endloop
  endfacet
  facet normal -0 0.111976 0.993711
    outer loop
      vertex 116 120 41.75
      vertex 117 119.054 41.8566
      vertex 117 120 41.75
    endloop
  endfacet
  facet normal -0 0.111976 0.993711
    outer loop
      vertex 4 120 41.75
      vertex 117 119.054 41.8566
      vertex 116 120 41.75
    endloop
  endfacet
  facet normal 0 0.111976 0.993711
    outer loop
      vertex 3 119.054 41.8566
      vertex 4 120 41.75
      vertex 3 120 41.75
    endloop
  endfacet
  facet normal 0 0.111976 0.993711
    outer loop
      vertex 4 120 41.75
      vertex 3 119.054 41.8566
      vertex 117 119.054 41.8566
    endloop
  endfacet
  facet normal 0 -0.111976 -0.993711
    outer loop
      vertex 4 120 50.25
      vertex 116 120.946 50.1434
      vertex 116 120 50.25
    endloop
  endfacet
  facet normal -0 -0.111976 -0.993711
    outer loop
      vertex 116 120.946 50.1434
      vertex 4 120 50.25
      vertex 4 120.946 50.1434
    endloop
  endfacet
  facet normal 0 -0.943998 -0.329952
    outer loop
      vertex 4 124.124 47
      vertex 116 123.829 47.844
      vertex 4 123.829 47.844
    endloop
  endfacet
  facet normal 0 -0.943998 -0.329952
    outer loop
      vertex 116 123.829 47.844
      vertex 4 124.124 47
      vertex 116 124.124 47
    endloop
  endfacet
  facet normal 0 0.33035 -0.943858
    outer loop
      vertex 4 118.156 49.8291
      vertex 116 119.054 50.1434
      vertex 116 118.156 49.8291
    endloop
  endfacet
  facet normal 0 0.33035 -0.943858
    outer loop
      vertex 116 119.054 50.1434
      vertex 4 118.156 49.8291
      vertex 4 119.054 50.1434
    endloop
  endfacet
  facet normal 0 -0.707107 0.707107
    outer loop
      vertex 4 122.65 42.6772
      vertex 116 123.323 43.3502
      vertex 4 123.323 43.3502
    endloop
  endfacet
  facet normal 0 -0.707107 0.707107
    outer loop
      vertex 116 123.323 43.3502
      vertex 4 122.65 42.6772
      vertex 116 122.65 42.6772
    endloop
  endfacet
  facet normal 0 -0.846875 -0.531793
    outer loop
      vertex 4 123.829 47.844
      vertex 116 123.323 48.6498
      vertex 4 123.323 48.6498
    endloop
  endfacet
  facet normal 0 -0.846875 -0.531793
    outer loop
      vertex 116 123.323 48.6498
      vertex 4 123.829 47.844
      vertex 116 123.829 47.844
    endloop
  endfacet
  facet normal 0 0.846875 -0.531793
    outer loop
      vertex 116 116.171 47.844
      vertex 4 116.677 48.6498
      vertex 116 116.677 48.6498
    endloop
  endfacet
  facet normal 0 0.846875 -0.531793
    outer loop
      vertex 4 116.677 48.6498
      vertex 116 116.171 47.844
      vertex 4 116.171 47.844
    endloop
  endfacet
  facet normal 0 -0.111976 0.993711
    outer loop
      vertex 4 120.946 41.8566
      vertex 116 120 41.75
      vertex 116 120.946 41.8566
    endloop
  endfacet
  facet normal 0 -0.111976 0.993711
    outer loop
      vertex 116 120 41.75
      vertex 4 120.946 41.8566
      vertex 4 120 41.75
    endloop
  endfacet
  facet normal 0 0.99366 0.112426
    outer loop
      vertex 116 115.857 45.0543
      vertex 4 115.75 46
      vertex 116 115.75 46
    endloop
  endfacet
  facet normal 0 0.99366 0.112426
    outer loop
      vertex 4 115.75 46
      vertex 116 115.857 45.0543
      vertex 4 115.857 45.0543
    endloop
  endfacet
  facet normal -0 0.531924 0.846792
    outer loop
      vertex 3 118.156 42.1709
      vertex 117 117.35 42.6772
      vertex 117 118.156 42.1709
    endloop
  endfacet
  facet normal 0 0.531924 0.846792
    outer loop
      vertex 117 117.35 42.6772
      vertex 3 118.156 42.1709
      vertex 3 117.35 42.6772
    endloop
  endfacet
  facet normal 0 0.707107 0.707107
    outer loop
      vertex 117 117.35 42.6772
      vertex 3 116.677 43.3502
      vertex 117 116.677 43.3502
    endloop
  endfacet
  facet normal 0 0.707107 0.707107
    outer loop
      vertex 3 116.677 43.3502
      vertex 117 117.35 42.6772
      vertex 3 117.35 42.6772
    endloop
  endfacet
  facet normal 0 0.531924 -0.846792
    outer loop
      vertex 4 117.35 49.3228
      vertex 116 118.156 49.8291
      vertex 116 117.35 49.3228
    endloop
  endfacet
  facet normal 0 0.531924 -0.846792
    outer loop
      vertex 116 118.156 49.8291
      vertex 4 117.35 49.3228
      vertex 4 118.156 49.8291
    endloop
  endfacet
  facet normal -0 0.33035 0.943858
    outer loop
      vertex 3 119.054 41.8566
      vertex 117 118.156 42.1709
      vertex 117 119.054 41.8566
    endloop
  endfacet
  facet normal 0 0.33035 0.943858
    outer loop
      vertex 117 118.156 42.1709
      vertex 3 119.054 41.8566
      vertex 3 118.156 42.1709
    endloop
  endfacet
  facet normal 0 -0.33035 0.943858
    outer loop
      vertex 4 121.844 42.1709
      vertex 116 120.946 41.8566
      vertex 116 121.844 42.1709
    endloop
  endfacet
  facet normal 0 -0.33035 0.943858
    outer loop
      vertex 116 120.946 41.8566
      vertex 4 121.844 42.1709
      vertex 4 120.946 41.8566
    endloop
  endfacet
  facet normal 0 0.943991 0.329971
    outer loop
      vertex 116 116.171 44.156
      vertex 4 115.857 45.0543
      vertex 116 115.857 45.0543
    endloop
  endfacet
  facet normal 0 0.943991 0.329971
    outer loop
      vertex 4 115.857 45.0543
      vertex 116 116.171 44.156
      vertex 4 116.171 44.156
    endloop
  endfacet
  facet normal 0 0.943991 -0.329971
    outer loop
      vertex 116 115.857 46.9457
      vertex 4 116.171 47.844
      vertex 116 116.171 47.844
    endloop
  endfacet
  facet normal 0 0.943991 -0.329971
    outer loop
      vertex 4 116.171 47.844
      vertex 116 115.857 46.9457
      vertex 4 115.857 46.9457
    endloop
  endfacet
  facet normal 0 0.707107 -0.707107
    outer loop
      vertex 116 116.677 48.6498
      vertex 4 117.35 49.3228
      vertex 116 117.35 49.3228
    endloop
  endfacet
  facet normal 0 0.707107 -0.707107
    outer loop
      vertex 4 117.35 49.3228
      vertex 116 116.677 48.6498
      vertex 4 116.677 48.6498
    endloop
  endfacet
  facet normal -1 0 0
    outer loop
      vertex 117 119.054 41.8566
      vertex 117 120 44
      vertex 117 120 41.75
    endloop
  endfacet
  facet normal -1 0 0
    outer loop
      vertex 117 118.156 42.1709
      vertex 117 120 44
      vertex 117 119.054 41.8566
    endloop
  endfacet
  facet normal -1 0 0
    outer loop
      vertex 117 117.35 42.6772
      vertex 117 120 44
      vertex 117 118.156 42.1709
    endloop
  endfacet
  facet normal -1 0 0
    outer loop
      vertex 117 116.677 43.3502
      vertex 117 120 44
      vertex 117 117.35 42.6772
    endloop
  endfacet
  facet normal -1 -0 0
    outer loop
      vertex 117 120 44
      vertex 117 116.677 43.3502
      vertex 117 116.269 44
    endloop
  endfacet
  facet normal 0 -0.846898 0.531755
    outer loop
      vertex 4 123.323 43.3502
      vertex 116 123.731 44
      vertex 4 123.731 44
    endloop
  endfacet
  facet normal 0 -0.846898 0.531755
    outer loop
      vertex 116 123.731 44
      vertex 4 123.323 43.3502
      vertex 116 123.323 43.3502
    endloop
  endfacet
  facet normal 0 0.99366 -0.112426
    outer loop
      vertex 116 115.75 46
      vertex 4 115.857 46.9457
      vertex 116 115.857 46.9457
    endloop
  endfacet
  facet normal 0 0.99366 -0.112426
    outer loop
      vertex 4 115.857 46.9457
      vertex 116 115.75 46
      vertex 4 115.75 46
    endloop
  endfacet
  facet normal 0 0.111976 -0.993711
    outer loop
      vertex 4 119.054 50.1434
      vertex 116 120 50.25
      vertex 116 119.054 50.1434
    endloop
  endfacet
  facet normal 0 0.111976 -0.993711
    outer loop
      vertex 116 120 50.25
      vertex 4 119.054 50.1434
      vertex 4 120 50.25
    endloop
  endfacet
  facet normal 0 -0.707107 -0.707107
    outer loop
      vertex 4 123.323 48.6498
      vertex 116 122.65 49.3228
      vertex 4 122.65 49.3228
    endloop
  endfacet
  facet normal 0 -0.707107 -0.707107
    outer loop
      vertex 116 122.65 49.3228
      vertex 4 123.323 48.6498
      vertex 116 123.323 48.6498
    endloop
  endfacet
  facet normal 1 0 0
    outer loop
      vertex 3 119.11 42.1003
      vertex 3 120 41.75
      vertex 3 120 42
    endloop
  endfacet
  facet normal 1 0 0
    outer loop
      vertex 3 119.11 42.1003
      vertex 3 119.054 41.8566
      vertex 3 120 41.75
    endloop
  endfacet
  facet normal 1 0 0
    outer loop
      vertex 3 118.264 42.3961
      vertex 3 119.054 41.8566
      vertex 3 119.11 42.1003
    endloop
  endfacet
  facet normal 1 0 0
    outer loop
      vertex 3 118.264 42.3961
      vertex 3 118.156 42.1709
      vertex 3 119.054 41.8566
    endloop
  endfacet
  facet normal 1 0 0
    outer loop
      vertex 3 117.506 42.8727
      vertex 3 118.156 42.1709
      vertex 3 118.264 42.3961
    endloop
  endfacet
  facet normal 1 0 0
    outer loop
      vertex 3 117.506 42.8727
      vertex 3 117.35 42.6772
      vertex 3 118.156 42.1709
    endloop
  endfacet
  facet normal 1 0 0
    outer loop
      vertex 3 116.873 43.506
      vertex 3 117.35 42.6772
      vertex 3 117.506 42.8727
    endloop
  endfacet
  facet normal 1 0 0
    outer loop
      vertex 3 116.873 43.506
      vertex 3 116.677 43.3502
      vertex 3 117.35 42.6772
    endloop
  endfacet
  facet normal 1 0 0
    outer loop
      vertex 3 116.562 44
      vertex 3 116.677 43.3502
      vertex 3 116.873 43.506
    endloop
  endfacet
  facet normal 1 0 0
    outer loop
      vertex 3 116.677 43.3502
      vertex 3 116.562 44
      vertex 3 116.269 44
    endloop
  endfacet
  facet normal 0 0.846898 0.531755
    outer loop
      vertex 117 116.677 43.3502
      vertex 116 116.269 44
      vertex 117 116.269 44
    endloop
  endfacet
  facet normal 0 0.846898 0.531755
    outer loop
      vertex 116 116.269 44
      vertex 117 116.677 43.3502
      vertex 4 116.269 44
    endloop
  endfacet
  facet normal -0 0.846898 0.531755
    outer loop
      vertex 3 116.677 43.3502
      vertex 4 116.269 44
      vertex 117 116.677 43.3502
    endloop
  endfacet
  facet normal 0 0.846898 0.531755
    outer loop
      vertex 4 116.269 44
      vertex 3 116.677 43.3502
      vertex 3 116.269 44
    endloop
  endfacet
  facet normal 0 0.846776 0.531949
    outer loop
      vertex 116 116.269 44
      vertex 4 116.171 44.156
      vertex 116 116.171 44.156
    endloop
  endfacet
  facet normal 0 0.846776 0.531949
    outer loop
      vertex 4 116.171 44.156
      vertex 116 116.269 44
      vertex 4 116.269 44
    endloop
  endfacet
  facet normal 0 -0.531924 -0.846792
    outer loop
      vertex 4 121.844 49.8291
      vertex 116 122.65 49.3228
      vertex 116 121.844 49.8291
    endloop
  endfacet
  facet normal -0 -0.531924 -0.846792
    outer loop
      vertex 116 122.65 49.3228
      vertex 4 121.844 49.8291
      vertex 4 122.65 49.3228
    endloop
  endfacet
  facet normal 0 -0.33035 -0.943858
    outer loop
      vertex 4 120.946 50.1434
      vertex 116 121.844 49.8291
      vertex 116 120.946 50.1434
    endloop
  endfacet
  facet normal -0 -0.33035 -0.943858
    outer loop
      vertex 116 121.844 49.8291
      vertex 4 120.946 50.1434
      vertex 4 121.844 49.8291
    endloop
  endfacet
  facet normal 0 -0.831419 -0.555646
    outer loop
      vertex -18 1.01627 36.921
      vertex -14 0.777817 37.2778
      vertex -18 0.777817 37.2778
    endloop
  endfacet
  facet normal 0 -0.831419 -0.555646
    outer loop
      vertex -14 0.777817 37.2778
      vertex -18 1.01627 36.921
      vertex -14 1.01627 36.921
    endloop
  endfacet
  facet normal 0 -0.55565 0.831416
    outer loop
      vertex -18 0.777817 35.7222
      vertex -14 0.420951 35.4837
      vertex -14 0.777817 35.7222
    endloop
  endfacet
  facet normal 0 -0.55565 0.831416
    outer loop
      vertex -14 0.420951 35.4837
      vertex -18 0.777817 35.7222
      vertex -18 0.420951 35.4837
    endloop
  endfacet
  facet normal 0 -0.195018 0.9808
    outer loop
      vertex -18 0.420951 35.4837
      vertex -14 0 35.4
      vertex -14 0.420951 35.4837
    endloop
  endfacet
  facet normal 0 -0.195018 0.9808
    outer loop
      vertex -14 0 35.4
      vertex -18 0.420951 35.4837
      vertex -18 0 35.4
    endloop
  endfacet
  facet normal 0 -0.55565 -0.831416
    outer loop
      vertex -18 0.420951 37.5163
      vertex -14 0.777817 37.2778
      vertex -14 0.420951 37.5163
    endloop
  endfacet
  facet normal -0 -0.55565 -0.831416
    outer loop
      vertex -14 0.777817 37.2778
      vertex -18 0.420951 37.5163
      vertex -18 0.777817 37.2778
    endloop
  endfacet
  facet normal 0 0.980791 -0.195063
    outer loop
      vertex -14 -1.1 36.5
      vertex -18 -1.01627 36.921
      vertex -14 -1.01627 36.921
    endloop
  endfacet
  facet normal 0 0.980791 -0.195063
    outer loop
      vertex -18 -1.01627 36.921
      vertex -14 -1.1 36.5
      vertex -18 -1.1 36.5
    endloop
  endfacet
  facet normal 0 0.980791 0.195063
    outer loop
      vertex -14 -1.01627 36.079
      vertex -18 -1.1 36.5
      vertex -14 -1.1 36.5
    endloop
  endfacet
  facet normal 0 0.980791 0.195063
    outer loop
      vertex -18 -1.1 36.5
      vertex -14 -1.01627 36.079
      vertex -18 -1.01627 36.079
    endloop
  endfacet
  facet normal 0 0.831419 0.555646
    outer loop
      vertex -14 -0.777817 35.7222
      vertex -18 -1.01627 36.079
      vertex -14 -1.01627 36.079
    endloop
  endfacet
  facet normal 0 0.831419 0.555646
    outer loop
      vertex -18 -1.01627 36.079
      vertex -14 -0.777817 35.7222
      vertex -18 -0.777817 35.7222
    endloop
  endfacet
  facet normal -0 0.55565 0.831416
    outer loop
      vertex -18 -0.420951 35.4837
      vertex -14 -0.777817 35.7222
      vertex -14 -0.420951 35.4837
    endloop
  endfacet
  facet normal 0 0.55565 0.831416
    outer loop
      vertex -14 -0.777817 35.7222
      vertex -18 -0.420951 35.4837
      vertex -18 -0.777817 35.7222
    endloop
  endfacet
  facet normal 0 -0.195018 -0.9808
    outer loop
      vertex -18 0 37.6
      vertex -14 0.420951 37.5163
      vertex -14 0 37.6
    endloop
  endfacet
  facet normal -0 -0.195018 -0.9808
    outer loop
      vertex -14 0.420951 37.5163
      vertex -18 0 37.6
      vertex -18 0.420951 37.5163
    endloop
  endfacet
  facet normal -0 0.195018 0.9808
    outer loop
      vertex -18 0 35.4
      vertex -14 -0.420951 35.4837
      vertex -14 0 35.4
    endloop
  endfacet
  facet normal 0 0.195018 0.9808
    outer loop
      vertex -14 -0.420951 35.4837
      vertex -18 0 35.4
      vertex -18 -0.420951 35.4837
    endloop
  endfacet
  facet normal 0 -0.980791 -0.195063
    outer loop
      vertex -18 1.1 36.5
      vertex -14 1.01627 36.921
      vertex -18 1.01627 36.921
    endloop
  endfacet
  facet normal 0 -0.980791 -0.195063
    outer loop
      vertex -14 1.01627 36.921
      vertex -18 1.1 36.5
      vertex -14 1.1 36.5
    endloop
  endfacet
  facet normal 0 -0.980791 0.195063
    outer loop
      vertex -18 1.01627 36.079
      vertex -14 1.1 36.5
      vertex -18 1.1 36.5
    endloop
  endfacet
  facet normal 0 -0.980791 0.195063
    outer loop
      vertex -14 1.1 36.5
      vertex -18 1.01627 36.079
      vertex -14 1.01627 36.079
    endloop
  endfacet
  facet normal 0 -0.831419 0.555646
    outer loop
      vertex -18 0.777817 35.7222
      vertex -14 1.01627 36.079
      vertex -18 1.01627 36.079
    endloop
  endfacet
  facet normal 0 -0.831419 0.555646
    outer loop
      vertex -14 1.01627 36.079
      vertex -18 0.777817 35.7222
      vertex -14 0.777817 35.7222
    endloop
  endfacet
  facet normal 0 0.55565 -0.831416
    outer loop
      vertex -18 -0.777817 37.2778
      vertex -14 -0.420951 37.5163
      vertex -14 -0.777817 37.2778
    endloop
  endfacet
  facet normal 0 0.55565 -0.831416
    outer loop
      vertex -14 -0.420951 37.5163
      vertex -18 -0.777817 37.2778
      vertex -18 -0.420951 37.5163
    endloop
  endfacet
  facet normal 0 0.195018 -0.9808
    outer loop
      vertex -18 -0.420951 37.5163
      vertex -14 0 37.6
      vertex -14 -0.420951 37.5163
    endloop
  endfacet
  facet normal 0 0.195018 -0.9808
    outer loop
      vertex -14 0 37.6
      vertex -18 -0.420951 37.5163
      vertex -18 0 37.6
    endloop
  endfacet
  facet normal 0 0.831419 -0.555646
    outer loop
      vertex -14 -1.01627 36.921
      vertex -18 -0.777817 37.2778
      vertex -14 -0.777817 37.2778
    endloop
  endfacet
  facet normal 0 0.831419 -0.555646
    outer loop
      vertex -18 -0.777817 37.2778
      vertex -14 -1.01627 36.921
      vertex -18 -1.01627 36.921
    endloop
  endfacet
  facet normal 0 -0.831419 -0.555646
    outer loop
      vertex -18 1.01627 55.921
      vertex -14 0.777817 56.2778
      vertex -18 0.777817 56.2778
    endloop
  endfacet
  facet normal 0 -0.831419 -0.555646
    outer loop
      vertex -14 0.777817 56.2778
      vertex -18 1.01627 55.921
      vertex -14 1.01627 55.921
    endloop
  endfacet
  facet normal 0 -0.980791 -0.195063
    outer loop
      vertex -18 1.1 55.5
      vertex -14 1.01627 55.921
      vertex -18 1.01627 55.921
    endloop
  endfacet
  facet normal 0 -0.980791 -0.195063
    outer loop
      vertex -14 1.01627 55.921
      vertex -18 1.1 55.5
      vertex -14 1.1 55.5
    endloop
  endfacet
  facet normal 0 0.980791 -0.195063
    outer loop
      vertex -14 -1.1 55.5
      vertex -18 -1.01627 55.921
      vertex -14 -1.01627 55.921
    endloop
  endfacet
  facet normal 0 0.980791 -0.195063
    outer loop
      vertex -18 -1.01627 55.921
      vertex -14 -1.1 55.5
      vertex -18 -1.1 55.5
    endloop
  endfacet
  facet normal 0 0.195018 -0.9808
    outer loop
      vertex -18 -0.420951 56.5163
      vertex -14 0 56.6
      vertex -14 -0.420951 56.5163
    endloop
  endfacet
  facet normal 0 0.195018 -0.9808
    outer loop
      vertex -14 0 56.6
      vertex -18 -0.420951 56.5163
      vertex -18 0 56.6
    endloop
  endfacet
  facet normal -0 0.195018 0.9808
    outer loop
      vertex -18 0 54.4
      vertex -14 -0.420951 54.4837
      vertex -14 0 54.4
    endloop
  endfacet
  facet normal 0 0.195018 0.9808
    outer loop
      vertex -14 -0.420951 54.4837
      vertex -18 0 54.4
      vertex -18 -0.420951 54.4837
    endloop
  endfacet
  facet normal 0 0.831419 0.555646
    outer loop
      vertex -14 -0.777817 54.7222
      vertex -18 -1.01627 55.079
      vertex -14 -1.01627 55.079
    endloop
  endfacet
  facet normal 0 0.831419 0.555646
    outer loop
      vertex -18 -1.01627 55.079
      vertex -14 -0.777817 54.7222
      vertex -18 -0.777817 54.7222
    endloop
  endfacet
  facet normal 0 0.55565 -0.831416
    outer loop
      vertex -18 -0.777817 56.2778
      vertex -14 -0.420951 56.5163
      vertex -14 -0.777817 56.2778
    endloop
  endfacet
  facet normal 0 0.55565 -0.831416
    outer loop
      vertex -14 -0.420951 56.5163
      vertex -18 -0.777817 56.2778
      vertex -18 -0.420951 56.5163
    endloop
  endfacet
  facet normal 0 -0.980791 0.195063
    outer loop
      vertex -18 1.01627 55.079
      vertex -14 1.1 55.5
      vertex -18 1.1 55.5
    endloop
  endfacet
  facet normal 0 -0.980791 0.195063
    outer loop
      vertex -14 1.1 55.5
      vertex -18 1.01627 55.079
      vertex -14 1.01627 55.079
    endloop
  endfacet
  facet normal -0 0.55565 0.831416
    outer loop
      vertex -18 -0.420951 54.4837
      vertex -14 -0.777817 54.7222
      vertex -14 -0.420951 54.4837
    endloop
  endfacet
  facet normal 0 0.55565 0.831416
    outer loop
      vertex -14 -0.777817 54.7222
      vertex -18 -0.420951 54.4837
      vertex -18 -0.777817 54.7222
    endloop
  endfacet
  facet normal 0 -0.55565 -0.831416
    outer loop
      vertex -18 0.420951 56.5163
      vertex -14 0.777817 56.2778
      vertex -14 0.420951 56.5163
    endloop
  endfacet
  facet normal -0 -0.55565 -0.831416
    outer loop
      vertex -14 0.777817 56.2778
      vertex -18 0.420951 56.5163
      vertex -18 0.777817 56.2778
    endloop
  endfacet
  facet normal 0 0.980791 0.195063
    outer loop
      vertex -14 -1.01627 55.079
      vertex -18 -1.1 55.5
      vertex -14 -1.1 55.5
    endloop
  endfacet
  facet normal 0 0.980791 0.195063
    outer loop
      vertex -18 -1.1 55.5
      vertex -14 -1.01627 55.079
      vertex -18 -1.01627 55.079
    endloop
  endfacet
  facet normal 0 0.831419 -0.555646
    outer loop
      vertex -14 -1.01627 55.921
      vertex -18 -0.777817 56.2778
      vertex -14 -0.777817 56.2778
    endloop
  endfacet
  facet normal 0 0.831419 -0.555646
    outer loop
      vertex -18 -0.777817 56.2778
      vertex -14 -1.01627 55.921
      vertex -18 -1.01627 55.921
    endloop
  endfacet
  facet normal 0 -0.55565 0.831416
    outer loop
      vertex -18 0.777817 54.7222
      vertex -14 0.420951 54.4837
      vertex -14 0.777817 54.7222
    endloop
  endfacet
  facet normal 0 -0.55565 0.831416
    outer loop
      vertex -14 0.420951 54.4837
      vertex -18 0.777817 54.7222
      vertex -18 0.420951 54.4837
    endloop
  endfacet
  facet normal 0 -0.195018 0.9808
    outer loop
      vertex -18 0.420951 54.4837
      vertex -14 0 54.4
      vertex -14 0.420951 54.4837
    endloop
  endfacet
  facet normal 0 -0.195018 0.9808
    outer loop
      vertex -14 0 54.4
      vertex -18 0.420951 54.4837
      vertex -18 0 54.4
    endloop
  endfacet
  facet normal 0 -0.195018 -0.9808
    outer loop
      vertex -18 0 56.6
      vertex -14 0.420951 56.5163
      vertex -14 0 56.6
    endloop
  endfacet
  facet normal -0 -0.195018 -0.9808
    outer loop
      vertex -14 0.420951 56.5163
      vertex -18 0 56.6
      vertex -18 0.420951 56.5163
    endloop
  endfacet
  facet normal 0 -0.831419 0.555646
    outer loop
      vertex -18 0.777817 54.7222
      vertex -14 1.01627 55.079
      vertex -18 1.01627 55.079
    endloop
  endfacet
  facet normal 0 -0.831419 0.555646
    outer loop
      vertex -14 1.01627 55.079
      vertex -18 0.777817 54.7222
      vertex -14 0.777817 54.7222
    endloop
  endfacet
  facet normal 0 0.233425 -0.972375
    outer loop
      vertex -18 2.19008 32.1724
      vertex -14 4.32624 32.6852
      vertex -14 2.19008 32.1724
    endloop
  endfacet
  facet normal 0 0.233425 -0.972375
    outer loop
      vertex -14 4.32624 32.6852
      vertex -18 2.19008 32.1724
      vertex -18 4.32624 32.6852
    endloop
  endfacet
  facet normal 0 0.0784758 -0.996916
    outer loop
      vertex -18 0 32
      vertex -14 2.19008 32.1724
      vertex -14 0 32
    endloop
  endfacet
  facet normal 0 0.0784758 -0.996916
    outer loop
      vertex -14 2.19008 32.1724
      vertex -18 0 32
      vertex -18 2.19008 32.1724
    endloop
  endfacet
  facet normal 0 -0.972373 -0.233431
    outer loop
      vertex -18 -13.3148 41.6738
      vertex -14 -13.8276 43.8099
      vertex -18 -13.8276 43.8099
    endloop
  endfacet
  facet normal 0 -0.972373 -0.233431
    outer loop
      vertex -14 -13.8276 43.8099
      vertex -18 -13.3148 41.6738
      vertex -14 -13.3148 41.6738
    endloop
  endfacet
  facet normal 0 -0.923884 -0.382672
    outer loop
      vertex -18 -12.4741 39.6441
      vertex -14 -13.3148 41.6738
      vertex -18 -13.3148 41.6738
    endloop
  endfacet
  facet normal 0 -0.923884 -0.382672
    outer loop
      vertex -14 -13.3148 41.6738
      vertex -18 -12.4741 39.6441
      vertex -14 -12.4741 39.6441
    endloop
  endfacet
  facet normal 0 -0.233425 0.972375
    outer loop
      vertex -18 -2.19008 59.8276
      vertex -14 -4.32624 59.3148
      vertex -14 -2.19008 59.8276
    endloop
  endfacet
  facet normal 0 -0.233425 0.972375
    outer loop
      vertex -14 -4.32624 59.3148
      vertex -18 -2.19008 59.8276
      vertex -18 -4.32624 59.3148
    endloop
  endfacet
  facet normal -0 0.0784758 0.996916
    outer loop
      vertex -18 2.19008 59.8276
      vertex -14 0 60
      vertex -14 2.19008 59.8276
    endloop
  endfacet
  facet normal 0 0.0784758 0.996916
    outer loop
      vertex -14 0 60
      vertex -18 2.19008 59.8276
      vertex -18 0 60
    endloop
  endfacet
  facet normal -0 0.522515 0.85263
    outer loop
      vertex -18 8.22899 57.3262
      vertex -14 6.35587 58.4741
      vertex -14 8.22899 57.3262
    endloop
  endfacet
  facet normal 0 0.522515 0.85263
    outer loop
      vertex -14 6.35587 58.4741
      vertex -18 8.22899 57.3262
      vertex -18 6.35587 58.4741
    endloop
  endfacet
  facet normal -0 0.382683 0.92388
    outer loop
      vertex -18 6.35587 58.4741
      vertex -14 4.32624 59.3148
      vertex -14 6.35587 58.4741
    endloop
  endfacet
  facet normal 0 0.382683 0.92388
    outer loop
      vertex -14 4.32624 59.3148
      vertex -18 6.35587 58.4741
      vertex -18 4.32624 59.3148
    endloop
  endfacet
  facet normal 0 0.923884 0.382672
    outer loop
      vertex -14 13.3148 50.3262
      vertex -18 12.4741 52.3559
      vertex -14 12.4741 52.3559
    endloop
  endfacet
  facet normal 0 0.923884 0.382672
    outer loop
      vertex -18 12.4741 52.3559
      vertex -14 13.3148 50.3262
      vertex -18 13.3148 50.3262
    endloop
  endfacet
  facet normal 0 0.996916 -0.0784751
    outer loop
      vertex -14 13.8276 43.8099
      vertex -18 14 46
      vertex -14 14 46
    endloop
  endfacet
  facet normal 0 0.996916 -0.0784751
    outer loop
      vertex -18 14 46
      vertex -14 13.8276 43.8099
      vertex -18 13.8276 43.8099
    endloop
  endfacet
  facet normal 0 -0.0784758 0.996916
    outer loop
      vertex -18 0 60
      vertex -14 -2.19008 59.8276
      vertex -14 0 60
    endloop
  endfacet
  facet normal 0 -0.0784758 0.996916
    outer loop
      vertex -14 -2.19008 59.8276
      vertex -18 0 60
      vertex -18 -2.19008 59.8276
    endloop
  endfacet
  facet normal 0 0.760413 -0.64944
    outer loop
      vertex -14 9.89949 36.1005
      vertex -18 11.3262 37.771
      vertex -14 11.3262 37.771
    endloop
  endfacet
  facet normal 0 0.760413 -0.64944
    outer loop
      vertex -18 11.3262 37.771
      vertex -14 9.89949 36.1005
      vertex -18 9.89949 36.1005
    endloop
  endfacet
  facet normal 0 -0.233425 -0.972375
    outer loop
      vertex -18 -4.32624 32.6852
      vertex -14 -2.19008 32.1724
      vertex -14 -4.32624 32.6852
    endloop
  endfacet
  facet normal -0 -0.233425 -0.972375
    outer loop
      vertex -14 -2.19008 32.1724
      vertex -18 -4.32624 32.6852
      vertex -18 -2.19008 32.1724
    endloop
  endfacet
  facet normal 0 -0.382683 -0.92388
    outer loop
      vertex -18 -6.35587 33.5259
      vertex -14 -4.32624 32.6852
      vertex -14 -6.35587 33.5259
    endloop
  endfacet
  facet normal -0 -0.382683 -0.92388
    outer loop
      vertex -14 -4.32624 32.6852
      vertex -18 -6.35587 33.5259
      vertex -18 -4.32624 32.6852
    endloop
  endfacet
  facet normal 0 -0.996916 0.0784751
    outer loop
      vertex -18 -14 46
      vertex -14 -13.8276 48.1901
      vertex -18 -13.8276 48.1901
    endloop
  endfacet
  facet normal 0 -0.996916 0.0784751
    outer loop
      vertex -14 -13.8276 48.1901
      vertex -18 -14 46
      vertex -14 -14 46
    endloop
  endfacet
  facet normal 0 -0.760413 0.64944
    outer loop
      vertex -18 -11.3262 54.229
      vertex -14 -9.89949 55.8995
      vertex -18 -9.89949 55.8995
    endloop
  endfacet
  facet normal 0 -0.760413 0.64944
    outer loop
      vertex -14 -9.89949 55.8995
      vertex -18 -11.3262 54.229
      vertex -14 -11.3262 54.229
    endloop
  endfacet
  facet normal 0 -0.923884 0.382672
    outer loop
      vertex -18 -13.3148 50.3262
      vertex -14 -12.4741 52.3559
      vertex -18 -12.4741 52.3559
    endloop
  endfacet
  facet normal 0 -0.923884 0.382672
    outer loop
      vertex -14 -12.4741 52.3559
      vertex -18 -13.3148 50.3262
      vertex -14 -13.3148 50.3262
    endloop
  endfacet
  facet normal 0 -0.0784758 -0.996916
    outer loop
      vertex -18 -2.19008 32.1724
      vertex -14 0 32
      vertex -14 -2.19008 32.1724
    endloop
  endfacet
  facet normal -0 -0.0784758 -0.996916
    outer loop
      vertex -14 0 32
      vertex -18 -2.19008 32.1724
      vertex -18 0 32
    endloop
  endfacet
  facet normal 0 0.760413 0.64944
    outer loop
      vertex -14 11.3262 54.229
      vertex -18 9.89949 55.8995
      vertex -14 9.89949 55.8995
    endloop
  endfacet
  facet normal 0 0.760413 0.64944
    outer loop
      vertex -18 9.89949 55.8995
      vertex -14 11.3262 54.229
      vertex -18 11.3262 54.229
    endloop
  endfacet
  facet normal -0 0.233425 0.972375
    outer loop
      vertex -18 4.32624 59.3148
      vertex -14 2.19008 59.8276
      vertex -14 4.32624 59.3148
    endloop
  endfacet
  facet normal 0 0.233425 0.972375
    outer loop
      vertex -14 2.19008 59.8276
      vertex -18 4.32624 59.3148
      vertex -18 2.19008 59.8276
    endloop
  endfacet
  facet normal 0 0.649437 -0.760415
    outer loop
      vertex -18 8.22899 34.6738
      vertex -14 9.89949 36.1005
      vertex -14 8.22899 34.6738
    endloop
  endfacet
  facet normal 0 0.649437 -0.760415
    outer loop
      vertex -14 9.89949 36.1005
      vertex -18 8.22899 34.6738
      vertex -18 9.89949 36.1005
    endloop
  endfacet
  facet normal 0 0.923884 -0.382672
    outer loop
      vertex -14 12.4741 39.6441
      vertex -18 13.3148 41.6738
      vertex -14 13.3148 41.6738
    endloop
  endfacet
  facet normal 0 0.923884 -0.382672
    outer loop
      vertex -18 13.3148 41.6738
      vertex -14 12.4741 39.6441
      vertex -18 12.4741 39.6441
    endloop
  endfacet
  facet normal 0 -0.522515 0.85263
    outer loop
      vertex -18 -6.35587 58.4741
      vertex -14 -8.22899 57.3262
      vertex -14 -6.35587 58.4741
    endloop
  endfacet
  facet normal 0 -0.522515 0.85263
    outer loop
      vertex -14 -8.22899 57.3262
      vertex -18 -6.35587 58.4741
      vertex -18 -8.22899 57.3262
    endloop
  endfacet
  facet normal 0 -0.760413 -0.64944
    outer loop
      vertex -18 -9.89949 36.1005
      vertex -14 -11.3262 37.771
      vertex -18 -11.3262 37.771
    endloop
  endfacet
  facet normal 0 -0.760413 -0.64944
    outer loop
      vertex -14 -11.3262 37.771
      vertex -18 -9.89949 36.1005
      vertex -14 -9.89949 36.1005
    endloop
  endfacet
  facet normal 0 -0.852627 -0.522519
    outer loop
      vertex -18 -11.3262 37.771
      vertex -14 -12.4741 39.6441
      vertex -18 -12.4741 39.6441
    endloop
  endfacet
  facet normal 0 -0.852627 -0.522519
    outer loop
      vertex -14 -12.4741 39.6441
      vertex -18 -11.3262 37.771
      vertex -14 -11.3262 37.771
    endloop
  endfacet
  facet normal 0 -0.522515 -0.85263
    outer loop
      vertex -18 -8.22899 34.6738
      vertex -14 -6.35587 33.5259
      vertex -14 -8.22899 34.6738
    endloop
  endfacet
  facet normal -0 -0.522515 -0.85263
    outer loop
      vertex -14 -6.35587 33.5259
      vertex -18 -8.22899 34.6738
      vertex -18 -6.35587 33.5259
    endloop
  endfacet
  facet normal 0 0.852627 -0.522519
    outer loop
      vertex -14 11.3262 37.771
      vertex -18 12.4741 39.6441
      vertex -14 12.4741 39.6441
    endloop
  endfacet
  facet normal 0 0.852627 -0.522519
    outer loop
      vertex -18 12.4741 39.6441
      vertex -14 11.3262 37.771
      vertex -18 11.3262 37.771
    endloop
  endfacet
  facet normal 0 -0.996916 -0.0784751
    outer loop
      vertex -18 -13.8276 43.8099
      vertex -14 -14 46
      vertex -18 -14 46
    endloop
  endfacet
  facet normal 0 -0.996916 -0.0784751
    outer loop
      vertex -14 -14 46
      vertex -18 -13.8276 43.8099
      vertex -14 -13.8276 43.8099
    endloop
  endfacet
  facet normal 0 0.972373 0.233431
    outer loop
      vertex -14 13.8276 48.1901
      vertex -18 13.3148 50.3262
      vertex -14 13.3148 50.3262
    endloop
  endfacet
  facet normal 0 0.972373 0.233431
    outer loop
      vertex -18 13.3148 50.3262
      vertex -14 13.8276 48.1901
      vertex -18 13.8276 48.1901
    endloop
  endfacet
  facet normal 0 0.996916 0.0784751
    outer loop
      vertex -14 14 46
      vertex -18 13.8276 48.1901
      vertex -14 13.8276 48.1901
    endloop
  endfacet
  facet normal 0 0.996916 0.0784751
    outer loop
      vertex -18 13.8276 48.1901
      vertex -14 14 46
      vertex -18 14 46
    endloop
  endfacet
  facet normal -0 0.649437 0.760415
    outer loop
      vertex -18 9.89949 55.8995
      vertex -14 8.22899 57.3262
      vertex -14 9.89949 55.8995
    endloop
  endfacet
  facet normal 0 0.649437 0.760415
    outer loop
      vertex -14 8.22899 57.3262
      vertex -18 9.89949 55.8995
      vertex -18 8.22899 57.3262
    endloop
  endfacet
  facet normal 0 -0.649437 0.760415
    outer loop
      vertex -18 -8.22899 57.3262
      vertex -14 -9.89949 55.8995
      vertex -14 -8.22899 57.3262
    endloop
  endfacet
  facet normal 0 -0.649437 0.760415
    outer loop
      vertex -14 -9.89949 55.8995
      vertex -18 -8.22899 57.3262
      vertex -18 -9.89949 55.8995
    endloop
  endfacet
  facet normal 0 0.522515 -0.85263
    outer loop
      vertex -18 6.35587 33.5259
      vertex -14 8.22899 34.6738
      vertex -14 6.35587 33.5259
    endloop
  endfacet
  facet normal 0 0.522515 -0.85263
    outer loop
      vertex -14 8.22899 34.6738
      vertex -18 6.35587 33.5259
      vertex -18 8.22899 34.6738
    endloop
  endfacet
  facet normal 0 0.972373 -0.233431
    outer loop
      vertex -14 13.3148 41.6738
      vertex -18 13.8276 43.8099
      vertex -14 13.8276 43.8099
    endloop
  endfacet
  facet normal 0 0.972373 -0.233431
    outer loop
      vertex -18 13.8276 43.8099
      vertex -14 13.3148 41.6738
      vertex -18 13.3148 41.6738
    endloop
  endfacet
  facet normal 0 -0.649437 -0.760415
    outer loop
      vertex -18 -9.89949 36.1005
      vertex -14 -8.22899 34.6738
      vertex -14 -9.89949 36.1005
    endloop
  endfacet
  facet normal -0 -0.649437 -0.760415
    outer loop
      vertex -14 -8.22899 34.6738
      vertex -18 -9.89949 36.1005
      vertex -18 -8.22899 34.6738
    endloop
  endfacet
  facet normal 0 0.382683 -0.92388
    outer loop
      vertex -18 4.32624 32.6852
      vertex -14 6.35587 33.5259
      vertex -14 4.32624 32.6852
    endloop
  endfacet
  facet normal 0 0.382683 -0.92388
    outer loop
      vertex -14 6.35587 33.5259
      vertex -18 4.32624 32.6852
      vertex -18 6.35587 33.5259
    endloop
  endfacet
  facet normal 0 0.852627 0.522519
    outer loop
      vertex -14 12.4741 52.3559
      vertex -18 11.3262 54.229
      vertex -14 11.3262 54.229
    endloop
  endfacet
  facet normal 0 0.852627 0.522519
    outer loop
      vertex -18 11.3262 54.229
      vertex -14 12.4741 52.3559
      vertex -18 12.4741 52.3559
    endloop
  endfacet
  facet normal 0 -0.972373 0.233431
    outer loop
      vertex -18 -13.8276 48.1901
      vertex -14 -13.3148 50.3262
      vertex -18 -13.3148 50.3262
    endloop
  endfacet
  facet normal 0 -0.972373 0.233431
    outer loop
      vertex -14 -13.3148 50.3262
      vertex -18 -13.8276 48.1901
      vertex -14 -13.8276 48.1901
    endloop
  endfacet
  facet normal 0 -0.382683 0.92388
    outer loop
      vertex -18 -4.32624 59.3148
      vertex -14 -6.35587 58.4741
      vertex -14 -4.32624 59.3148
    endloop
  endfacet
  facet normal 0 -0.382683 0.92388
    outer loop
      vertex -14 -6.35587 58.4741
      vertex -18 -4.32624 59.3148
      vertex -18 -6.35587 58.4741
    endloop
  endfacet
  facet normal -1 -0 0
    outer loop
      vertex -18 13.3148 41.6738
      vertex -18 0.420951 37.5163
      vertex -18 13.8276 43.8099
    endloop
  endfacet
  facet normal -1 0 0
    outer loop
      vertex -18 14 46
      vertex -18 1.01627 55.079
      vertex -18 1.1 55.5
    endloop
  endfacet
  facet normal -1 -0 0
    outer loop
      vertex -18 13.8276 43.8099
      vertex -18 0.420951 37.5163
      vertex -18 14 46
    endloop
  endfacet
  facet normal -1 0 0
    outer loop
      vertex -18 14 46
      vertex -18 0.777817 54.7222
      vertex -18 1.01627 55.079
    endloop
  endfacet
  facet normal -1 0 0
    outer loop
      vertex -18 0.420951 54.4837
      vertex -18 14 46
      vertex -18 0.420951 37.5163
    endloop
  endfacet
  facet normal -1 0 0
    outer loop
      vertex -18 14 46
      vertex -18 0.420951 54.4837
      vertex -18 0.777817 54.7222
    endloop
  endfacet
  facet normal -1 0 0
    outer loop
      vertex -18 0 37.6
      vertex -18 0.420951 54.4837
      vertex -18 0.420951 37.5163
    endloop
  endfacet
  facet normal -1 0 0
    outer loop
      vertex -18 0 37.6
      vertex -18 0 54.4
      vertex -18 0.420951 54.4837
    endloop
  endfacet
  facet normal -1 0 0
    outer loop
      vertex -18 -0.420951 37.5163
      vertex -18 0 54.4
      vertex -18 0 37.6
    endloop
  endfacet
  facet normal -1 0 0
    outer loop
      vertex -18 -0.420951 37.5163
      vertex -18 -0.420951 54.4837
      vertex -18 0 54.4
    endloop
  endfacet
  facet normal -1 0 0
    outer loop
      vertex -18 -13.3148 41.6738
      vertex -18 -0.420951 37.5163
      vertex -18 -0.777817 37.2778
    endloop
  endfacet
  facet normal -1 0 0
    outer loop
      vertex -18 -0.420951 37.5163
      vertex -18 -14 46
      vertex -18 -0.420951 54.4837
    endloop
  endfacet
  facet normal -1 0 0
    outer loop
      vertex -18 -9.89949 36.1005
      vertex -18 -0.777817 37.2778
      vertex -18 -1.01627 36.921
    endloop
  endfacet
  facet normal -1 0 -0
    outer loop
      vertex -18 -13.8276 48.1901
      vertex -18 -0.420951 54.4837
      vertex -18 -14 46
    endloop
  endfacet
  facet normal -1 0 0
    outer loop
      vertex -18 -8.22899 34.6738
      vertex -18 -1.01627 36.921
      vertex -18 -1.1 36.5
    endloop
  endfacet
  facet normal -1 0 -0
    outer loop
      vertex -18 -13.3148 50.3262
      vertex -18 -0.420951 54.4837
      vertex -18 -13.8276 48.1901
    endloop
  endfacet
  facet normal -1 -0 0
    outer loop
      vertex -18 12.4741 39.6441
      vertex -18 0.777817 37.2778
      vertex -18 13.3148 41.6738
    endloop
  endfacet
  facet normal -1 -0 0
    outer loop
      vertex -18 11.3262 37.771
      vertex -18 0.777817 37.2778
      vertex -18 12.4741 39.6441
    endloop
  endfacet
  facet normal -1 0 0
    outer loop
      vertex -18 0.420951 37.5163
      vertex -18 13.3148 41.6738
      vertex -18 0.777817 37.2778
    endloop
  endfacet
  facet normal -1 0 0
    outer loop
      vertex -18 9.89949 36.1005
      vertex -18 0.777817 37.2778
      vertex -18 11.3262 37.771
    endloop
  endfacet
  facet normal -1 0 0
    outer loop
      vertex -18 14 46
      vertex -18 1.1 55.5
      vertex -18 13.8276 48.1901
    endloop
  endfacet
  facet normal -1 0 0
    outer loop
      vertex -18 0.777817 37.2778
      vertex -18 9.89949 36.1005
      vertex -18 1.01627 36.921
    endloop
  endfacet
  facet normal -1 0 0
    outer loop
      vertex -18 13.8276 48.1901
      vertex -18 1.1 55.5
      vertex -18 13.3148 50.3262
    endloop
  endfacet
  facet normal -1 0 0
    outer loop
      vertex -18 8.22899 34.6738
      vertex -18 1.01627 36.921
      vertex -18 9.89949 36.1005
    endloop
  endfacet
  facet normal -1 0 0
    outer loop
      vertex -18 13.3148 50.3262
      vertex -18 1.1 55.5
      vertex -18 12.4741 52.3559
    endloop
  endfacet
  facet normal -1 0 0
    outer loop
      vertex -18 1.01627 36.921
      vertex -18 8.22899 34.6738
      vertex -18 1.1 36.5
    endloop
  endfacet
  facet normal -1 0 0
    outer loop
      vertex -18 12.4741 52.3559
      vertex -18 1.1 55.5
      vertex -18 11.3262 54.229
    endloop
  endfacet
  facet normal -1 0 0
    outer loop
      vertex -18 1.1 36.5
      vertex -18 8.22899 34.6738
      vertex -18 6.35587 33.5259
    endloop
  endfacet
  facet normal -1 0 0
    outer loop
      vertex -18 11.3262 54.229
      vertex -18 1.1 55.5
      vertex -18 9.89949 55.8995
    endloop
  endfacet
  facet normal -1 0 0
    outer loop
      vertex -18 1.1 36.5
      vertex -18 6.35587 33.5259
      vertex -18 4.32624 32.6852
    endloop
  endfacet
  facet normal -1 -0 0
    outer loop
      vertex -18 9.89949 55.8995
      vertex -18 1.1 55.5
      vertex -18 8.22899 57.3262
    endloop
  endfacet
  facet normal -1 0 0
    outer loop
      vertex -18 0.777817 35.7222
      vertex -18 4.32624 32.6852
      vertex -18 2.19008 32.1724
    endloop
  endfacet
  facet normal -1 -0 0
    outer loop
      vertex -18 8.22899 57.3262
      vertex -18 1.1 55.5
      vertex -18 6.35587 58.4741
    endloop
  endfacet
  facet normal -1 -0 0
    outer loop
      vertex -18 6.35587 58.4741
      vertex -18 1.1 55.5
      vertex -18 4.32624 59.3148
    endloop
  endfacet
  facet normal -1 0 0
    outer loop
      vertex -18 4.32624 32.6852
      vertex -18 1.01627 36.079
      vertex -18 1.1 36.5
    endloop
  endfacet
  facet normal -1 0 0
    outer loop
      vertex -18 4.32624 32.6852
      vertex -18 0.777817 35.7222
      vertex -18 1.01627 36.079
    endloop
  endfacet
  facet normal -1 0 0
    outer loop
      vertex -18 2.19008 32.1724
      vertex -18 0.420951 35.4837
      vertex -18 0.777817 35.7222
    endloop
  endfacet
  facet normal -1 0 0
    outer loop
      vertex -18 0 32
      vertex -18 0.420951 35.4837
      vertex -18 2.19008 32.1724
    endloop
  endfacet
  facet normal -1 0 0
    outer loop
      vertex -18 0 32
      vertex -18 0 35.4
      vertex -18 0.420951 35.4837
    endloop
  endfacet
  facet normal -1 0 0
    outer loop
      vertex -18 0 32
      vertex -18 -0.420951 35.4837
      vertex -18 0 35.4
    endloop
  endfacet
  facet normal -1 0 0
    outer loop
      vertex -18 -2.19008 32.1724
      vertex -18 -0.420951 35.4837
      vertex -18 0 32
    endloop
  endfacet
  facet normal -1 -0 0
    outer loop
      vertex -18 -0.420951 35.4837
      vertex -18 -2.19008 32.1724
      vertex -18 -0.777817 35.7222
    endloop
  endfacet
  facet normal -1 -0 0
    outer loop
      vertex -18 -1.01627 36.079
      vertex -18 -4.32624 32.6852
      vertex -18 -1.1 36.5
    endloop
  endfacet
  facet normal -1 -0 0
    outer loop
      vertex -18 -0.777817 35.7222
      vertex -18 -4.32624 32.6852
      vertex -18 -1.01627 36.079
    endloop
  endfacet
  facet normal -1 0 0
    outer loop
      vertex -18 -4.32624 32.6852
      vertex -18 -0.777817 35.7222
      vertex -18 -2.19008 32.1724
    endloop
  endfacet
  facet normal -1 0 0
    outer loop
      vertex -18 1.01627 55.921
      vertex -18 4.32624 59.3148
      vertex -18 1.1 55.5
    endloop
  endfacet
  facet normal -1 0 0
    outer loop
      vertex -18 0.777817 56.2778
      vertex -18 4.32624 59.3148
      vertex -18 1.01627 55.921
    endloop
  endfacet
  facet normal -1 -0 0
    outer loop
      vertex -18 4.32624 59.3148
      vertex -18 0.777817 56.2778
      vertex -18 2.19008 59.8276
    endloop
  endfacet
  facet normal -1 0 0
    outer loop
      vertex -18 0.420951 56.5163
      vertex -18 2.19008 59.8276
      vertex -18 0.777817 56.2778
    endloop
  endfacet
  facet normal -1 0 0
    outer loop
      vertex -18 0 60
      vertex -18 0.420951 56.5163
      vertex -18 0 56.6
    endloop
  endfacet
  facet normal -1 0 0
    outer loop
      vertex -18 0.420951 56.5163
      vertex -18 0 60
      vertex -18 2.19008 59.8276
    endloop
  endfacet
  facet normal -1 0 0
    outer loop
      vertex -18 -0.420951 56.5163
      vertex -18 0 60
      vertex -18 0 56.6
    endloop
  endfacet
  facet normal -1 0 0
    outer loop
      vertex -18 -2.19008 59.8276
      vertex -18 -0.420951 56.5163
      vertex -18 -0.777817 56.2778
    endloop
  endfacet
  facet normal -1 0 0
    outer loop
      vertex -18 -4.32624 59.3148
      vertex -18 -0.777817 56.2778
      vertex -18 -1.01627 55.921
    endloop
  endfacet
  facet normal -1 0 0
    outer loop
      vertex -18 -0.420951 56.5163
      vertex -18 -2.19008 59.8276
      vertex -18 0 60
    endloop
  endfacet
  facet normal -1 0 0
    outer loop
      vertex -18 -4.32624 59.3148
      vertex -18 -1.01627 55.921
      vertex -18 -1.1 55.5
    endloop
  endfacet
  facet normal -1 0 0
    outer loop
      vertex -18 -6.35587 33.5259
      vertex -18 -1.1 36.5
      vertex -18 -4.32624 32.6852
    endloop
  endfacet
  facet normal -1 0 0
    outer loop
      vertex -18 -8.22899 34.6738
      vertex -18 -1.1 36.5
      vertex -18 -6.35587 33.5259
    endloop
  endfacet
  facet normal -1 0 0
    outer loop
      vertex -18 -0.777817 56.2778
      vertex -18 -4.32624 59.3148
      vertex -18 -2.19008 59.8276
    endloop
  endfacet
  facet normal -1 0 0
    outer loop
      vertex -18 -1.01627 36.921
      vertex -18 -8.22899 34.6738
      vertex -18 -9.89949 36.1005
    endloop
  endfacet
  facet normal -1 0 0
    outer loop
      vertex -18 -1.1 55.5
      vertex -18 -6.35587 58.4741
      vertex -18 -4.32624 59.3148
    endloop
  endfacet
  facet normal -1 -0 0
    outer loop
      vertex -18 -0.777817 37.2778
      vertex -18 -9.89949 36.1005
      vertex -18 -11.3262 37.771
    endloop
  endfacet
  facet normal -1 0 0
    outer loop
      vertex -18 -1.1 55.5
      vertex -18 -8.22899 57.3262
      vertex -18 -6.35587 58.4741
    endloop
  endfacet
  facet normal -1 0 0
    outer loop
      vertex -18 -0.777817 37.2778
      vertex -18 -11.3262 37.771
      vertex -18 -12.4741 39.6441
    endloop
  endfacet
  facet normal -1 0 0
    outer loop
      vertex -18 -1.01627 55.079
      vertex -18 -8.22899 57.3262
      vertex -18 -1.1 55.5
    endloop
  endfacet
  facet normal -1 0 0
    outer loop
      vertex -18 -0.777817 37.2778
      vertex -18 -12.4741 39.6441
      vertex -18 -13.3148 41.6738
    endloop
  endfacet
  facet normal -1 0 -0
    outer loop
      vertex -18 -8.22899 57.3262
      vertex -18 -1.01627 55.079
      vertex -18 -9.89949 55.8995
    endloop
  endfacet
  facet normal -1 0 0
    outer loop
      vertex -18 -0.420951 37.5163
      vertex -18 -13.3148 41.6738
      vertex -18 -13.8276 43.8099
    endloop
  endfacet
  facet normal -1 0 0
    outer loop
      vertex -18 -0.777817 54.7222
      vertex -18 -9.89949 55.8995
      vertex -18 -1.01627 55.079
    endloop
  endfacet
  facet normal -1 0 0
    outer loop
      vertex -18 -0.420951 37.5163
      vertex -18 -13.8276 43.8099
      vertex -18 -14 46
    endloop
  endfacet
  facet normal -1 0 -0
    outer loop
      vertex -18 -9.89949 55.8995
      vertex -18 -0.777817 54.7222
      vertex -18 -11.3262 54.229
    endloop
  endfacet
  facet normal -1 -0 0
    outer loop
      vertex -18 -0.420951 54.4837
      vertex -18 -13.3148 50.3262
      vertex -18 -0.777817 54.7222
    endloop
  endfacet
  facet normal -1 0 -0
    outer loop
      vertex -18 -11.3262 54.229
      vertex -18 -0.777817 54.7222
      vertex -18 -12.4741 52.3559
    endloop
  endfacet
  facet normal -1 0 -0
    outer loop
      vertex -18 -12.4741 52.3559
      vertex -18 -0.777817 54.7222
      vertex -18 -13.3148 50.3262
    endloop
  endfacet
  facet normal 0 -0.852627 0.522519
    outer loop
      vertex -18 -12.4741 52.3559
      vertex -14 -11.3262 54.229
      vertex -18 -11.3262 54.229
    endloop
  endfacet
  facet normal 0 -0.852627 0.522519
    outer loop
      vertex -14 -11.3262 54.229
      vertex -18 -12.4741 52.3559
      vertex -14 -12.4741 52.3559
    endloop
  endfacet
  facet normal 1 0 0
    outer loop
      vertex -14 8.22899 34.6738
      vertex -14 1.01627 36.921
      vertex -14 1.1 36.5
    endloop
  endfacet
  facet normal 1 0 0
    outer loop
      vertex -14 0.777817 37.2778
      vertex -14 1.73553 42.3961
      vertex -14 0.890083 42.1003
    endloop
  endfacet
  facet normal 1 0 0
    outer loop
      vertex -14 1.73553 42.3961
      vertex -14 0.777817 37.2778
      vertex -14 1.01627 36.921
    endloop
  endfacet
  facet normal 1 0 0
    outer loop
      vertex -14 0.890083 42.1003
      vertex -14 0.420951 37.5163
      vertex -14 0.777817 37.2778
    endloop
  endfacet
  facet normal 1 -0 0
    outer loop
      vertex -14 0 42
      vertex -14 0.420951 37.5163
      vertex -14 0.890083 42.1003
    endloop
  endfacet
  facet normal 1 0 0
    outer loop
      vertex -14 0 42
      vertex -14 0 37.6
      vertex -14 0.420951 37.5163
    endloop
  endfacet
  facet normal 1 0 0
    outer loop
      vertex -14 0 42
      vertex -14 -0.420951 37.5163
      vertex -14 0 37.6
    endloop
  endfacet
  facet normal 1 0 0
    outer loop
      vertex -14 -0.890083 42.1003
      vertex -14 -0.420951 37.5163
      vertex -14 0 42
    endloop
  endfacet
  facet normal 1 0 0
    outer loop
      vertex -14 -0.420951 37.5163
      vertex -14 -0.890083 42.1003
      vertex -14 -0.777817 37.2778
    endloop
  endfacet
  facet normal 1 0 0
    outer loop
      vertex -14 -1.73553 42.3961
      vertex -14 -0.777817 37.2778
      vertex -14 -0.890083 42.1003
    endloop
  endfacet
  facet normal 1 0 0
    outer loop
      vertex -14 -0.777817 37.2778
      vertex -14 -1.73553 42.3961
      vertex -14 -1.01627 36.921
    endloop
  endfacet
  facet normal 1 0 0
    outer loop
      vertex -14 -2.49396 42.8727
      vertex -14 -1.01627 36.921
      vertex -14 -1.73553 42.3961
    endloop
  endfacet
  facet normal 1 0 0
    outer loop
      vertex -14 4 46
      vertex -14 14 46
      vertex -14 13.8276 48.1901
    endloop
  endfacet
  facet normal 1 0 0
    outer loop
      vertex -14 3.89971 46.8901
      vertex -14 13.8276 48.1901
      vertex -14 13.3148 50.3262
    endloop
  endfacet
  facet normal 1 0 0
    outer loop
      vertex -14 14 46
      vertex -14 4 46
      vertex -14 13.8276 43.8099
    endloop
  endfacet
  facet normal 1 0 0
    outer loop
      vertex -14 3.60388 47.7355
      vertex -14 13.3148 50.3262
      vertex -14 12.4741 52.3559
    endloop
  endfacet
  facet normal 1 -0 0
    outer loop
      vertex -14 3.89971 45.1099
      vertex -14 13.8276 43.8099
      vertex -14 4 46
    endloop
  endfacet
  facet normal 1 0 0
    outer loop
      vertex -14 3.60388 47.7355
      vertex -14 12.4741 52.3559
      vertex -14 11.3262 54.229
    endloop
  endfacet
  facet normal 1 0 0
    outer loop
      vertex -14 13.8276 43.8099
      vertex -14 3.89971 45.1099
      vertex -14 13.3148 41.6738
    endloop
  endfacet
  facet normal 1 0 0
    outer loop
      vertex -14 3.12733 48.494
      vertex -14 11.3262 54.229
      vertex -14 9.89949 55.8995
    endloop
  endfacet
  facet normal 1 -0 0
    outer loop
      vertex -14 3.60388 44.2645
      vertex -14 13.3148 41.6738
      vertex -14 3.89971 45.1099
    endloop
  endfacet
  facet normal 1 0 0
    outer loop
      vertex -14 2.49396 49.1273
      vertex -14 9.89949 55.8995
      vertex -14 8.22899 57.3262
    endloop
  endfacet
  facet normal 1 0 0
    outer loop
      vertex -14 13.3148 41.6738
      vertex -14 3.60388 44.2645
      vertex -14 12.4741 39.6441
    endloop
  endfacet
  facet normal 1 0 0
    outer loop
      vertex -14 1.01627 55.079
      vertex -14 8.22899 57.3262
      vertex -14 6.35587 58.4741
    endloop
  endfacet
  facet normal 1 0 0
    outer loop
      vertex -14 12.4741 39.6441
      vertex -14 3.60388 44.2645
      vertex -14 11.3262 37.771
    endloop
  endfacet
  facet normal 1 0 0
    outer loop
      vertex -14 1.1 55.5
      vertex -14 6.35587 58.4741
      vertex -14 4.32624 59.3148
    endloop
  endfacet
  facet normal 1 -0 0
    outer loop
      vertex -14 3.12733 43.506
      vertex -14 11.3262 37.771
      vertex -14 3.60388 44.2645
    endloop
  endfacet
  facet normal 1 0 0
    outer loop
      vertex -14 11.3262 37.771
      vertex -14 3.12733 43.506
      vertex -14 9.89949 36.1005
    endloop
  endfacet
  facet normal 1 0 0
    outer loop
      vertex -14 13.8276 48.1901
      vertex -14 3.89971 46.8901
      vertex -14 4 46
    endloop
  endfacet
  facet normal 1 0 0
    outer loop
      vertex -14 13.3148 50.3262
      vertex -14 3.60388 47.7355
      vertex -14 3.89971 46.8901
    endloop
  endfacet
  facet normal 1 0 0
    outer loop
      vertex -14 11.3262 54.229
      vertex -14 3.12733 48.494
      vertex -14 3.60388 47.7355
    endloop
  endfacet
  facet normal 1 0 0
    outer loop
      vertex -14 9.89949 55.8995
      vertex -14 2.49396 49.1273
      vertex -14 3.12733 48.494
    endloop
  endfacet
  facet normal 1 0 0
    outer loop
      vertex -14 0.777817 56.2778
      vertex -14 4.32624 59.3148
      vertex -14 2.19008 59.8276
    endloop
  endfacet
  facet normal 1 0 0
    outer loop
      vertex -14 6.35587 58.4741
      vertex -14 1.1 55.5
      vertex -14 1.01627 55.079
    endloop
  endfacet
  facet normal 1 0 0
    outer loop
      vertex -14 8.22899 57.3262
      vertex -14 1.01627 55.079
      vertex -14 2.49396 49.1273
    endloop
  endfacet
  facet normal 1 0 0
    outer loop
      vertex -14 4.32624 59.3148
      vertex -14 1.01627 55.921
      vertex -14 1.1 55.5
    endloop
  endfacet
  facet normal 1 0 0
    outer loop
      vertex -14 4.32624 59.3148
      vertex -14 0.777817 56.2778
      vertex -14 1.01627 55.921
    endloop
  endfacet
  facet normal 1 0 0
    outer loop
      vertex -14 2.19008 59.8276
      vertex -14 0.420951 56.5163
      vertex -14 0.777817 56.2778
    endloop
  endfacet
  facet normal 1 0 0
    outer loop
      vertex -14 0 60
      vertex -14 0.420951 56.5163
      vertex -14 2.19008 59.8276
    endloop
  endfacet
  facet normal 1 0 0
    outer loop
      vertex -14 0 60
      vertex -14 0 56.6
      vertex -14 0.420951 56.5163
    endloop
  endfacet
  facet normal 1 0 0
    outer loop
      vertex -14 0 60
      vertex -14 -0.420951 56.5163
      vertex -14 0 56.6
    endloop
  endfacet
  facet normal 1 -0 0
    outer loop
      vertex -14 -2.19008 59.8276
      vertex -14 -0.420951 56.5163
      vertex -14 0 60
    endloop
  endfacet
  facet normal 1 0 0
    outer loop
      vertex -14 -0.420951 56.5163
      vertex -14 -2.19008 59.8276
      vertex -14 -0.777817 56.2778
    endloop
  endfacet
  facet normal 1 -0 0
    outer loop
      vertex -14 -4.32624 59.3148
      vertex -14 -0.777817 56.2778
      vertex -14 -2.19008 59.8276
    endloop
  endfacet
  facet normal 1 0 0
    outer loop
      vertex -14 -0.777817 56.2778
      vertex -14 -4.32624 59.3148
      vertex -14 -1.01627 55.921
    endloop
  endfacet
  facet normal 1 0 0
    outer loop
      vertex -14 -1.01627 55.921
      vertex -14 -4.32624 59.3148
      vertex -14 -1.1 55.5
    endloop
  endfacet
  facet normal 1 -0 0
    outer loop
      vertex -14 -6.35587 58.4741
      vertex -14 -1.1 55.5
      vertex -14 -4.32624 59.3148
    endloop
  endfacet
  facet normal 1 -0 0
    outer loop
      vertex -14 -8.22899 57.3262
      vertex -14 -1.1 55.5
      vertex -14 -6.35587 58.4741
    endloop
  endfacet
  facet normal 1 0 -0
    outer loop
      vertex -14 -2.49396 49.1273
      vertex -14 -1.1 55.5
      vertex -14 -8.22899 57.3262
    endloop
  endfacet
  facet normal 1 0 0
    outer loop
      vertex -14 -1.1 55.5
      vertex -14 -2.49396 49.1273
      vertex -14 -1.73553 49.6039
    endloop
  endfacet
  facet normal 1 0 0
    outer loop
      vertex -14 -2.49396 49.1273
      vertex -14 -9.89949 55.8995
      vertex -14 -3.12733 48.494
    endloop
  endfacet
  facet normal 1 -0 0
    outer loop
      vertex -14 -9.89949 55.8995
      vertex -14 -2.49396 49.1273
      vertex -14 -8.22899 57.3262
    endloop
  endfacet
  facet normal 1 -0 0
    outer loop
      vertex -14 2.49396 42.8727
      vertex -14 9.89949 36.1005
      vertex -14 3.12733 43.506
    endloop
  endfacet
  facet normal 1 0 0
    outer loop
      vertex -14 9.89949 36.1005
      vertex -14 2.49396 42.8727
      vertex -14 8.22899 34.6738
    endloop
  endfacet
  facet normal 1 -0 0
    outer loop
      vertex -14 1.01627 36.921
      vertex -14 8.22899 34.6738
      vertex -14 2.49396 42.8727
    endloop
  endfacet
  facet normal 1 0 0
    outer loop
      vertex -14 8.22899 34.6738
      vertex -14 1.1 36.5
      vertex -14 6.35587 33.5259
    endloop
  endfacet
  facet normal 1 0 0
    outer loop
      vertex -14 6.35587 33.5259
      vertex -14 1.1 36.5
      vertex -14 4.32624 32.6852
    endloop
  endfacet
  facet normal 1 0 0
    outer loop
      vertex -14 1.01627 36.921
      vertex -14 2.49396 42.8727
      vertex -14 1.73553 42.3961
    endloop
  endfacet
  facet normal 1 -0 0
    outer loop
      vertex -14 1.01627 36.079
      vertex -14 4.32624 32.6852
      vertex -14 1.1 36.5
    endloop
  endfacet
  facet normal 1 -0 0
    outer loop
      vertex -14 0.777817 35.7222
      vertex -14 4.32624 32.6852
      vertex -14 1.01627 36.079
    endloop
  endfacet
  facet normal 1 0 0
    outer loop
      vertex -14 4.32624 32.6852
      vertex -14 0.777817 35.7222
      vertex -14 2.19008 32.1724
    endloop
  endfacet
  facet normal 1 -0 0
    outer loop
      vertex -14 0.420951 35.4837
      vertex -14 2.19008 32.1724
      vertex -14 0.777817 35.7222
    endloop
  endfacet
  facet normal 1 0 0
    outer loop
      vertex -14 0 32
      vertex -14 0.420951 35.4837
      vertex -14 0 35.4
    endloop
  endfacet
  facet normal 1 0 0
    outer loop
      vertex -14 0.420951 35.4837
      vertex -14 0 32
      vertex -14 2.19008 32.1724
    endloop
  endfacet
  facet normal 1 0 0
    outer loop
      vertex -14 -0.420951 35.4837
      vertex -14 0 32
      vertex -14 0 35.4
    endloop
  endfacet
  facet normal 1 0 0
    outer loop
      vertex -14 -2.19008 32.1724
      vertex -14 -0.420951 35.4837
      vertex -14 -0.777817 35.7222
    endloop
  endfacet
  facet normal 1 0 0
    outer loop
      vertex -14 -4.32624 32.6852
      vertex -14 -0.777817 35.7222
      vertex -14 -1.01627 36.079
    endloop
  endfacet
  facet normal 1 0 0
    outer loop
      vertex -14 -0.420951 35.4837
      vertex -14 -2.19008 32.1724
      vertex -14 0 32
    endloop
  endfacet
  facet normal 1 0 0
    outer loop
      vertex -14 -4.32624 32.6852
      vertex -14 -1.01627 36.079
      vertex -14 -1.1 36.5
    endloop
  endfacet
  facet normal 1 0 0
    outer loop
      vertex -14 -8.22899 34.6738
      vertex -14 -1.01627 36.921
      vertex -14 -2.49396 42.8727
    endloop
  endfacet
  facet normal 1 0 0
    outer loop
      vertex -14 -1.01627 36.921
      vertex -14 -8.22899 34.6738
      vertex -14 -1.1 36.5
    endloop
  endfacet
  facet normal 1 0 0
    outer loop
      vertex -14 -9.89949 36.1005
      vertex -14 -2.49396 42.8727
      vertex -14 -3.12733 43.506
    endloop
  endfacet
  facet normal 1 0 0
    outer loop
      vertex -14 -11.3262 37.771
      vertex -14 -3.12733 43.506
      vertex -14 -3.60388 44.2645
    endloop
  endfacet
  facet normal 1 0 0
    outer loop
      vertex -14 -13.3148 41.6738
      vertex -14 -3.60388 44.2645
      vertex -14 -3.89971 45.1099
    endloop
  endfacet
  facet normal 1 0 0
    outer loop
      vertex -14 -0.777817 35.7222
      vertex -14 -4.32624 32.6852
      vertex -14 -2.19008 32.1724
    endloop
  endfacet
  facet normal 1 0 0
    outer loop
      vertex -14 -13.8276 43.8099
      vertex -14 -3.89971 45.1099
      vertex -14 -4 46
    endloop
  endfacet
  facet normal 1 -0 0
    outer loop
      vertex -14 -11.3262 54.229
      vertex -14 -3.12733 48.494
      vertex -14 -9.89949 55.8995
    endloop
  endfacet
  facet normal 1 0 0
    outer loop
      vertex -14 -3.12733 48.494
      vertex -14 -11.3262 54.229
      vertex -14 -3.60388 47.7355
    endloop
  endfacet
  facet normal 1 0 0
    outer loop
      vertex -14 -1.1 36.5
      vertex -14 -6.35587 33.5259
      vertex -14 -4.32624 32.6852
    endloop
  endfacet
  facet normal 1 -0 0
    outer loop
      vertex -14 -12.4741 52.3559
      vertex -14 -3.60388 47.7355
      vertex -14 -11.3262 54.229
    endloop
  endfacet
  facet normal 1 0 0
    outer loop
      vertex -14 -1.1 36.5
      vertex -14 -8.22899 34.6738
      vertex -14 -6.35587 33.5259
    endloop
  endfacet
  facet normal 1 -0 0
    outer loop
      vertex -14 -13.3148 50.3262
      vertex -14 -3.60388 47.7355
      vertex -14 -12.4741 52.3559
    endloop
  endfacet
  facet normal 1 0 0
    outer loop
      vertex -14 -2.49396 42.8727
      vertex -14 -9.89949 36.1005
      vertex -14 -8.22899 34.6738
    endloop
  endfacet
  facet normal 1 0 0
    outer loop
      vertex -14 -3.60388 47.7355
      vertex -14 -13.3148 50.3262
      vertex -14 -3.89971 46.8901
    endloop
  endfacet
  facet normal 1 0 0
    outer loop
      vertex -14 -3.12733 43.506
      vertex -14 -11.3262 37.771
      vertex -14 -9.89949 36.1005
    endloop
  endfacet
  facet normal 1 -0 0
    outer loop
      vertex -14 -13.8276 48.1901
      vertex -14 -3.89971 46.8901
      vertex -14 -13.3148 50.3262
    endloop
  endfacet
  facet normal 1 0 0
    outer loop
      vertex -14 -3.60388 44.2645
      vertex -14 -12.4741 39.6441
      vertex -14 -11.3262 37.771
    endloop
  endfacet
  facet normal 1 0 0
    outer loop
      vertex -14 -3.89971 46.8901
      vertex -14 -13.8276 48.1901
      vertex -14 -4 46
    endloop
  endfacet
  facet normal 1 0 0
    outer loop
      vertex -14 -3.60388 44.2645
      vertex -14 -13.3148 41.6738
      vertex -14 -12.4741 39.6441
    endloop
  endfacet
  facet normal 1 0 0
    outer loop
      vertex -14 -14 46
      vertex -14 -4 46
      vertex -14 -13.8276 48.1901
    endloop
  endfacet
  facet normal 1 0 0
    outer loop
      vertex -14 -3.89971 45.1099
      vertex -14 -13.8276 43.8099
      vertex -14 -13.3148 41.6738
    endloop
  endfacet
  facet normal 1 0 0
    outer loop
      vertex -14 -4 46
      vertex -14 -14 46
      vertex -14 -13.8276 43.8099
    endloop
  endfacet
  facet normal 1 0 0
    outer loop
      vertex -14 2.49396 49.1273
      vertex -14 1.01627 55.079
      vertex -14 1.73553 49.6039
    endloop
  endfacet
  facet normal 1 -0 0
    outer loop
      vertex -14 0.777817 54.7222
      vertex -14 1.73553 49.6039
      vertex -14 1.01627 55.079
    endloop
  endfacet
  facet normal 1 0 0
    outer loop
      vertex -14 1.73553 49.6039
      vertex -14 0.777817 54.7222
      vertex -14 0.890083 49.8997
    endloop
  endfacet
  facet normal 1 -0 0
    outer loop
      vertex -14 0.420951 54.4837
      vertex -14 0.890083 49.8997
      vertex -14 0.777817 54.7222
    endloop
  endfacet
  facet normal 1 0 0
    outer loop
      vertex -14 0 50
      vertex -14 0.420951 54.4837
      vertex -14 0 54.4
    endloop
  endfacet
  facet normal 1 0 0
    outer loop
      vertex -14 0.420951 54.4837
      vertex -14 0 50
      vertex -14 0.890083 49.8997
    endloop
  endfacet
  facet normal 1 0 0
    outer loop
      vertex -14 -0.420951 54.4837
      vertex -14 0 50
      vertex -14 0 54.4
    endloop
  endfacet
  facet normal 1 0 0
    outer loop
      vertex -14 -0.890083 49.8997
      vertex -14 -0.420951 54.4837
      vertex -14 -0.777817 54.7222
    endloop
  endfacet
  facet normal 1 0 0
    outer loop
      vertex -14 -0.420951 54.4837
      vertex -14 -0.890083 49.8997
      vertex -14 0 50
    endloop
  endfacet
  facet normal 1 0 0
    outer loop
      vertex -14 -1.73553 49.6039
      vertex -14 -0.777817 54.7222
      vertex -14 -1.01627 55.079
    endloop
  endfacet
  facet normal 1 0 0
    outer loop
      vertex -14 -1.73553 49.6039
      vertex -14 -1.01627 55.079
      vertex -14 -1.1 55.5
    endloop
  endfacet
  facet normal 1 0 0
    outer loop
      vertex -14 -0.777817 54.7222
      vertex -14 -1.73553 49.6039
      vertex -14 -0.890083 49.8997
    endloop
  endfacet
  facet normal 1 -0 0
    outer loop
      vertex 120 -64 47
      vertex 120 -0.4 44
      vertex 120 -0.4 47
    endloop
  endfacet
  facet normal 1 0 0
    outer loop
      vertex 120 -0.4 44
      vertex 120 -64 47
      vertex 120 -64 44
    endloop
  endfacet
  facet normal 0 0 1
    outer loop
      vertex 116 -3.86125 47
      vertex 4 -4.12445 47
      vertex 116 -4.12445 47
    endloop
  endfacet
  facet normal 0 0 1
    outer loop
      vertex 4 -4.12445 47
      vertex 0 -3.86125 47
      vertex 4 -7.1713 47
    endloop
  endfacet
  facet normal -0 0 1
    outer loop
      vertex 0 -3.86125 47
      vertex 4 -4.12445 47
      vertex 116 -3.86125 47
    endloop
  endfacet
  facet normal 0 0 1
    outer loop
      vertex 116 -3.86125 47
      vertex 120 -0.4 47
      vertex 116 -0.4 47
    endloop
  endfacet
  facet normal 0 0 1
    outer loop
      vertex 116 -4.12445 47
      vertex 120 -0.4 47
      vertex 116 -3.86125 47
    endloop
  endfacet
  facet normal 0 0 1
    outer loop
      vertex 116 -7.1713 47
      vertex 120 -0.4 47
      vertex 116 -4.12445 47
    endloop
  endfacet
  facet normal 0 0 1
    outer loop
      vertex 120 -0.4 47
      vertex 116 -7.1713 47
      vertex 120 -64 47
    endloop
  endfacet
  facet normal -0 0 1
    outer loop
      vertex 4 -7.1713 47
      vertex 120 -64 47
      vertex 116 -7.1713 47
    endloop
  endfacet
  facet normal 0 0 1
    outer loop
      vertex 4 -7.1713 47
      vertex 0 -64 47
      vertex 120 -64 47
    endloop
  endfacet
  facet normal 0 0 1
    outer loop
      vertex 0 -64 47
      vertex 4 -7.1713 47
      vertex 0 -3.86125 47
    endloop
  endfacet
  facet normal 0 0 -1
    outer loop
      vertex 4 -3.7311 44
      vertex 116 -3.4377 44
      vertex 116 -3.7311 44
    endloop
  endfacet
  facet normal 0 0 -1
    outer loop
      vertex 4 -3.7311 44
      vertex 0 -3.4377 44
      vertex 116 -3.4377 44
    endloop
  endfacet
  facet normal 0 0 -1
    outer loop
      vertex 4 -6.95287 44
      vertex 0 -3.4377 44
      vertex 4 -3.7311 44
    endloop
  endfacet
  facet normal 0 0 -1
    outer loop
      vertex 120 -64 44
      vertex 116 -6.95287 44
      vertex 120 -0.4 44
    endloop
  endfacet
  facet normal 0 0 -1
    outer loop
      vertex 120 -64 44
      vertex 4 -6.95287 44
      vertex 116 -6.95287 44
    endloop
  endfacet
  facet normal 0 0 -1
    outer loop
      vertex 0 -3.4377 44
      vertex 4 -6.95287 44
      vertex 0 -64 44
    endloop
  endfacet
  facet normal 0 0 -1
    outer loop
      vertex 0 -64 44
      vertex 4 -6.95287 44
      vertex 120 -64 44
    endloop
  endfacet
  facet normal 0 0 -1
    outer loop
      vertex 116 -3.7311 44
      vertex 120 -0.4 44
      vertex 116 -6.95287 44
    endloop
  endfacet
  facet normal 0 0 -1
    outer loop
      vertex 116 -3.4377 44
      vertex 120 -0.4 44
      vertex 116 -3.7311 44
    endloop
  endfacet
  facet normal -0 0 -1
    outer loop
      vertex 120 -0.4 44
      vertex 116 -3.4377 44
      vertex 116 -0.4 44
    endloop
  endfacet
  facet normal -1 -0 0
    outer loop
      vertex 0 -3.89971 45.1099
      vertex 0 -64 44
      vertex 0 -4 46
    endloop
  endfacet
  facet normal -1 -0 0
    outer loop
      vertex 0 -3.60388 44.2645
      vertex 0 -64 44
      vertex 0 -3.89971 45.1099
    endloop
  endfacet
  facet normal -1 0 0
    outer loop
      vertex 0 -64 44
      vertex 0 -3.60388 44.2645
      vertex 0 -3.4377 44
    endloop
  endfacet
  facet normal -1 0 0
    outer loop
      vertex 0 -64 47
      vertex 0 -4 46
      vertex 0 -64 44
    endloop
  endfacet
  facet normal -1 0 0
    outer loop
      vertex 0 -4 46
      vertex 0 -64 47
      vertex 0 -3.89971 46.8901
    endloop
  endfacet
  facet normal -1 0 0
    outer loop
      vertex 0 -3.89971 46.8901
      vertex 0 -64 47
      vertex 0 -3.86125 47
    endloop
  endfacet
  facet normal 0 1 -0
    outer loop
      vertex 120 -0.4 44
      vertex 116 -0.4 47
      vertex 120 -0.4 47
    endloop
  endfacet
  facet normal 0 1 0
    outer loop
      vertex 116 -0.4 47
      vertex 120 -0.4 44
      vertex 116 -0.4 44
    endloop
  endfacet
  facet normal 0 -1 0
    outer loop
      vertex 0 -64 44
      vertex 120 -64 47
      vertex 0 -64 47
    endloop
  endfacet
  facet normal 0 -1 -0
    outer loop
      vertex 120 -64 47
      vertex 0 -64 44
      vertex 120 -64 44
    endloop
  endfacet
  facet normal 0 -0.94388 0.330288
    outer loop
      vertex -14 -3.60388 47.7355
      vertex 0 -3.86125 47
      vertex 116 -3.60388 47.7355
    endloop
  endfacet
  facet normal 1.88766e-07 -0.943879 0.330291
    outer loop
      vertex -14 -3.89971 46.8901
      vertex 0 -3.86125 47
      vertex -14 -3.60388 47.7355
    endloop
  endfacet
  facet normal 0 -0.943872 0.330312
    outer loop
      vertex 0 -3.86125 47
      vertex -14 -3.89971 46.8901
      vertex 0 -3.89971 46.8901
    endloop
  endfacet
  facet normal 0 -0.94388 0.330288
    outer loop
      vertex 116 -3.60388 47.7355
      vertex 0 -3.86125 47
      vertex 116 -3.86125 47
    endloop
  endfacet
  facet normal 0 -0.330245 -0.943895
    outer loop
      vertex -14 -1.73553 42.3961
      vertex 116 -0.890083 42.1003
      vertex 116 -1.73553 42.3961
    endloop
  endfacet
  facet normal -0 -0.330245 -0.943895
    outer loop
      vertex 116 -0.890083 42.1003
      vertex -14 -1.73553 42.3961
      vertex -14 -0.890083 42.1003
    endloop
  endfacet
  facet normal 0 -0.111977 -0.993711
    outer loop
      vertex 116 -0.890083 42.1003
      vertex 3 0 42
      vertex 116 0 42
    endloop
  endfacet
  facet normal 0 -0.111977 -0.993711
    outer loop
      vertex -14 -0.890083 42.1003
      vertex 3 0 42
      vertex 116 -0.890083 42.1003
    endloop
  endfacet
  facet normal -0 -0.111977 -0.993711
    outer loop
      vertex 3 0 42
      vertex -14 -0.890083 42.1003
      vertex 0 0 42
    endloop
  endfacet
  facet normal -0 -0.111977 -0.993711
    outer loop
      vertex 0 0 42
      vertex -14 -0.890083 42.1003
      vertex -14 0 42
    endloop
  endfacet
  facet normal 0 0.846748 -0.531995
    outer loop
      vertex 116 3.60388 44.2645
      vertex 3 3.4377 44
      vertex -14 3.60388 44.2645
    endloop
  endfacet
  facet normal -5.43354e-10 0.846748 -0.531994
    outer loop
      vertex 116 3.12733 43.506
      vertex 3 3.4377 44
      vertex 116 3.60388 44.2645
    endloop
  endfacet
  facet normal 0 0.846748 -0.531994
    outer loop
      vertex 3 3.4377 44
      vertex 116 3.12733 43.506
      vertex 3 3.12733 43.506
    endloop
  endfacet
  facet normal 0 0.846748 -0.531995
    outer loop
      vertex 0 3.4377 44
      vertex -14 3.60388 44.2645
      vertex 3 3.4377 44
    endloop
  endfacet
  facet normal 0 0.846748 -0.531994
    outer loop
      vertex -14 3.12733 43.506
      vertex 0 3.4377 44
      vertex 0 3.12733 43.506
    endloop
  endfacet
  facet normal 4.38564e-09 0.846748 -0.531994
    outer loop
      vertex 0 3.4377 44
      vertex -14 3.12733 43.506
      vertex -14 3.60388 44.2645
    endloop
  endfacet
  facet normal 0 -0.111977 0.993711
    outer loop
      vertex -14 0 50
      vertex 116 -0.890083 49.8997
      vertex 116 0 50
    endloop
  endfacet
  facet normal 0 -0.111977 0.993711
    outer loop
      vertex 116 -0.890083 49.8997
      vertex -14 0 50
      vertex -14 -0.890083 49.8997
    endloop
  endfacet
  facet normal 0 -0.993712 -0.111964
    outer loop
      vertex -14 -3.89971 45.1099
      vertex 0 -4 46
      vertex -14 -4 46
    endloop
  endfacet
  facet normal 0 -0.993712 -0.111964
    outer loop
      vertex 0 -4 46
      vertex -14 -3.89971 45.1099
      vertex 0 -3.89971 45.1099
    endloop
  endfacet
  facet normal -0 0.330245 0.943895
    outer loop
      vertex -14 1.73553 49.6039
      vertex 116 0.890083 49.8997
      vertex 116 1.73553 49.6039
    endloop
  endfacet
  facet normal 0 0.330245 0.943895
    outer loop
      vertex 116 0.890083 49.8997
      vertex -14 1.73553 49.6039
      vertex -14 0.890083 49.8997
    endloop
  endfacet
  facet normal 0 0.111977 -0.993711
    outer loop
      vertex 3 0 42
      vertex 116 0.890083 42.1003
      vertex 116 0 42
    endloop
  endfacet
  facet normal 0 0.111977 -0.993711
    outer loop
      vertex 116 0.890083 42.1003
      vertex 3 0 42
      vertex 3 0.890083 42.1003
    endloop
  endfacet
  facet normal 0 0.111977 -0.993711
    outer loop
      vertex -14 0 42
      vertex 0 0.890083 42.1003
      vertex 0 0 42
    endloop
  endfacet
  facet normal 0 0.111977 -0.993711
    outer loop
      vertex 0 0.890083 42.1003
      vertex -14 0 42
      vertex -14 0.890083 42.1003
    endloop
  endfacet
  facet normal 1 0 0
    outer loop
      vertex 116 -0.4 47
      vertex 116 4 46
      vertex 116 3.89971 46.8901
    endloop
  endfacet
  facet normal 1 -0 0
    outer loop
      vertex 116 -0.4 47
      vertex 116 3.89971 46.8901
      vertex 116 3.60388 47.7355
    endloop
  endfacet
  facet normal 1 0 0
    outer loop
      vertex 116 4 46
      vertex 116 -0.4 47
      vertex 116 3.89971 45.1099
    endloop
  endfacet
  facet normal 1 0 0
    outer loop
      vertex 116 -0.4 47
      vertex 116 3.60388 47.7355
      vertex 116 3.12733 48.494
    endloop
  endfacet
  facet normal 1 0 0
    outer loop
      vertex 116 -0.4 44
      vertex 116 3.89971 45.1099
      vertex 116 -0.4 47
    endloop
  endfacet
  facet normal 1 0 0
    outer loop
      vertex 116 -0.4 47
      vertex 116 3.12733 48.494
      vertex 116 2.49396 49.1273
    endloop
  endfacet
  facet normal 1 0 0
    outer loop
      vertex 116 3.89971 45.1099
      vertex 116 -0.4 44
      vertex 116 3.60388 44.2645
    endloop
  endfacet
  facet normal 1 0 0
    outer loop
      vertex 116 -0.4 47
      vertex 116 2.49396 49.1273
      vertex 116 1.73553 49.6039
    endloop
  endfacet
  facet normal 1 0 0
    outer loop
      vertex 116 3.60388 44.2645
      vertex 116 -0.4 44
      vertex 116 3.12733 43.506
    endloop
  endfacet
  facet normal 1 0 0
    outer loop
      vertex 116 -0.4 47
      vertex 116 1.73553 49.6039
      vertex 116 0.890083 49.8997
    endloop
  endfacet
  facet normal 1 0 0
    outer loop
      vertex 116 3.12733 43.506
      vertex 116 -0.4 44
      vertex 116 2.49396 42.8727
    endloop
  endfacet
  facet normal 1 0 0
    outer loop
      vertex 116 -0.4 47
      vertex 116 0.890083 49.8997
      vertex 116 0 50
    endloop
  endfacet
  facet normal 1 0 0
    outer loop
      vertex 116 2.49396 42.8727
      vertex 116 -0.4 44
      vertex 116 1.73553 42.3961
    endloop
  endfacet
  facet normal 1 0 0
    outer loop
      vertex 116 1.73553 42.3961
      vertex 116 -0.4 44
      vertex 116 0.890083 42.1003
    endloop
  endfacet
  facet normal 1 -0 0
    outer loop
      vertex 116 -0.890083 49.8997
      vertex 116 -0.4 47
      vertex 116 0 50
    endloop
  endfacet
  facet normal 1 -0 0
    outer loop
      vertex 116 -1.73553 49.6039
      vertex 116 -0.4 47
      vertex 116 -0.890083 49.8997
    endloop
  endfacet
  facet normal 1 -0 0
    outer loop
      vertex 116 -2.49396 49.1273
      vertex 116 -0.4 47
      vertex 116 -1.73553 49.6039
    endloop
  endfacet
  facet normal 1 -0 0
    outer loop
      vertex 116 -3.12733 48.494
      vertex 116 -0.4 47
      vertex 116 -2.49396 49.1273
    endloop
  endfacet
  facet normal 1 -0 0
    outer loop
      vertex 116 -3.60388 47.7355
      vertex 116 -0.4 47
      vertex 116 -3.12733 48.494
    endloop
  endfacet
  facet normal 1 0 0
    outer loop
      vertex 116 -0.4 47
      vertex 116 -3.60388 47.7355
      vertex 116 -3.86125 47
    endloop
  endfacet
  facet normal 1 0 0
    outer loop
      vertex 116 0.890083 42.1003
      vertex 116 -0.4 44
      vertex 116 0 42
    endloop
  endfacet
  facet normal 1 0 0
    outer loop
      vertex 116 -0.4 44
      vertex 116 -0.890083 42.1003
      vertex 116 0 42
    endloop
  endfacet
  facet normal 1 0 0
    outer loop
      vertex 116 -0.4 44
      vertex 116 -1.73553 42.3961
      vertex 116 -0.890083 42.1003
    endloop
  endfacet
  facet normal 1 0 0
    outer loop
      vertex 116 -0.4 44
      vertex 116 -2.49396 42.8727
      vertex 116 -1.73553 42.3961
    endloop
  endfacet
  facet normal 1 0 0
    outer loop
      vertex 116 -0.4 44
      vertex 116 -3.12733 43.506
      vertex 116 -2.49396 42.8727
    endloop
  endfacet
  facet normal 1 0 -0
    outer loop
      vertex 116 -3.12733 43.506
      vertex 116 -0.4 44
      vertex 116 -3.4377 44
    endloop
  endfacet
  facet normal 0 0.707068 0.707146
    outer loop
      vertex 116 3.12733 48.494
      vertex -14 2.49396 49.1273
      vertex 116 2.49396 49.1273
    endloop
  endfacet
  facet normal 0 0.707068 0.707146
    outer loop
      vertex -14 2.49396 49.1273
      vertex 116 3.12733 48.494
      vertex -14 3.12733 48.494
    endloop
  endfacet
  facet normal 0 -0.943879 -0.330291
    outer loop
      vertex -14 -3.60388 44.2645
      vertex 0 -3.89971 45.1099
      vertex -14 -3.89971 45.1099
    endloop
  endfacet
  facet normal 0 -0.943879 -0.330291
    outer loop
      vertex 0 -3.89971 45.1099
      vertex -14 -3.60388 44.2645
      vertex 0 -3.60388 44.2645
    endloop
  endfacet
  facet normal 0 0.943879 0.330291
    outer loop
      vertex 116 3.89971 46.8901
      vertex -14 3.60388 47.7355
      vertex 116 3.60388 47.7355
    endloop
  endfacet
  facet normal 0 0.943879 0.330291
    outer loop
      vertex -14 3.60388 47.7355
      vertex 116 3.89971 46.8901
      vertex -14 3.89971 46.8901
    endloop
  endfacet
  facet normal 0 0.330245 -0.943895
    outer loop
      vertex 3 0.890083 42.1003
      vertex 116 1.73553 42.3961
      vertex 116 0.890083 42.1003
    endloop
  endfacet
  facet normal 0 0.330245 -0.943895
    outer loop
      vertex 116 1.73553 42.3961
      vertex 3 0.890083 42.1003
      vertex 3 1.73553 42.3961
    endloop
  endfacet
  facet normal 0 0.330245 -0.943895
    outer loop
      vertex -14 0.890083 42.1003
      vertex 0 1.73553 42.3961
      vertex 0 0.890083 42.1003
    endloop
  endfacet
  facet normal 0 0.330245 -0.943895
    outer loop
      vertex 0 1.73553 42.3961
      vertex -14 0.890083 42.1003
      vertex -14 1.73553 42.3961
    endloop
  endfacet
  facet normal 0 0.993712 -0.111964
    outer loop
      vertex 116 3.89971 45.1099
      vertex -14 4 46
      vertex 116 4 46
    endloop
  endfacet
  facet normal 0 0.993712 -0.111964
    outer loop
      vertex -14 4 46
      vertex 116 3.89971 45.1099
      vertex -14 3.89971 45.1099
    endloop
  endfacet
  facet normal 0 0.846748 0.531994
    outer loop
      vertex 116 3.60388 47.7355
      vertex -14 3.12733 48.494
      vertex 116 3.12733 48.494
    endloop
  endfacet
  facet normal 0 0.846748 0.531994
    outer loop
      vertex -14 3.12733 48.494
      vertex 116 3.60388 47.7355
      vertex -14 3.60388 47.7355
    endloop
  endfacet
  facet normal -0 0.53207 0.846701
    outer loop
      vertex -14 2.49396 49.1273
      vertex 116 1.73553 49.6039
      vertex 116 2.49396 49.1273
    endloop
  endfacet
  facet normal 0 0.53207 0.846701
    outer loop
      vertex 116 1.73553 49.6039
      vertex -14 2.49396 49.1273
      vertex -14 1.73553 49.6039
    endloop
  endfacet
  facet normal 0 -0.53207 0.846701
    outer loop
      vertex -14 -1.73553 49.6039
      vertex 116 -2.49396 49.1273
      vertex 116 -1.73553 49.6039
    endloop
  endfacet
  facet normal 0 -0.53207 0.846701
    outer loop
      vertex 116 -2.49396 49.1273
      vertex -14 -1.73553 49.6039
      vertex -14 -2.49396 49.1273
    endloop
  endfacet
  facet normal 0 -0.707068 0.707146
    outer loop
      vertex -14 -3.12733 48.494
      vertex 116 -2.49396 49.1273
      vertex -14 -2.49396 49.1273
    endloop
  endfacet
  facet normal 0 -0.707068 0.707146
    outer loop
      vertex 116 -2.49396 49.1273
      vertex -14 -3.12733 48.494
      vertex 116 -3.12733 48.494
    endloop
  endfacet
  facet normal 0 0.943879 -0.330291
    outer loop
      vertex 116 3.60388 44.2645
      vertex -14 3.89971 45.1099
      vertex 116 3.89971 45.1099
    endloop
  endfacet
  facet normal 0 0.943879 -0.330291
    outer loop
      vertex -14 3.89971 45.1099
      vertex 116 3.60388 44.2645
      vertex -14 3.60388 44.2645
    endloop
  endfacet
  facet normal 0 -0.53207 -0.846701
    outer loop
      vertex -14 -2.49396 42.8727
      vertex 116 -1.73553 42.3961
      vertex 116 -2.49396 42.8727
    endloop
  endfacet
  facet normal -0 -0.53207 -0.846701
    outer loop
      vertex 116 -1.73553 42.3961
      vertex -14 -2.49396 42.8727
      vertex -14 -1.73553 42.3961
    endloop
  endfacet
  facet normal 0 -0.707068 -0.707146
    outer loop
      vertex -14 -2.49396 42.8727
      vertex 116 -3.12733 43.506
      vertex -14 -3.12733 43.506
    endloop
  endfacet
  facet normal 0 -0.707068 -0.707146
    outer loop
      vertex 116 -3.12733 43.506
      vertex -14 -2.49396 42.8727
      vertex 116 -2.49396 42.8727
    endloop
  endfacet
  facet normal 0 0.707068 -0.707146
    outer loop
      vertex 116 2.49396 42.8727
      vertex 3 3.12733 43.506
      vertex 116 3.12733 43.506
    endloop
  endfacet
  facet normal 0 0.707068 -0.707146
    outer loop
      vertex 3 3.12733 43.506
      vertex 116 2.49396 42.8727
      vertex 3 2.49396 42.8727
    endloop
  endfacet
  facet normal 0 0.707068 -0.707146
    outer loop
      vertex 0 2.49396 42.8727
      vertex -14 3.12733 43.506
      vertex 0 3.12733 43.506
    endloop
  endfacet
  facet normal 0 0.707068 -0.707146
    outer loop
      vertex -14 3.12733 43.506
      vertex 0 2.49396 42.8727
      vertex -14 2.49396 42.8727
    endloop
  endfacet
  facet normal 0 -0.846748 -0.531995
    outer loop
      vertex -14 -3.60388 44.2645
      vertex 0 -3.4377 44
      vertex 0 -3.60388 44.2645
    endloop
  endfacet
  facet normal 4.38564e-09 -0.846748 -0.531994
    outer loop
      vertex -14 -3.12733 43.506
      vertex 0 -3.4377 44
      vertex -14 -3.60388 44.2645
    endloop
  endfacet
  facet normal -0 -0.846748 -0.531994
    outer loop
      vertex 116 -3.12733 43.506
      vertex 0 -3.4377 44
      vertex -14 -3.12733 43.506
    endloop
  endfacet
  facet normal 0 -0.846748 -0.531994
    outer loop
      vertex 0 -3.4377 44
      vertex 116 -3.12733 43.506
      vertex 116 -3.4377 44
    endloop
  endfacet
  facet normal -0 0.111977 0.993711
    outer loop
      vertex -14 0.890083 49.8997
      vertex 116 0 50
      vertex 116 0.890083 49.8997
    endloop
  endfacet
  facet normal 0 0.111977 0.993711
    outer loop
      vertex 116 0 50
      vertex -14 0.890083 49.8997
      vertex -14 0 50
    endloop
  endfacet
  facet normal 0 0.993712 0.111964
    outer loop
      vertex 116 4 46
      vertex -14 3.89971 46.8901
      vertex 116 3.89971 46.8901
    endloop
  endfacet
  facet normal 0 0.993712 0.111964
    outer loop
      vertex -14 3.89971 46.8901
      vertex 116 4 46
      vertex -14 4 46
    endloop
  endfacet
  facet normal 0 0.53207 -0.846701
    outer loop
      vertex 3 1.73553 42.3961
      vertex 116 2.49396 42.8727
      vertex 116 1.73553 42.3961
    endloop
  endfacet
  facet normal 0 0.53207 -0.846701
    outer loop
      vertex 116 2.49396 42.8727
      vertex 3 1.73553 42.3961
      vertex 3 2.49396 42.8727
    endloop
  endfacet
  facet normal 0 0.53207 -0.846701
    outer loop
      vertex -14 1.73553 42.3961
      vertex 0 2.49396 42.8727
      vertex 0 1.73553 42.3961
    endloop
  endfacet
  facet normal 0 0.53207 -0.846701
    outer loop
      vertex 0 2.49396 42.8727
      vertex -14 1.73553 42.3961
      vertex -14 2.49396 42.8727
    endloop
  endfacet
  facet normal 0 -0.330245 0.943895
    outer loop
      vertex -14 -0.890083 49.8997
      vertex 116 -1.73553 49.6039
      vertex 116 -0.890083 49.8997
    endloop
  endfacet
  facet normal 0 -0.330245 0.943895
    outer loop
      vertex 116 -1.73553 49.6039
      vertex -14 -0.890083 49.8997
      vertex -14 -1.73553 49.6039
    endloop
  endfacet
  facet normal 0 -0.846748 0.531994
    outer loop
      vertex -14 -3.60388 47.7355
      vertex 116 -3.12733 48.494
      vertex -14 -3.12733 48.494
    endloop
  endfacet
  facet normal 0 -0.846748 0.531994
    outer loop
      vertex 116 -3.12733 48.494
      vertex -14 -3.60388 47.7355
      vertex 116 -3.60388 47.7355
    endloop
  endfacet
  facet normal 0 -0.993712 0.111964
    outer loop
      vertex -14 -4 46
      vertex 0 -3.89971 46.8901
      vertex -14 -3.89971 46.8901
    endloop
  endfacet
  facet normal 0 -0.993712 0.111964
    outer loop
      vertex 0 -3.89971 46.8901
      vertex -14 -4 46
      vertex 0 -4 46
    endloop
  endfacet
  facet normal 0 -0.831907 -0.554915
    outer loop
      vertex -18 121.016 36.921
      vertex -14 120.778 37.2778
      vertex -18 120.778 37.2778
    endloop
  endfacet
  facet normal 0 -0.831907 -0.554915
    outer loop
      vertex -14 120.778 37.2778
      vertex -18 121.016 36.921
      vertex -14 121.016 36.921
    endloop
  endfacet
  facet normal 0 -0.555506 0.831512
    outer loop
      vertex -18 120.778 35.7222
      vertex -14 120.421 35.4837
      vertex -14 120.778 35.7222
    endloop
  endfacet
  facet normal 0 -0.555506 0.831512
    outer loop
      vertex -14 120.421 35.4837
      vertex -18 120.778 35.7222
      vertex -18 120.421 35.4837
    endloop
  endfacet
  facet normal 0 -0.194996 0.980804
    outer loop
      vertex -18 120.421 35.4837
      vertex -14 120 35.4
      vertex -14 120.421 35.4837
    endloop
  endfacet
  facet normal 0 -0.194996 0.980804
    outer loop
      vertex -14 120 35.4
      vertex -18 120.421 35.4837
      vertex -18 120 35.4
    endloop
  endfacet
  facet normal 0 -0.555506 -0.831512
    outer loop
      vertex -18 120.421 37.5163
      vertex -14 120.778 37.2778
      vertex -14 120.421 37.5163
    endloop
  endfacet
  facet normal -0 -0.555506 -0.831512
    outer loop
      vertex -14 120.778 37.2778
      vertex -18 120.421 37.5163
      vertex -18 120.778 37.2778
    endloop
  endfacet
  facet normal 0 0.98067 -0.195668
    outer loop
      vertex -14 118.9 36.5
      vertex -18 118.984 36.921
      vertex -14 118.984 36.921
    endloop
  endfacet
  facet normal 0 0.98067 -0.195668
    outer loop
      vertex -18 118.984 36.921
      vertex -14 118.9 36.5
      vertex -18 118.9 36.5
    endloop
  endfacet
  facet normal 0 0.98067 0.195668
    outer loop
      vertex -14 118.984 36.079
      vertex -18 118.9 36.5
      vertex -14 118.9 36.5
    endloop
  endfacet
  facet normal 0 0.98067 0.195668
    outer loop
      vertex -18 118.9 36.5
      vertex -14 118.984 36.079
      vertex -18 118.984 36.079
    endloop
  endfacet
  facet normal 0 0.831907 0.554915
    outer loop
      vertex -14 119.222 35.7222
      vertex -18 118.984 36.079
      vertex -14 118.984 36.079
    endloop
  endfacet
  facet normal 0 0.831907 0.554915
    outer loop
      vertex -18 118.984 36.079
      vertex -14 119.222 35.7222
      vertex -18 119.222 35.7222
    endloop
  endfacet
  facet normal -0 0.555506 0.831512
    outer loop
      vertex -18 119.579 35.4837
      vertex -14 119.222 35.7222
      vertex -14 119.579 35.4837
    endloop
  endfacet
  facet normal 0 0.555506 0.831512
    outer loop
      vertex -14 119.222 35.7222
      vertex -18 119.579 35.4837
      vertex -18 119.222 35.7222
    endloop
  endfacet
  facet normal 0 -0.194996 -0.980804
    outer loop
      vertex -18 120 37.6
      vertex -14 120.421 37.5163
      vertex -14 120 37.6
    endloop
  endfacet
  facet normal -0 -0.194996 -0.980804
    outer loop
      vertex -14 120.421 37.5163
      vertex -18 120 37.6
      vertex -18 120.421 37.5163
    endloop
  endfacet
  facet normal -0 0.194996 0.980804
    outer loop
      vertex -18 120 35.4
      vertex -14 119.579 35.4837
      vertex -14 120 35.4
    endloop
  endfacet
  facet normal 0 0.194996 0.980804
    outer loop
      vertex -14 119.579 35.4837
      vertex -18 120 35.4
      vertex -18 119.579 35.4837
    endloop
  endfacet
  facet normal 0 -0.98067 -0.195668
    outer loop
      vertex -18 121.1 36.5
      vertex -14 121.016 36.921
      vertex -18 121.016 36.921
    endloop
  endfacet
  facet normal 0 -0.98067 -0.195668
    outer loop
      vertex -14 121.016 36.921
      vertex -18 121.1 36.5
      vertex -14 121.1 36.5
    endloop
  endfacet
  facet normal 0 -0.98067 0.195668
    outer loop
      vertex -18 121.016 36.079
      vertex -14 121.1 36.5
      vertex -18 121.1 36.5
    endloop
  endfacet
  facet normal 0 -0.98067 0.195668
    outer loop
      vertex -14 121.1 36.5
      vertex -18 121.016 36.079
      vertex -14 121.016 36.079
    endloop
  endfacet
  facet normal 0 -0.831907 0.554915
    outer loop
      vertex -18 120.778 35.7222
      vertex -14 121.016 36.079
      vertex -18 121.016 36.079
    endloop
  endfacet
  facet normal 0 -0.831907 0.554915
    outer loop
      vertex -14 121.016 36.079
      vertex -18 120.778 35.7222
      vertex -14 120.778 35.7222
    endloop
  endfacet
  facet normal 0 0.555506 -0.831512
    outer loop
      vertex -18 119.222 37.2778
      vertex -14 119.579 37.5163
      vertex -14 119.222 37.2778
    endloop
  endfacet
  facet normal 0 0.555506 -0.831512
    outer loop
      vertex -14 119.579 37.5163
      vertex -18 119.222 37.2778
      vertex -18 119.579 37.5163
    endloop
  endfacet
  facet normal 0 0.194996 -0.980804
    outer loop
      vertex -18 119.579 37.5163
      vertex -14 120 37.6
      vertex -14 119.579 37.5163
    endloop
  endfacet
  facet normal 0 0.194996 -0.980804
    outer loop
      vertex -14 120 37.6
      vertex -18 119.579 37.5163
      vertex -18 120 37.6
    endloop
  endfacet
  facet normal 0 0.831907 -0.554915
    outer loop
      vertex -14 118.984 36.921
      vertex -18 119.222 37.2778
      vertex -14 119.222 37.2778
    endloop
  endfacet
  facet normal 0 0.831907 -0.554915
    outer loop
      vertex -18 119.222 37.2778
      vertex -14 118.984 36.921
      vertex -18 118.984 36.921
    endloop
  endfacet
  facet normal 0 -0.831907 -0.554915
    outer loop
      vertex -18 121.016 55.921
      vertex -14 120.778 56.2778
      vertex -18 120.778 56.2778
    endloop
  endfacet
  facet normal 0 -0.831907 -0.554915
    outer loop
      vertex -14 120.778 56.2778
      vertex -18 121.016 55.921
      vertex -14 121.016 55.921
    endloop
  endfacet
  facet normal 0 -0.98067 -0.195668
    outer loop
      vertex -18 121.1 55.5
      vertex -14 121.016 55.921
      vertex -18 121.016 55.921
    endloop
  endfacet
  facet normal 0 -0.98067 -0.195668
    outer loop
      vertex -14 121.016 55.921
      vertex -18 121.1 55.5
      vertex -14 121.1 55.5
    endloop
  endfacet
  facet normal 0 0.98067 -0.195668
    outer loop
      vertex -14 118.9 55.5
      vertex -18 118.984 55.921
      vertex -14 118.984 55.921
    endloop
  endfacet
  facet normal 0 0.98067 -0.195668
    outer loop
      vertex -18 118.984 55.921
      vertex -14 118.9 55.5
      vertex -18 118.9 55.5
    endloop
  endfacet
  facet normal 0 0.194996 -0.980804
    outer loop
      vertex -18 119.579 56.5163
      vertex -14 120 56.6
      vertex -14 119.579 56.5163
    endloop
  endfacet
  facet normal 0 0.194996 -0.980804
    outer loop
      vertex -14 120 56.6
      vertex -18 119.579 56.5163
      vertex -18 120 56.6
    endloop
  endfacet
  facet normal -0 0.194996 0.980804
    outer loop
      vertex -18 120 54.4
      vertex -14 119.579 54.4837
      vertex -14 120 54.4
    endloop
  endfacet
  facet normal 0 0.194996 0.980804
    outer loop
      vertex -14 119.579 54.4837
      vertex -18 120 54.4
      vertex -18 119.579 54.4837
    endloop
  endfacet
  facet normal 0 0.831907 0.554915
    outer loop
      vertex -14 119.222 54.7222
      vertex -18 118.984 55.079
      vertex -14 118.984 55.079
    endloop
  endfacet
  facet normal 0 0.831907 0.554915
    outer loop
      vertex -18 118.984 55.079
      vertex -14 119.222 54.7222
      vertex -18 119.222 54.7222
    endloop
  endfacet
  facet normal 0 0.555506 -0.831512
    outer loop
      vertex -18 119.222 56.2778
      vertex -14 119.579 56.5163
      vertex -14 119.222 56.2778
    endloop
  endfacet
  facet normal 0 0.555506 -0.831512
    outer loop
      vertex -14 119.579 56.5163
      vertex -18 119.222 56.2778
      vertex -18 119.579 56.5163
    endloop
  endfacet
  facet normal 0 -0.98067 0.195668
    outer loop
      vertex -18 121.016 55.079
      vertex -14 121.1 55.5
      vertex -18 121.1 55.5
    endloop
  endfacet
  facet normal 0 -0.98067 0.195668
    outer loop
      vertex -14 121.1 55.5
      vertex -18 121.016 55.079
      vertex -14 121.016 55.079
    endloop
  endfacet
  facet normal -0 0.555506 0.831512
    outer loop
      vertex -18 119.579 54.4837
      vertex -14 119.222 54.7222
      vertex -14 119.579 54.4837
    endloop
  endfacet
  facet normal 0 0.555506 0.831512
    outer loop
      vertex -14 119.222 54.7222
      vertex -18 119.579 54.4837
      vertex -18 119.222 54.7222
    endloop
  endfacet
  facet normal 0 -0.555506 -0.831512
    outer loop
      vertex -18 120.421 56.5163
      vertex -14 120.778 56.2778
      vertex -14 120.421 56.5163
    endloop
  endfacet
  facet normal -0 -0.555506 -0.831512
    outer loop
      vertex -14 120.778 56.2778
      vertex -18 120.421 56.5163
      vertex -18 120.778 56.2778
    endloop
  endfacet
  facet normal 0 0.98067 0.195668
    outer loop
      vertex -14 118.984 55.079
      vertex -18 118.9 55.5
      vertex -14 118.9 55.5
    endloop
  endfacet
  facet normal 0 0.98067 0.195668
    outer loop
      vertex -18 118.9 55.5
      vertex -14 118.984 55.079
      vertex -18 118.984 55.079
    endloop
  endfacet
  facet normal 0 0.831907 -0.554915
    outer loop
      vertex -14 118.984 55.921
      vertex -18 119.222 56.2778
      vertex -14 119.222 56.2778
    endloop
  endfacet
  facet normal 0 0.831907 -0.554915
    outer loop
      vertex -18 119.222 56.2778
      vertex -14 118.984 55.921
      vertex -18 118.984 55.921
    endloop
  endfacet
  facet normal 0 -0.555506 0.831512
    outer loop
      vertex -18 120.778 54.7222
      vertex -14 120.421 54.4837
      vertex -14 120.778 54.7222
    endloop
  endfacet
  facet normal 0 -0.555506 0.831512
    outer loop
      vertex -14 120.421 54.4837
      vertex -18 120.778 54.7222
      vertex -18 120.421 54.4837
    endloop
  endfacet
  facet normal 0 -0.194996 0.980804
    outer loop
      vertex -18 120.421 54.4837
      vertex -14 120 54.4
      vertex -14 120.421 54.4837
    endloop
  endfacet
  facet normal 0 -0.194996 0.980804
    outer loop
      vertex -14 120 54.4
      vertex -18 120.421 54.4837
      vertex -18 120 54.4
    endloop
  endfacet
  facet normal 0 -0.194996 -0.980804
    outer loop
      vertex -18 120 56.6
      vertex -14 120.421 56.5163
      vertex -14 120 56.6
    endloop
  endfacet
  facet normal -0 -0.194996 -0.980804
    outer loop
      vertex -14 120.421 56.5163
      vertex -18 120 56.6
      vertex -18 120.421 56.5163
    endloop
  endfacet
  facet normal 0 -0.831907 0.554915
    outer loop
      vertex -18 120.778 54.7222
      vertex -14 121.016 55.079
      vertex -18 121.016 55.079
    endloop
  endfacet
  facet normal 0 -0.831907 0.554915
    outer loop
      vertex -14 121.016 55.079
      vertex -18 120.778 54.7222
      vertex -14 120.778 54.7222
    endloop
  endfacet
  facet normal 0 0.233442 -0.972371
    outer loop
      vertex -18 122.19 32.1724
      vertex -14 124.326 32.6852
      vertex -14 122.19 32.1724
    endloop
  endfacet
  facet normal 0 0.233442 -0.972371
    outer loop
      vertex -14 124.326 32.6852
      vertex -18 122.19 32.1724
      vertex -18 124.326 32.6852
    endloop
  endfacet
  facet normal 0 0.0784787 -0.996916
    outer loop
      vertex -18 120 32
      vertex -14 122.19 32.1724
      vertex -14 120 32
    endloop
  endfacet
  facet normal 0 0.0784787 -0.996916
    outer loop
      vertex -14 122.19 32.1724
      vertex -18 120 32
      vertex -18 122.19 32.1724
    endloop
  endfacet
  facet normal 0 -0.972353 -0.233518
    outer loop
      vertex -18 106.685 41.6738
      vertex -14 106.172 43.8099
      vertex -18 106.172 43.8099
    endloop
  endfacet
  facet normal 0 -0.972353 -0.233518
    outer loop
      vertex -14 106.172 43.8099
      vertex -18 106.685 41.6738
      vertex -14 106.685 41.6738
    endloop
  endfacet
  facet normal 0 -0.923836 -0.382789
    outer loop
      vertex -18 107.526 39.6441
      vertex -14 106.685 41.6738
      vertex -18 106.685 41.6738
    endloop
  endfacet
  facet normal 0 -0.923836 -0.382789
    outer loop
      vertex -14 106.685 41.6738
      vertex -18 107.526 39.6441
      vertex -14 107.526 39.6441
    endloop
  endfacet
  facet normal 0 -0.233442 0.972371
    outer loop
      vertex -18 117.81 59.8276
      vertex -14 115.674 59.3148
      vertex -14 117.81 59.8276
    endloop
  endfacet
  facet normal 0 -0.233442 0.972371
    outer loop
      vertex -14 115.674 59.3148
      vertex -18 117.81 59.8276
      vertex -18 115.674 59.3148
    endloop
  endfacet
  facet normal -0 0.0784787 0.996916
    outer loop
      vertex -18 122.19 59.8276
      vertex -14 120 60
      vertex -14 122.19 59.8276
    endloop
  endfacet
  facet normal 0 0.0784787 0.996916
    outer loop
      vertex -14 120 60
      vertex -18 122.19 59.8276
      vertex -18 120 60
    endloop
  endfacet
  facet normal -0 0.52254 0.852615
    outer loop
      vertex -18 128.229 57.3262
      vertex -14 126.356 58.4741
      vertex -14 128.229 57.3262
    endloop
  endfacet
  facet normal 0 0.52254 0.852615
    outer loop
      vertex -14 126.356 58.4741
      vertex -18 128.229 57.3262
      vertex -18 126.356 58.4741
    endloop
  endfacet
  facet normal -0 0.382624 0.923904
    outer loop
      vertex -18 126.356 58.4741
      vertex -14 124.326 59.3148
      vertex -14 126.356 58.4741
    endloop
  endfacet
  facet normal 0 0.382624 0.923904
    outer loop
      vertex -14 124.326 59.3148
      vertex -18 126.356 58.4741
      vertex -18 124.326 59.3148
    endloop
  endfacet
  facet normal 0 0.923836 0.382789
    outer loop
      vertex -14 133.315 50.3262
      vertex -18 132.474 52.3559
      vertex -14 132.474 52.3559
    endloop
  endfacet
  facet normal 0 0.923836 0.382789
    outer loop
      vertex -18 132.474 52.3559
      vertex -14 133.315 50.3262
      vertex -18 133.315 50.3262
    endloop
  endfacet
  facet normal 0 0.99693 -0.0782941
    outer loop
      vertex -14 133.828 43.8099
      vertex -18 134 46
      vertex -14 134 46
    endloop
  endfacet
  facet normal 0 0.99693 -0.0782941
    outer loop
      vertex -18 134 46
      vertex -14 133.828 43.8099
      vertex -18 133.828 43.8099
    endloop
  endfacet
  facet normal 0 -0.0784787 0.996916
    outer loop
      vertex -18 120 60
      vertex -14 117.81 59.8276
      vertex -14 120 60
    endloop
  endfacet
  facet normal 0 -0.0784787 0.996916
    outer loop
      vertex -14 117.81 59.8276
      vertex -18 120 60
      vertex -18 117.81 59.8276
    endloop
  endfacet
  facet normal 0 0.760348 -0.649516
    outer loop
      vertex -14 129.899 36.1005
      vertex -18 131.326 37.771
      vertex -14 131.326 37.771
    endloop
  endfacet
  facet normal 0 0.760348 -0.649516
    outer loop
      vertex -18 131.326 37.771
      vertex -14 129.899 36.1005
      vertex -18 129.899 36.1005
    endloop
  endfacet
  facet normal 0 -0.233442 -0.972371
    outer loop
      vertex -18 115.674 32.6852
      vertex -14 117.81 32.1724
      vertex -14 115.674 32.6852
    endloop
  endfacet
  facet normal -0 -0.233442 -0.972371
    outer loop
      vertex -14 117.81 32.1724
      vertex -18 115.674 32.6852
      vertex -18 117.81 32.1724
    endloop
  endfacet
  facet normal 0 -0.382624 -0.923904
    outer loop
      vertex -18 113.644 33.5259
      vertex -14 115.674 32.6852
      vertex -14 113.644 33.5259
    endloop
  endfacet
  facet normal -0 -0.382624 -0.923904
    outer loop
      vertex -14 115.674 32.6852
      vertex -18 113.644 33.5259
      vertex -18 115.674 32.6852
    endloop
  endfacet
  facet normal 0 -0.99693 0.0782941
    outer loop
      vertex -18 106 46
      vertex -14 106.172 48.1901
      vertex -18 106.172 48.1901
    endloop
  endfacet
  facet normal 0 -0.99693 0.0782941
    outer loop
      vertex -14 106.172 48.1901
      vertex -18 106 46
      vertex -14 106 46
    endloop
  endfacet
  facet normal 0 -0.760348 0.649516
    outer loop
      vertex -18 108.674 54.229
      vertex -14 110.101 55.8995
      vertex -18 110.101 55.8995
    endloop
  endfacet
  facet normal 0 -0.760348 0.649516
    outer loop
      vertex -14 110.101 55.8995
      vertex -18 108.674 54.229
      vertex -14 108.674 54.229
    endloop
  endfacet
  facet normal 0 -0.923836 0.382789
    outer loop
      vertex -18 106.685 50.3262
      vertex -14 107.526 52.3559
      vertex -18 107.526 52.3559
    endloop
  endfacet
  facet normal 0 -0.923836 0.382789
    outer loop
      vertex -14 107.526 52.3559
      vertex -18 106.685 50.3262
      vertex -14 106.685 50.3262
    endloop
  endfacet
  facet normal 0 -0.0784787 -0.996916
    outer loop
      vertex -18 117.81 32.1724
      vertex -14 120 32
      vertex -14 117.81 32.1724
    endloop
  endfacet
  facet normal -0 -0.0784787 -0.996916
    outer loop
      vertex -14 120 32
      vertex -18 117.81 32.1724
      vertex -18 120 32
    endloop
  endfacet
  facet normal 0 0.760348 0.649516
    outer loop
      vertex -14 131.326 54.229
      vertex -18 129.899 55.8995
      vertex -14 129.899 55.8995
    endloop
  endfacet
  facet normal 0 0.760348 0.649516
    outer loop
      vertex -18 129.899 55.8995
      vertex -14 131.326 54.229
      vertex -18 131.326 54.229
    endloop
  endfacet
  facet normal -0 0.233442 0.972371
    outer loop
      vertex -18 124.326 59.3148
      vertex -14 122.19 59.8276
      vertex -14 124.326 59.3148
    endloop
  endfacet
  facet normal 0 0.233442 0.972371
    outer loop
      vertex -14 122.19 59.8276
      vertex -18 124.326 59.3148
      vertex -18 122.19 59.8276
    endloop
  endfacet
  facet normal 0 0.649549 -0.760319
    outer loop
      vertex -18 128.229 34.6738
      vertex -14 129.899 36.1005
      vertex -14 128.229 34.6738
    endloop
  endfacet
  facet normal 0 0.649549 -0.760319
    outer loop
      vertex -14 129.899 36.1005
      vertex -18 128.229 34.6738
      vertex -18 129.899 36.1005
    endloop
  endfacet
  facet normal 0 0.923836 -0.382789
    outer loop
      vertex -14 132.474 39.6441
      vertex -18 133.315 41.6738
      vertex -14 133.315 41.6738
    endloop
  endfacet
  facet normal 0 0.923836 -0.382789
    outer loop
      vertex -18 133.315 41.6738
      vertex -14 132.474 39.6441
      vertex -18 132.474 39.6441
    endloop
  endfacet
  facet normal 0 -0.52254 0.852615
    outer loop
      vertex -18 113.644 58.4741
      vertex -14 111.771 57.3262
      vertex -14 113.644 58.4741
    endloop
  endfacet
  facet normal 0 -0.52254 0.852615
    outer loop
      vertex -14 111.771 57.3262
      vertex -18 113.644 58.4741
      vertex -18 111.771 57.3262
    endloop
  endfacet
  facet normal 0 -0.760348 -0.649516
    outer loop
      vertex -18 110.101 36.1005
      vertex -14 108.674 37.771
      vertex -18 108.674 37.771
    endloop
  endfacet
  facet normal 0 -0.760348 -0.649516
    outer loop
      vertex -14 108.674 37.771
      vertex -18 110.101 36.1005
      vertex -14 110.101 36.1005
    endloop
  endfacet
  facet normal 0 -0.852607 -0.522552
    outer loop
      vertex -18 108.674 37.771
      vertex -14 107.526 39.6441
      vertex -18 107.526 39.6441
    endloop
  endfacet
  facet normal 0 -0.852607 -0.522552
    outer loop
      vertex -14 107.526 39.6441
      vertex -18 108.674 37.771
      vertex -14 108.674 37.771
    endloop
  endfacet
  facet normal 0 -0.52254 -0.852615
    outer loop
      vertex -18 111.771 34.6738
      vertex -14 113.644 33.5259
      vertex -14 111.771 34.6738
    endloop
  endfacet
  facet normal -0 -0.52254 -0.852615
    outer loop
      vertex -14 113.644 33.5259
      vertex -18 111.771 34.6738
      vertex -18 113.644 33.5259
    endloop
  endfacet
  facet normal 0 0.852607 -0.522552
    outer loop
      vertex -14 131.326 37.771
      vertex -18 132.474 39.6441
      vertex -14 132.474 39.6441
    endloop
  endfacet
  facet normal 0 0.852607 -0.522552
    outer loop
      vertex -18 132.474 39.6441
      vertex -14 131.326 37.771
      vertex -18 131.326 37.771
    endloop
  endfacet
  facet normal 0 -0.99693 -0.0782941
    outer loop
      vertex -18 106.172 43.8099
      vertex -14 106 46
      vertex -18 106 46
    endloop
  endfacet
  facet normal 0 -0.99693 -0.0782941
    outer loop
      vertex -14 106 46
      vertex -18 106.172 43.8099
      vertex -14 106.172 43.8099
    endloop
  endfacet
  facet normal 0 0.972353 0.233518
    outer loop
      vertex -14 133.828 48.1901
      vertex -18 133.315 50.3262
      vertex -14 133.315 50.3262
    endloop
  endfacet
  facet normal 0 0.972353 0.233518
    outer loop
      vertex -18 133.315 50.3262
      vertex -14 133.828 48.1901
      vertex -18 133.828 48.1901
    endloop
  endfacet
  facet normal 0 0.99693 0.0782941
    outer loop
      vertex -14 134 46
      vertex -18 133.828 48.1901
      vertex -14 133.828 48.1901
    endloop
  endfacet
  facet normal 0 0.99693 0.0782941
    outer loop
      vertex -18 133.828 48.1901
      vertex -14 134 46
      vertex -18 134 46
    endloop
  endfacet
  facet normal -0 0.649549 0.760319
    outer loop
      vertex -18 129.899 55.8995
      vertex -14 128.229 57.3262
      vertex -14 129.899 55.8995
    endloop
  endfacet
  facet normal 0 0.649549 0.760319
    outer loop
      vertex -14 128.229 57.3262
      vertex -18 129.899 55.8995
      vertex -18 128.229 57.3262
    endloop
  endfacet
  facet normal 0 -0.649549 0.760319
    outer loop
      vertex -18 111.771 57.3262
      vertex -14 110.101 55.8995
      vertex -14 111.771 57.3262
    endloop
  endfacet
  facet normal 0 -0.649549 0.760319
    outer loop
      vertex -14 110.101 55.8995
      vertex -18 111.771 57.3262
      vertex -18 110.101 55.8995
    endloop
  endfacet
  facet normal 0 0.52254 -0.852615
    outer loop
      vertex -18 126.356 33.5259
      vertex -14 128.229 34.6738
      vertex -14 126.356 33.5259
    endloop
  endfacet
  facet normal 0 0.52254 -0.852615
    outer loop
      vertex -14 128.229 34.6738
      vertex -18 126.356 33.5259
      vertex -18 128.229 34.6738
    endloop
  endfacet
  facet normal 0 0.972353 -0.233518
    outer loop
      vertex -14 133.315 41.6738
      vertex -18 133.828 43.8099
      vertex -14 133.828 43.8099
    endloop
  endfacet
  facet normal 0 0.972353 -0.233518
    outer loop
      vertex -18 133.828 43.8099
      vertex -14 133.315 41.6738
      vertex -18 133.315 41.6738
    endloop
  endfacet
  facet normal 0 -0.649549 -0.760319
    outer loop
      vertex -18 110.101 36.1005
      vertex -14 111.771 34.6738
      vertex -14 110.101 36.1005
    endloop
  endfacet
  facet normal -0 -0.649549 -0.760319
    outer loop
      vertex -14 111.771 34.6738
      vertex -18 110.101 36.1005
      vertex -18 111.771 34.6738
    endloop
  endfacet
  facet normal 0 0.382624 -0.923904
    outer loop
      vertex -18 124.326 32.6852
      vertex -14 126.356 33.5259
      vertex -14 124.326 32.6852
    endloop
  endfacet
  facet normal 0 0.382624 -0.923904
    outer loop
      vertex -14 126.356 33.5259
      vertex -18 124.326 32.6852
      vertex -18 126.356 33.5259
    endloop
  endfacet
  facet normal 0 0.852607 0.522552
    outer loop
      vertex -14 132.474 52.3559
      vertex -18 131.326 54.229
      vertex -14 131.326 54.229
    endloop
  endfacet
  facet normal 0 0.852607 0.522552
    outer loop
      vertex -18 131.326 54.229
      vertex -14 132.474 52.3559
      vertex -18 132.474 52.3559
    endloop
  endfacet
  facet normal 0 -0.972353 0.233518
    outer loop
      vertex -18 106.172 48.1901
      vertex -14 106.685 50.3262
      vertex -18 106.685 50.3262
    endloop
  endfacet
  facet normal 0 -0.972353 0.233518
    outer loop
      vertex -14 106.685 50.3262
      vertex -18 106.172 48.1901
      vertex -14 106.172 48.1901
    endloop
  endfacet
  facet normal 0 -0.382624 0.923904
    outer loop
      vertex -18 115.674 59.3148
      vertex -14 113.644 58.4741
      vertex -14 115.674 59.3148
    endloop
  endfacet
  facet normal 0 -0.382624 0.923904
    outer loop
      vertex -14 113.644 58.4741
      vertex -18 115.674 59.3148
      vertex -18 113.644 58.4741
    endloop
  endfacet
  facet normal -1 -0 0
    outer loop
      vertex -18 133.315 41.6738
      vertex -18 120.421 37.5163
      vertex -18 133.828 43.8099
    endloop
  endfacet
  facet normal -1 0 0
    outer loop
      vertex -18 134 46
      vertex -18 121.016 55.079
      vertex -18 121.1 55.5
    endloop
  endfacet
  facet normal -1 -0 0
    outer loop
      vertex -18 133.828 43.8099
      vertex -18 120.421 37.5163
      vertex -18 134 46
    endloop
  endfacet
  facet normal -1 0 0
    outer loop
      vertex -18 134 46
      vertex -18 120.778 54.7222
      vertex -18 121.016 55.079
    endloop
  endfacet
  facet normal -1 0 0
    outer loop
      vertex -18 120.421 54.4837
      vertex -18 134 46
      vertex -18 120.421 37.5163
    endloop
  endfacet
  facet normal -1 0 0
    outer loop
      vertex -18 134 46
      vertex -18 120.421 54.4837
      vertex -18 120.778 54.7222
    endloop
  endfacet
  facet normal -1 0 0
    outer loop
      vertex -18 120 37.6
      vertex -18 120.421 54.4837
      vertex -18 120.421 37.5163
    endloop
  endfacet
  facet normal -1 0 0
    outer loop
      vertex -18 120 37.6
      vertex -18 120 54.4
      vertex -18 120.421 54.4837
    endloop
  endfacet
  facet normal -1 0 0
    outer loop
      vertex -18 119.579 37.5163
      vertex -18 120 54.4
      vertex -18 120 37.6
    endloop
  endfacet
  facet normal -1 0 0
    outer loop
      vertex -18 119.579 37.5163
      vertex -18 119.579 54.4837
      vertex -18 120 54.4
    endloop
  endfacet
  facet normal -1 0 0
    outer loop
      vertex -18 106.685 41.6738
      vertex -18 119.579 37.5163
      vertex -18 119.222 37.2778
    endloop
  endfacet
  facet normal -1 0 0
    outer loop
      vertex -18 119.579 37.5163
      vertex -18 106 46
      vertex -18 119.579 54.4837
    endloop
  endfacet
  facet normal -1 0 0
    outer loop
      vertex -18 110.101 36.1005
      vertex -18 119.222 37.2778
      vertex -18 118.984 36.921
    endloop
  endfacet
  facet normal -1 0 -0
    outer loop
      vertex -18 106.172 48.1901
      vertex -18 119.579 54.4837
      vertex -18 106 46
    endloop
  endfacet
  facet normal -1 0 0
    outer loop
      vertex -18 111.771 34.6738
      vertex -18 118.984 36.921
      vertex -18 118.9 36.5
    endloop
  endfacet
  facet normal -1 0 -0
    outer loop
      vertex -18 106.685 50.3262
      vertex -18 119.579 54.4837
      vertex -18 106.172 48.1901
    endloop
  endfacet
  facet normal -1 -0 0
    outer loop
      vertex -18 132.474 39.6441
      vertex -18 120.778 37.2778
      vertex -18 133.315 41.6738
    endloop
  endfacet
  facet normal -1 -0 0
    outer loop
      vertex -18 131.326 37.771
      vertex -18 120.778 37.2778
      vertex -18 132.474 39.6441
    endloop
  endfacet
  facet normal -1 0 0
    outer loop
      vertex -18 120.421 37.5163
      vertex -18 133.315 41.6738
      vertex -18 120.778 37.2778
    endloop
  endfacet
  facet normal -1 0 0
    outer loop
      vertex -18 129.899 36.1005
      vertex -18 120.778 37.2778
      vertex -18 131.326 37.771
    endloop
  endfacet
  facet normal -1 0 0
    outer loop
      vertex -18 134 46
      vertex -18 121.1 55.5
      vertex -18 133.828 48.1901
    endloop
  endfacet
  facet normal -1 0 0
    outer loop
      vertex -18 120.778 37.2778
      vertex -18 129.899 36.1005
      vertex -18 121.016 36.921
    endloop
  endfacet
  facet normal -1 0 0
    outer loop
      vertex -18 133.828 48.1901
      vertex -18 121.1 55.5
      vertex -18 133.315 50.3262
    endloop
  endfacet
  facet normal -1 0 0
    outer loop
      vertex -18 128.229 34.6738
      vertex -18 121.016 36.921
      vertex -18 129.899 36.1005
    endloop
  endfacet
  facet normal -1 0 0
    outer loop
      vertex -18 133.315 50.3262
      vertex -18 121.1 55.5
      vertex -18 132.474 52.3559
    endloop
  endfacet
  facet normal -1 0 0
    outer loop
      vertex -18 121.016 36.921
      vertex -18 128.229 34.6738
      vertex -18 121.1 36.5
    endloop
  endfacet
  facet normal -1 0 0
    outer loop
      vertex -18 132.474 52.3559
      vertex -18 121.1 55.5
      vertex -18 131.326 54.229
    endloop
  endfacet
  facet normal -1 0 0
    outer loop
      vertex -18 121.1 36.5
      vertex -18 128.229 34.6738
      vertex -18 126.356 33.5259
    endloop
  endfacet
  facet normal -1 0 0
    outer loop
      vertex -18 131.326 54.229
      vertex -18 121.1 55.5
      vertex -18 129.899 55.8995
    endloop
  endfacet
  facet normal -1 0 0
    outer loop
      vertex -18 121.1 36.5
      vertex -18 126.356 33.5259
      vertex -18 124.326 32.6852
    endloop
  endfacet
  facet normal -1 -0 0
    outer loop
      vertex -18 129.899 55.8995
      vertex -18 121.1 55.5
      vertex -18 128.229 57.3262
    endloop
  endfacet
  facet normal -1 0 0
    outer loop
      vertex -18 120.778 35.7222
      vertex -18 124.326 32.6852
      vertex -18 122.19 32.1724
    endloop
  endfacet
  facet normal -1 -0 0
    outer loop
      vertex -18 128.229 57.3262
      vertex -18 121.1 55.5
      vertex -18 126.356 58.4741
    endloop
  endfacet
  facet normal -1 -0 0
    outer loop
      vertex -18 126.356 58.4741
      vertex -18 121.1 55.5
      vertex -18 124.326 59.3148
    endloop
  endfacet
  facet normal -1 0 0
    outer loop
      vertex -18 124.326 32.6852
      vertex -18 121.016 36.079
      vertex -18 121.1 36.5
    endloop
  endfacet
  facet normal -1 0 0
    outer loop
      vertex -18 124.326 32.6852
      vertex -18 120.778 35.7222
      vertex -18 121.016 36.079
    endloop
  endfacet
  facet normal -1 0 0
    outer loop
      vertex -18 122.19 32.1724
      vertex -18 120.421 35.4837
      vertex -18 120.778 35.7222
    endloop
  endfacet
  facet normal -1 0 0
    outer loop
      vertex -18 120 32
      vertex -18 120.421 35.4837
      vertex -18 122.19 32.1724
    endloop
  endfacet
  facet normal -1 0 0
    outer loop
      vertex -18 120 32
      vertex -18 120 35.4
      vertex -18 120.421 35.4837
    endloop
  endfacet
  facet normal -1 0 0
    outer loop
      vertex -18 120 32
      vertex -18 119.579 35.4837
      vertex -18 120 35.4
    endloop
  endfacet
  facet normal -1 0 0
    outer loop
      vertex -18 117.81 32.1724
      vertex -18 119.579 35.4837
      vertex -18 120 32
    endloop
  endfacet
  facet normal -1 -0 0
    outer loop
      vertex -18 119.579 35.4837
      vertex -18 117.81 32.1724
      vertex -18 119.222 35.7222
    endloop
  endfacet
  facet normal -1 -0 0
    outer loop
      vertex -18 118.984 36.079
      vertex -18 115.674 32.6852
      vertex -18 118.9 36.5
    endloop
  endfacet
  facet normal -1 -0 0
    outer loop
      vertex -18 119.222 35.7222
      vertex -18 115.674 32.6852
      vertex -18 118.984 36.079
    endloop
  endfacet
  facet normal -1 0 0
    outer loop
      vertex -18 115.674 32.6852
      vertex -18 119.222 35.7222
      vertex -18 117.81 32.1724
    endloop
  endfacet
  facet normal -1 0 0
    outer loop
      vertex -18 121.016 55.921
      vertex -18 124.326 59.3148
      vertex -18 121.1 55.5
    endloop
  endfacet
  facet normal -1 0 0
    outer loop
      vertex -18 120.778 56.2778
      vertex -18 124.326 59.3148
      vertex -18 121.016 55.921
    endloop
  endfacet
  facet normal -1 -0 0
    outer loop
      vertex -18 124.326 59.3148
      vertex -18 120.778 56.2778
      vertex -18 122.19 59.8276
    endloop
  endfacet
  facet normal -1 0 0
    outer loop
      vertex -18 120.421 56.5163
      vertex -18 122.19 59.8276
      vertex -18 120.778 56.2778
    endloop
  endfacet
  facet normal -1 0 0
    outer loop
      vertex -18 120 60
      vertex -18 120.421 56.5163
      vertex -18 120 56.6
    endloop
  endfacet
  facet normal -1 0 0
    outer loop
      vertex -18 120.421 56.5163
      vertex -18 120 60
      vertex -18 122.19 59.8276
    endloop
  endfacet
  facet normal -1 0 0
    outer loop
      vertex -18 119.579 56.5163
      vertex -18 120 60
      vertex -18 120 56.6
    endloop
  endfacet
  facet normal -1 0 0
    outer loop
      vertex -18 117.81 59.8276
      vertex -18 119.579 56.5163
      vertex -18 119.222 56.2778
    endloop
  endfacet
  facet normal -1 0 0
    outer loop
      vertex -18 115.674 59.3148
      vertex -18 119.222 56.2778
      vertex -18 118.984 55.921
    endloop
  endfacet
  facet normal -1 0 0
    outer loop
      vertex -18 119.579 56.5163
      vertex -18 117.81 59.8276
      vertex -18 120 60
    endloop
  endfacet
  facet normal -1 0 0
    outer loop
      vertex -18 115.674 59.3148
      vertex -18 118.984 55.921
      vertex -18 118.9 55.5
    endloop
  endfacet
  facet normal -1 0 0
    outer loop
      vertex -18 113.644 33.5259
      vertex -18 118.9 36.5
      vertex -18 115.674 32.6852
    endloop
  endfacet
  facet normal -1 0 0
    outer loop
      vertex -18 111.771 34.6738
      vertex -18 118.9 36.5
      vertex -18 113.644 33.5259
    endloop
  endfacet
  facet normal -1 0 0
    outer loop
      vertex -18 119.222 56.2778
      vertex -18 115.674 59.3148
      vertex -18 117.81 59.8276
    endloop
  endfacet
  facet normal -1 0 0
    outer loop
      vertex -18 118.984 36.921
      vertex -18 111.771 34.6738
      vertex -18 110.101 36.1005
    endloop
  endfacet
  facet normal -1 0 0
    outer loop
      vertex -18 118.9 55.5
      vertex -18 113.644 58.4741
      vertex -18 115.674 59.3148
    endloop
  endfacet
  facet normal -1 -0 0
    outer loop
      vertex -18 119.222 37.2778
      vertex -18 110.101 36.1005
      vertex -18 108.674 37.771
    endloop
  endfacet
  facet normal -1 0 0
    outer loop
      vertex -18 118.9 55.5
      vertex -18 111.771 57.3262
      vertex -18 113.644 58.4741
    endloop
  endfacet
  facet normal -1 0 0
    outer loop
      vertex -18 119.222 37.2778
      vertex -18 108.674 37.771
      vertex -18 107.526 39.6441
    endloop
  endfacet
  facet normal -1 0 0
    outer loop
      vertex -18 118.984 55.079
      vertex -18 111.771 57.3262
      vertex -18 118.9 55.5
    endloop
  endfacet
  facet normal -1 0 0
    outer loop
      vertex -18 119.222 37.2778
      vertex -18 107.526 39.6441
      vertex -18 106.685 41.6738
    endloop
  endfacet
  facet normal -1 0 -0
    outer loop
      vertex -18 111.771 57.3262
      vertex -18 118.984 55.079
      vertex -18 110.101 55.8995
    endloop
  endfacet
  facet normal -1 0 0
    outer loop
      vertex -18 119.579 37.5163
      vertex -18 106.685 41.6738
      vertex -18 106.172 43.8099
    endloop
  endfacet
  facet normal -1 0 0
    outer loop
      vertex -18 119.222 54.7222
      vertex -18 110.101 55.8995
      vertex -18 118.984 55.079
    endloop
  endfacet
  facet normal -1 0 0
    outer loop
      vertex -18 119.579 37.5163
      vertex -18 106.172 43.8099
      vertex -18 106 46
    endloop
  endfacet
  facet normal -1 0 -0
    outer loop
      vertex -18 110.101 55.8995
      vertex -18 119.222 54.7222
      vertex -18 108.674 54.229
    endloop
  endfacet
  facet normal -1 -0 0
    outer loop
      vertex -18 119.579 54.4837
      vertex -18 106.685 50.3262
      vertex -18 119.222 54.7222
    endloop
  endfacet
  facet normal -1 0 -0
    outer loop
      vertex -18 108.674 54.229
      vertex -18 119.222 54.7222
      vertex -18 107.526 52.3559
    endloop
  endfacet
  facet normal -1 0 -0
    outer loop
      vertex -18 107.526 52.3559
      vertex -18 119.222 54.7222
      vertex -18 106.685 50.3262
    endloop
  endfacet
  facet normal 0 -0.852607 0.522552
    outer loop
      vertex -18 107.526 52.3559
      vertex -14 108.674 54.229
      vertex -18 108.674 54.229
    endloop
  endfacet
  facet normal 0 -0.852607 0.522552
    outer loop
      vertex -14 108.674 54.229
      vertex -18 107.526 52.3559
      vertex -14 107.526 52.3559
    endloop
  endfacet
  facet normal 1 0 0
    outer loop
      vertex -14 128.229 34.6738
      vertex -14 121.016 36.921
      vertex -14 121.1 36.5
    endloop
  endfacet
  facet normal 1 0 0
    outer loop
      vertex -14 120.778 37.2778
      vertex -14 121.736 42.3961
      vertex -14 120.89 42.1003
    endloop
  endfacet
  facet normal 1 0 0
    outer loop
      vertex -14 121.736 42.3961
      vertex -14 120.778 37.2778
      vertex -14 121.016 36.921
    endloop
  endfacet
  facet normal 1 0 0
    outer loop
      vertex -14 120.89 42.1003
      vertex -14 120.421 37.5163
      vertex -14 120.778 37.2778
    endloop
  endfacet
  facet normal 1 -0 0
    outer loop
      vertex -14 120 42
      vertex -14 120.421 37.5163
      vertex -14 120.89 42.1003
    endloop
  endfacet
  facet normal 1 0 0
    outer loop
      vertex -14 120 42
      vertex -14 120 37.6
      vertex -14 120.421 37.5163
    endloop
  endfacet
  facet normal 1 0 0
    outer loop
      vertex -14 120 42
      vertex -14 119.579 37.5163
      vertex -14 120 37.6
    endloop
  endfacet
  facet normal 1 0 0
    outer loop
      vertex -14 119.11 42.1003
      vertex -14 119.579 37.5163
      vertex -14 120 42
    endloop
  endfacet
  facet normal 1 0 0
    outer loop
      vertex -14 119.579 37.5163
      vertex -14 119.11 42.1003
      vertex -14 119.222 37.2778
    endloop
  endfacet
  facet normal 1 0 0
    outer loop
      vertex -14 118.264 42.3961
      vertex -14 119.222 37.2778
      vertex -14 119.11 42.1003
    endloop
  endfacet
  facet normal 1 0 0
    outer loop
      vertex -14 119.222 37.2778
      vertex -14 118.264 42.3961
      vertex -14 118.984 36.921
    endloop
  endfacet
  facet normal 1 0 0
    outer loop
      vertex -14 117.506 42.8727
      vertex -14 118.984 36.921
      vertex -14 118.264 42.3961
    endloop
  endfacet
  facet normal 1 0 0
    outer loop
      vertex -14 124 46
      vertex -14 134 46
      vertex -14 133.828 48.1901
    endloop
  endfacet
  facet normal 1 0 0
    outer loop
      vertex -14 123.9 46.8901
      vertex -14 133.828 48.1901
      vertex -14 133.315 50.3262
    endloop
  endfacet
  facet normal 1 0 0
    outer loop
      vertex -14 134 46
      vertex -14 124 46
      vertex -14 133.828 43.8099
    endloop
  endfacet
  facet normal 1 0 0
    outer loop
      vertex -14 123.604 47.7355
      vertex -14 133.315 50.3262
      vertex -14 132.474 52.3559
    endloop
  endfacet
  facet normal 1 -0 0
    outer loop
      vertex -14 123.9 45.1099
      vertex -14 133.828 43.8099
      vertex -14 124 46
    endloop
  endfacet
  facet normal 1 0 0
    outer loop
      vertex -14 123.604 47.7355
      vertex -14 132.474 52.3559
      vertex -14 131.326 54.229
    endloop
  endfacet
  facet normal 1 0 0
    outer loop
      vertex -14 133.828 43.8099
      vertex -14 123.9 45.1099
      vertex -14 133.315 41.6738
    endloop
  endfacet
  facet normal 1 0 0
    outer loop
      vertex -14 123.127 48.494
      vertex -14 131.326 54.229
      vertex -14 129.899 55.8995
    endloop
  endfacet
  facet normal 1 -0 0
    outer loop
      vertex -14 123.604 44.2645
      vertex -14 133.315 41.6738
      vertex -14 123.9 45.1099
    endloop
  endfacet
  facet normal 1 0 0
    outer loop
      vertex -14 122.494 49.1273
      vertex -14 129.899 55.8995
      vertex -14 128.229 57.3262
    endloop
  endfacet
  facet normal 1 0 0
    outer loop
      vertex -14 133.315 41.6738
      vertex -14 123.604 44.2645
      vertex -14 132.474 39.6441
    endloop
  endfacet
  facet normal 1 0 0
    outer loop
      vertex -14 121.016 55.079
      vertex -14 128.229 57.3262
      vertex -14 126.356 58.4741
    endloop
  endfacet
  facet normal 1 0 0
    outer loop
      vertex -14 132.474 39.6441
      vertex -14 123.604 44.2645
      vertex -14 131.326 37.771
    endloop
  endfacet
  facet normal 1 0 0
    outer loop
      vertex -14 121.1 55.5
      vertex -14 126.356 58.4741
      vertex -14 124.326 59.3148
    endloop
  endfacet
  facet normal 1 -0 0
    outer loop
      vertex -14 123.127 43.506
      vertex -14 131.326 37.771
      vertex -14 123.604 44.2645
    endloop
  endfacet
  facet normal 1 0 0
    outer loop
      vertex -14 131.326 37.771
      vertex -14 123.127 43.506
      vertex -14 129.899 36.1005
    endloop
  endfacet
  facet normal 1 0 0
    outer loop
      vertex -14 133.828 48.1901
      vertex -14 123.9 46.8901
      vertex -14 124 46
    endloop
  endfacet
  facet normal 1 0 0
    outer loop
      vertex -14 133.315 50.3262
      vertex -14 123.604 47.7355
      vertex -14 123.9 46.8901
    endloop
  endfacet
  facet normal 1 0 0
    outer loop
      vertex -14 131.326 54.229
      vertex -14 123.127 48.494
      vertex -14 123.604 47.7355
    endloop
  endfacet
  facet normal 1 0 0
    outer loop
      vertex -14 129.899 55.8995
      vertex -14 122.494 49.1273
      vertex -14 123.127 48.494
    endloop
  endfacet
  facet normal 1 0 0
    outer loop
      vertex -14 120.778 56.2778
      vertex -14 124.326 59.3148
      vertex -14 122.19 59.8276
    endloop
  endfacet
  facet normal 1 0 0
    outer loop
      vertex -14 126.356 58.4741
      vertex -14 121.1 55.5
      vertex -14 121.016 55.079
    endloop
  endfacet
  facet normal 1 0 0
    outer loop
      vertex -14 128.229 57.3262
      vertex -14 121.016 55.079
      vertex -14 122.494 49.1273
    endloop
  endfacet
  facet normal 1 0 0
    outer loop
      vertex -14 124.326 59.3148
      vertex -14 121.016 55.921
      vertex -14 121.1 55.5
    endloop
  endfacet
  facet normal 1 0 0
    outer loop
      vertex -14 124.326 59.3148
      vertex -14 120.778 56.2778
      vertex -14 121.016 55.921
    endloop
  endfacet
  facet normal 1 0 0
    outer loop
      vertex -14 122.19 59.8276
      vertex -14 120.421 56.5163
      vertex -14 120.778 56.2778
    endloop
  endfacet
  facet normal 1 0 0
    outer loop
      vertex -14 120 60
      vertex -14 120.421 56.5163
      vertex -14 122.19 59.8276
    endloop
  endfacet
  facet normal 1 0 0
    outer loop
      vertex -14 120 60
      vertex -14 120 56.6
      vertex -14 120.421 56.5163
    endloop
  endfacet
  facet normal 1 0 0
    outer loop
      vertex -14 120 60
      vertex -14 119.579 56.5163
      vertex -14 120 56.6
    endloop
  endfacet
  facet normal 1 -0 0
    outer loop
      vertex -14 117.81 59.8276
      vertex -14 119.579 56.5163
      vertex -14 120 60
    endloop
  endfacet
  facet normal 1 0 0
    outer loop
      vertex -14 119.579 56.5163
      vertex -14 117.81 59.8276
      vertex -14 119.222 56.2778
    endloop
  endfacet
  facet normal 1 -0 0
    outer loop
      vertex -14 115.674 59.3148
      vertex -14 119.222 56.2778
      vertex -14 117.81 59.8276
    endloop
  endfacet
  facet normal 1 0 0
    outer loop
      vertex -14 119.222 56.2778
      vertex -14 115.674 59.3148
      vertex -14 118.984 55.921
    endloop
  endfacet
  facet normal 1 0 0
    outer loop
      vertex -14 118.984 55.921
      vertex -14 115.674 59.3148
      vertex -14 118.9 55.5
    endloop
  endfacet
  facet normal 1 -0 0
    outer loop
      vertex -14 113.644 58.4741
      vertex -14 118.9 55.5
      vertex -14 115.674 59.3148
    endloop
  endfacet
  facet normal 1 -0 0
    outer loop
      vertex -14 111.771 57.3262
      vertex -14 118.9 55.5
      vertex -14 113.644 58.4741
    endloop
  endfacet
  facet normal 1 0 -0
    outer loop
      vertex -14 117.506 49.1273
      vertex -14 118.9 55.5
      vertex -14 111.771 57.3262
    endloop
  endfacet
  facet normal 1 0 0
    outer loop
      vertex -14 118.9 55.5
      vertex -14 117.506 49.1273
      vertex -14 118.264 49.6039
    endloop
  endfacet
  facet normal 1 0 0
    outer loop
      vertex -14 117.506 49.1273
      vertex -14 110.101 55.8995
      vertex -14 116.873 48.494
    endloop
  endfacet
  facet normal 1 -0 0
    outer loop
      vertex -14 110.101 55.8995
      vertex -14 117.506 49.1273
      vertex -14 111.771 57.3262
    endloop
  endfacet
  facet normal 1 -0 0
    outer loop
      vertex -14 122.494 42.8727
      vertex -14 129.899 36.1005
      vertex -14 123.127 43.506
    endloop
  endfacet
  facet normal 1 0 0
    outer loop
      vertex -14 129.899 36.1005
      vertex -14 122.494 42.8727
      vertex -14 128.229 34.6738
    endloop
  endfacet
  facet normal 1 -0 0
    outer loop
      vertex -14 121.016 36.921
      vertex -14 128.229 34.6738
      vertex -14 122.494 42.8727
    endloop
  endfacet
  facet normal 1 0 0
    outer loop
      vertex -14 128.229 34.6738
      vertex -14 121.1 36.5
      vertex -14 126.356 33.5259
    endloop
  endfacet
  facet normal 1 0 0
    outer loop
      vertex -14 126.356 33.5259
      vertex -14 121.1 36.5
      vertex -14 124.326 32.6852
    endloop
  endfacet
  facet normal 1 0 0
    outer loop
      vertex -14 121.016 36.921
      vertex -14 122.494 42.8727
      vertex -14 121.736 42.3961
    endloop
  endfacet
  facet normal 1 -0 0
    outer loop
      vertex -14 121.016 36.079
      vertex -14 124.326 32.6852
      vertex -14 121.1 36.5
    endloop
  endfacet
  facet normal 1 -0 0
    outer loop
      vertex -14 120.778 35.7222
      vertex -14 124.326 32.6852
      vertex -14 121.016 36.079
    endloop
  endfacet
  facet normal 1 0 0
    outer loop
      vertex -14 124.326 32.6852
      vertex -14 120.778 35.7222
      vertex -14 122.19 32.1724
    endloop
  endfacet
  facet normal 1 -0 0
    outer loop
      vertex -14 120.421 35.4837
      vertex -14 122.19 32.1724
      vertex -14 120.778 35.7222
    endloop
  endfacet
  facet normal 1 0 0
    outer loop
      vertex -14 120 32
      vertex -14 120.421 35.4837
      vertex -14 120 35.4
    endloop
  endfacet
  facet normal 1 0 0
    outer loop
      vertex -14 120.421 35.4837
      vertex -14 120 32
      vertex -14 122.19 32.1724
    endloop
  endfacet
  facet normal 1 0 0
    outer loop
      vertex -14 119.579 35.4837
      vertex -14 120 32
      vertex -14 120 35.4
    endloop
  endfacet
  facet normal 1 0 0
    outer loop
      vertex -14 117.81 32.1724
      vertex -14 119.579 35.4837
      vertex -14 119.222 35.7222
    endloop
  endfacet
  facet normal 1 0 0
    outer loop
      vertex -14 115.674 32.6852
      vertex -14 119.222 35.7222
      vertex -14 118.984 36.079
    endloop
  endfacet
  facet normal 1 0 0
    outer loop
      vertex -14 119.579 35.4837
      vertex -14 117.81 32.1724
      vertex -14 120 32
    endloop
  endfacet
  facet normal 1 0 0
    outer loop
      vertex -14 115.674 32.6852
      vertex -14 118.984 36.079
      vertex -14 118.9 36.5
    endloop
  endfacet
  facet normal 1 0 0
    outer loop
      vertex -14 111.771 34.6738
      vertex -14 118.984 36.921
      vertex -14 117.506 42.8727
    endloop
  endfacet
  facet normal 1 0 0
    outer loop
      vertex -14 118.984 36.921
      vertex -14 111.771 34.6738
      vertex -14 118.9 36.5
    endloop
  endfacet
  facet normal 1 0 0
    outer loop
      vertex -14 110.101 36.1005
      vertex -14 117.506 42.8727
      vertex -14 116.873 43.506
    endloop
  endfacet
  facet normal 1 0 0
    outer loop
      vertex -14 108.674 37.771
      vertex -14 116.873 43.506
      vertex -14 116.396 44.2645
    endloop
  endfacet
  facet normal 1 0 0
    outer loop
      vertex -14 106.685 41.6738
      vertex -14 116.396 44.2645
      vertex -14 116.1 45.1099
    endloop
  endfacet
  facet normal 1 0 0
    outer loop
      vertex -14 119.222 35.7222
      vertex -14 115.674 32.6852
      vertex -14 117.81 32.1724
    endloop
  endfacet
  facet normal 1 0 0
    outer loop
      vertex -14 106.172 43.8099
      vertex -14 116.1 45.1099
      vertex -14 116 46
    endloop
  endfacet
  facet normal 1 -0 0
    outer loop
      vertex -14 108.674 54.229
      vertex -14 116.873 48.494
      vertex -14 110.101 55.8995
    endloop
  endfacet
  facet normal 1 0 0
    outer loop
      vertex -14 116.873 48.494
      vertex -14 108.674 54.229
      vertex -14 116.396 47.7355
    endloop
  endfacet
  facet normal 1 0 0
    outer loop
      vertex -14 118.9 36.5
      vertex -14 113.644 33.5259
      vertex -14 115.674 32.6852
    endloop
  endfacet
  facet normal 1 -0 0
    outer loop
      vertex -14 107.526 52.3559
      vertex -14 116.396 47.7355
      vertex -14 108.674 54.229
    endloop
  endfacet
  facet normal 1 0 0
    outer loop
      vertex -14 118.9 36.5
      vertex -14 111.771 34.6738
      vertex -14 113.644 33.5259
    endloop
  endfacet
  facet normal 1 -0 0
    outer loop
      vertex -14 106.685 50.3262
      vertex -14 116.396 47.7355
      vertex -14 107.526 52.3559
    endloop
  endfacet
  facet normal 1 0 0
    outer loop
      vertex -14 117.506 42.8727
      vertex -14 110.101 36.1005
      vertex -14 111.771 34.6738
    endloop
  endfacet
  facet normal 1 0 0
    outer loop
      vertex -14 116.396 47.7355
      vertex -14 106.685 50.3262
      vertex -14 116.1 46.8901
    endloop
  endfacet
  facet normal 1 0 0
    outer loop
      vertex -14 116.873 43.506
      vertex -14 108.674 37.771
      vertex -14 110.101 36.1005
    endloop
  endfacet
  facet normal 1 -0 0
    outer loop
      vertex -14 106.172 48.1901
      vertex -14 116.1 46.8901
      vertex -14 106.685 50.3262
    endloop
  endfacet
  facet normal 1 0 0
    outer loop
      vertex -14 116.396 44.2645
      vertex -14 107.526 39.6441
      vertex -14 108.674 37.771
    endloop
  endfacet
  facet normal 1 0 0
    outer loop
      vertex -14 116.1 46.8901
      vertex -14 106.172 48.1901
      vertex -14 116 46
    endloop
  endfacet
  facet normal 1 0 0
    outer loop
      vertex -14 116.396 44.2645
      vertex -14 106.685 41.6738
      vertex -14 107.526 39.6441
    endloop
  endfacet
  facet normal 1 0 0
    outer loop
      vertex -14 106 46
      vertex -14 116 46
      vertex -14 106.172 48.1901
    endloop
  endfacet
  facet normal 1 0 0
    outer loop
      vertex -14 116.1 45.1099
      vertex -14 106.172 43.8099
      vertex -14 106.685 41.6738
    endloop
  endfacet
  facet normal 1 0 0
    outer loop
      vertex -14 116 46
      vertex -14 106 46
      vertex -14 106.172 43.8099
    endloop
  endfacet
  facet normal 1 0 0
    outer loop
      vertex -14 122.494 49.1273
      vertex -14 121.016 55.079
      vertex -14 121.736 49.6039
    endloop
  endfacet
  facet normal 1 -0 0
    outer loop
      vertex -14 120.778 54.7222
      vertex -14 121.736 49.6039
      vertex -14 121.016 55.079
    endloop
  endfacet
  facet normal 1 0 0
    outer loop
      vertex -14 121.736 49.6039
      vertex -14 120.778 54.7222
      vertex -14 120.89 49.8997
    endloop
  endfacet
  facet normal 1 -0 0
    outer loop
      vertex -14 120.421 54.4837
      vertex -14 120.89 49.8997
      vertex -14 120.778 54.7222
    endloop
  endfacet
  facet normal 1 0 0
    outer loop
      vertex -14 120 50
      vertex -14 120.421 54.4837
      vertex -14 120 54.4
    endloop
  endfacet
  facet normal 1 0 0
    outer loop
      vertex -14 120.421 54.4837
      vertex -14 120 50
      vertex -14 120.89 49.8997
    endloop
  endfacet
  facet normal 1 0 0
    outer loop
      vertex -14 119.579 54.4837
      vertex -14 120 50
      vertex -14 120 54.4
    endloop
  endfacet
  facet normal 1 0 0
    outer loop
      vertex -14 119.11 49.8997
      vertex -14 119.579 54.4837
      vertex -14 119.222 54.7222
    endloop
  endfacet
  facet normal 1 0 0
    outer loop
      vertex -14 119.579 54.4837
      vertex -14 119.11 49.8997
      vertex -14 120 50
    endloop
  endfacet
  facet normal 1 0 0
    outer loop
      vertex -14 118.264 49.6039
      vertex -14 119.222 54.7222
      vertex -14 118.984 55.079
    endloop
  endfacet
  facet normal 1 0 0
    outer loop
      vertex -14 118.264 49.6039
      vertex -14 118.984 55.079
      vertex -14 118.9 55.5
    endloop
  endfacet
  facet normal 1 0 0
    outer loop
      vertex -14 119.222 54.7222
      vertex -14 118.264 49.6039
      vertex -14 119.11 49.8997
    endloop
  endfacet
  facet normal 1 -0 0
    outer loop
      vertex 120 120.4 47
      vertex 120 184 44
      vertex 120 184 47
    endloop
  endfacet
  facet normal 1 0 0
    outer loop
      vertex 120 184 44
      vertex 120 120.4 47
      vertex 120 120.4 44
    endloop
  endfacet
  facet normal -0 0 1
    outer loop
      vertex 4 124.124 47
      vertex 116 123.861 47
      vertex 116 124.124 47
    endloop
  endfacet
  facet normal 0 0 1
    outer loop
      vertex 4 124.124 47
      vertex 0 123.861 47
      vertex 116 123.861 47
    endloop
  endfacet
  facet normal 0 0 1
    outer loop
      vertex 4 127.171 47
      vertex 0 123.861 47
      vertex 4 124.124 47
    endloop
  endfacet
  facet normal 0 0 1
    outer loop
      vertex 120 184 47
      vertex 116 127.171 47
      vertex 120 120.4 47
    endloop
  endfacet
  facet normal 0 0 1
    outer loop
      vertex 120 184 47
      vertex 4 127.171 47
      vertex 116 127.171 47
    endloop
  endfacet
  facet normal 0 0 1
    outer loop
      vertex 0 123.861 47
      vertex 4 127.171 47
      vertex 0 184 47
    endloop
  endfacet
  facet normal -0 0 1
    outer loop
      vertex 0 184 47
      vertex 4 127.171 47
      vertex 120 184 47
    endloop
  endfacet
  facet normal -0 0 1
    outer loop
      vertex 116 124.124 47
      vertex 120 120.4 47
      vertex 116 127.171 47
    endloop
  endfacet
  facet normal -0 0 1
    outer loop
      vertex 116 123.861 47
      vertex 120 120.4 47
      vertex 116 124.124 47
    endloop
  endfacet
  facet normal 0 0 1
    outer loop
      vertex 120 120.4 47
      vertex 116 123.861 47
      vertex 116 120.4 47
    endloop
  endfacet
  facet normal 0 0 -1
    outer loop
      vertex 116 123.438 44
      vertex 4 123.731 44
      vertex 116 123.731 44
    endloop
  endfacet
  facet normal -0 0 -1
    outer loop
      vertex 4 123.731 44
      vertex 0 123.438 44
      vertex 4 126.953 44
    endloop
  endfacet
  facet normal 0 0 -1
    outer loop
      vertex 0 123.438 44
      vertex 4 123.731 44
      vertex 116 123.438 44
    endloop
  endfacet
  facet normal 0 0 -1
    outer loop
      vertex 116 123.438 44
      vertex 120 120.4 44
      vertex 116 120.4 44
    endloop
  endfacet
  facet normal 0 0 -1
    outer loop
      vertex 116 123.731 44
      vertex 120 120.4 44
      vertex 116 123.438 44
    endloop
  endfacet
  facet normal 0 0 -1
    outer loop
      vertex 116 126.953 44
      vertex 120 120.4 44
      vertex 116 123.731 44
    endloop
  endfacet
  facet normal 0 0 -1
    outer loop
      vertex 120 120.4 44
      vertex 116 126.953 44
      vertex 120 184 44
    endloop
  endfacet
  facet normal 0 0 -1
    outer loop
      vertex 4 126.953 44
      vertex 120 184 44
      vertex 116 126.953 44
    endloop
  endfacet
  facet normal 0 0 -1
    outer loop
      vertex 4 126.953 44
      vertex 0 184 44
      vertex 120 184 44
    endloop
  endfacet
  facet normal 0 0 -1
    outer loop
      vertex 0 184 44
      vertex 4 126.953 44
      vertex 0 123.438 44
    endloop
  endfacet
  facet normal -1 0 0
    outer loop
      vertex 0 184 44
      vertex 0 124 46
      vertex 0 184 47
    endloop
  endfacet
  facet normal -1 0 0
    outer loop
      vertex 0 184 44
      vertex 0 123.9 45.1099
      vertex 0 124 46
    endloop
  endfacet
  facet normal -1 0 0
    outer loop
      vertex 0 184 44
      vertex 0 123.604 44.2645
      vertex 0 123.9 45.1099
    endloop
  endfacet
  facet normal -1 0 -0
    outer loop
      vertex 0 123.604 44.2645
      vertex 0 184 44
      vertex 0 123.438 44
    endloop
  endfacet
  facet normal -1 0 0
    outer loop
      vertex 0 123.9 46.8901
      vertex 0 184 47
      vertex 0 124 46
    endloop
  endfacet
  facet normal -1 -0 0
    outer loop
      vertex 0 184 47
      vertex 0 123.9 46.8901
      vertex 0 123.861 47
    endloop
  endfacet
  facet normal 0 1 -0
    outer loop
      vertex 120 184 44
      vertex 0 184 47
      vertex 120 184 47
    endloop
  endfacet
  facet normal 0 1 0
    outer loop
      vertex 0 184 47
      vertex 120 184 44
      vertex 0 184 44
    endloop
  endfacet
  facet normal 0 -1 0
    outer loop
      vertex 116 120.4 44
      vertex 120 120.4 47
      vertex 116 120.4 47
    endloop
  endfacet
  facet normal 0 -1 -0
    outer loop
      vertex 120 120.4 47
      vertex 116 120.4 44
      vertex 120 120.4 44
    endloop
  endfacet
  facet normal 0 -0.707274 0.706939
    outer loop
      vertex -14 116.873 48.494
      vertex 116 117.506 49.1273
      vertex -14 117.506 49.1273
    endloop
  endfacet
  facet normal 0 -0.707274 0.706939
    outer loop
      vertex 116 117.506 49.1273
      vertex -14 116.873 48.494
      vertex 116 116.873 48.494
    endloop
  endfacet
  facet normal 0 -0.111988 -0.99371
    outer loop
      vertex 3 119.11 42.1003
      vertex 116 120 42
      vertex 116 119.11 42.1003
    endloop
  endfacet
  facet normal -0 -0.111988 -0.99371
    outer loop
      vertex 116 120 42
      vertex 3 119.11 42.1003
      vertex 3 120 42
    endloop
  endfacet
  facet normal 0 -0.111988 -0.99371
    outer loop
      vertex -14 119.11 42.1003
      vertex 0 120 42
      vertex 0 119.11 42.1003
    endloop
  endfacet
  facet normal -0 -0.111988 -0.99371
    outer loop
      vertex 0 120 42
      vertex -14 119.11 42.1003
      vertex -14 120 42
    endloop
  endfacet
  facet normal 0 0.707274 -0.706939
    outer loop
      vertex 116 122.494 42.8727
      vertex -14 123.127 43.506
      vertex 116 123.127 43.506
    endloop
  endfacet
  facet normal 0 0.707274 -0.706939
    outer loop
      vertex -14 123.127 43.506
      vertex 116 122.494 42.8727
      vertex -14 122.494 42.8727
    endloop
  endfacet
  facet normal -0 0.944028 0.329864
    outer loop
      vertex 0 123.861 47
      vertex 116 123.604 47.7355
      vertex 116 123.861 47
    endloop
  endfacet
  facet normal 0 0.944028 0.329864
    outer loop
      vertex 116 123.604 47.7355
      vertex 0 123.861 47
      vertex -14 123.604 47.7355
    endloop
  endfacet
  facet normal -0 0.942419 0.334434
    outer loop
      vertex -14 123.9 46.8901
      vertex 0 123.861 47
      vertex 0 123.9 46.8901
    endloop
  endfacet
  facet normal 3.51034e-05 0.94382 0.33046
    outer loop
      vertex 0 123.861 47
      vertex -14 123.9 46.8901
      vertex -14 123.604 47.7355
    endloop
  endfacet
  facet normal 0 -0.993748 -0.111645
    outer loop
      vertex -14 116.1 45.1099
      vertex 116 116 46
      vertex -14 116 46
    endloop
  endfacet
  facet normal 0 -0.993748 -0.111645
    outer loop
      vertex 116 116 46
      vertex -14 116.1 45.1099
      vertex 116 116.1 45.1099
    endloop
  endfacet
  facet normal 0 0.846522 0.532354
    outer loop
      vertex 116 123.604 47.7355
      vertex -14 123.127 48.494
      vertex 116 123.127 48.494
    endloop
  endfacet
  facet normal 0 0.846522 0.532354
    outer loop
      vertex -14 123.127 48.494
      vertex 116 123.604 47.7355
      vertex -14 123.604 47.7355
    endloop
  endfacet
  facet normal 0 -0.330052 0.943963
    outer loop
      vertex -14 119.11 49.8997
      vertex 116 118.264 49.6039
      vertex 116 119.11 49.8997
    endloop
  endfacet
  facet normal 0 -0.330052 0.943963
    outer loop
      vertex 116 118.264 49.6039
      vertex -14 119.11 49.8997
      vertex -14 118.264 49.6039
    endloop
  endfacet
  facet normal 0 0.111988 -0.99371
    outer loop
      vertex 3 120 42
      vertex 116 120.89 42.1003
      vertex 116 120 42
    endloop
  endfacet
  facet normal 0 0.111988 -0.99371
    outer loop
      vertex -14 120.89 42.1003
      vertex 3 120 42
      vertex 0 120 42
    endloop
  endfacet
  facet normal 0 0.111988 -0.99371
    outer loop
      vertex -14 120.89 42.1003
      vertex 0 120 42
      vertex -14 120 42
    endloop
  endfacet
  facet normal 0 0.111988 -0.99371
    outer loop
      vertex 3 120 42
      vertex -14 120.89 42.1003
      vertex 116 120.89 42.1003
    endloop
  endfacet
  facet normal -0 -0.847007 -0.531581
    outer loop
      vertex 3 116.562 44
      vertex -14 116.396 44.2645
      vertex 0 116.562 44
    endloop
  endfacet
  facet normal -2.03679e-05 -0.846522 -0.532354
    outer loop
      vertex -14 116.873 43.506
      vertex 0 116.562 44
      vertex -14 116.396 44.2645
    endloop
  endfacet
  facet normal 0 -0.846261 -0.532768
    outer loop
      vertex 0 116.562 44
      vertex -14 116.873 43.506
      vertex 0 116.873 43.506
    endloop
  endfacet
  facet normal 0 -0.847007 -0.531581
    outer loop
      vertex -14 116.396 44.2645
      vertex 3 116.562 44
      vertex 116 116.396 44.2645
    endloop
  endfacet
  facet normal 3.87338e-06 -0.846261 -0.532768
    outer loop
      vertex 3 116.873 43.506
      vertex 116 116.396 44.2645
      vertex 3 116.562 44
    endloop
  endfacet
  facet normal 0 -0.846522 -0.532354
    outer loop
      vertex 116 116.396 44.2645
      vertex 3 116.873 43.506
      vertex 116 116.873 43.506
    endloop
  endfacet
  facet normal 0 0.94382 -0.33046
    outer loop
      vertex 0 123.604 44.2645
      vertex -14 123.9 45.1099
      vertex 0 123.9 45.1099
    endloop
  endfacet
  facet normal 0 0.94382 -0.33046
    outer loop
      vertex -14 123.9 45.1099
      vertex 0 123.604 44.2645
      vertex -14 123.604 44.2645
    endloop
  endfacet
  facet normal 1 0 0
    outer loop
      vertex 116 120.4 47
      vertex 116 123.604 47.7355
      vertex 116 123.127 48.494
    endloop
  endfacet
  facet normal 1 0 0
    outer loop
      vertex 116 120.4 47
      vertex 116 123.127 48.494
      vertex 116 122.494 49.1273
    endloop
  endfacet
  facet normal 1 0 0
    outer loop
      vertex 116 120.4 47
      vertex 116 122.494 49.1273
      vertex 116 121.736 49.6039
    endloop
  endfacet
  facet normal 1 0 0
    outer loop
      vertex 116 120.4 47
      vertex 116 121.736 49.6039
      vertex 116 120.89 49.8997
    endloop
  endfacet
  facet normal 1 0 0
    outer loop
      vertex 116 123.604 47.7355
      vertex 116 120.4 47
      vertex 116 123.861 47
    endloop
  endfacet
  facet normal 1 -0 0
    outer loop
      vertex 116 119.11 49.8997
      vertex 116 120.4 47
      vertex 116 120 50
    endloop
  endfacet
  facet normal 1 0 0
    outer loop
      vertex 116 120 50
      vertex 116 120.4 47
      vertex 116 120.89 49.8997
    endloop
  endfacet
  facet normal 1 -0 0
    outer loop
      vertex 116 120.4 44
      vertex 116 123.127 43.506
      vertex 116 123.438 44
    endloop
  endfacet
  facet normal 1 0 0
    outer loop
      vertex 116 123.127 43.506
      vertex 116 120.4 44
      vertex 116 122.494 42.8727
    endloop
  endfacet
  facet normal 1 0 0
    outer loop
      vertex 116 122.494 42.8727
      vertex 116 120.4 44
      vertex 116 121.736 42.3961
    endloop
  endfacet
  facet normal 1 0 0
    outer loop
      vertex 116 121.736 42.3961
      vertex 116 120.4 44
      vertex 116 120.89 42.1003
    endloop
  endfacet
  facet normal 1 0 0
    outer loop
      vertex 116 120.4 44
      vertex 116 120 42
      vertex 116 120.89 42.1003
    endloop
  endfacet
  facet normal 1 -0 0
    outer loop
      vertex 116 118.264 49.6039
      vertex 116 120.4 47
      vertex 116 119.11 49.8997
    endloop
  endfacet
  facet normal 1 -0 0
    outer loop
      vertex 116 117.506 49.1273
      vertex 116 120.4 47
      vertex 116 118.264 49.6039
    endloop
  endfacet
  facet normal 1 0 0
    outer loop
      vertex 116 120.4 44
      vertex 116 119.11 42.1003
      vertex 116 120 42
    endloop
  endfacet
  facet normal 1 -0 0
    outer loop
      vertex 116 116.873 48.494
      vertex 116 120.4 47
      vertex 116 117.506 49.1273
    endloop
  endfacet
  facet normal 1 0 0
    outer loop
      vertex 116 120.4 44
      vertex 116 118.264 42.3961
      vertex 116 119.11 42.1003
    endloop
  endfacet
  facet normal 1 -0 0
    outer loop
      vertex 116 116.396 47.7355
      vertex 116 120.4 47
      vertex 116 116.873 48.494
    endloop
  endfacet
  facet normal 1 0 0
    outer loop
      vertex 116 120.4 44
      vertex 116 117.506 42.8727
      vertex 116 118.264 42.3961
    endloop
  endfacet
  facet normal 1 0 0
    outer loop
      vertex 116 116.1 46.8901
      vertex 116 120.4 47
      vertex 116 116.396 47.7355
    endloop
  endfacet
  facet normal 1 0 0
    outer loop
      vertex 116 120.4 44
      vertex 116 116.873 43.506
      vertex 116 117.506 42.8727
    endloop
  endfacet
  facet normal 1 0 0
    outer loop
      vertex 116 116 46
      vertex 116 120.4 47
      vertex 116 116.1 46.8901
    endloop
  endfacet
  facet normal 1 0 0
    outer loop
      vertex 116 120.4 44
      vertex 116 116.396 44.2645
      vertex 116 116.873 43.506
    endloop
  endfacet
  facet normal 1 0 -0
    outer loop
      vertex 116 116.1 45.1099
      vertex 116 120.4 47
      vertex 116 116 46
    endloop
  endfacet
  facet normal 1 0 0
    outer loop
      vertex 116 120.4 44
      vertex 116 116.1 45.1099
      vertex 116 116.396 44.2645
    endloop
  endfacet
  facet normal 1 0 0
    outer loop
      vertex 116 120.4 47
      vertex 116 116.1 45.1099
      vertex 116 120.4 44
    endloop
  endfacet
  facet normal 0 -0.707274 -0.706939
    outer loop
      vertex 3 117.506 42.8727
      vertex 116 116.873 43.506
      vertex 3 116.873 43.506
    endloop
  endfacet
  facet normal 0 -0.707274 -0.706939
    outer loop
      vertex 116 116.873 43.506
      vertex 3 117.506 42.8727
      vertex 116 117.506 42.8727
    endloop
  endfacet
  facet normal 0 -0.707274 -0.706939
    outer loop
      vertex -14 117.506 42.8727
      vertex 0 116.873 43.506
      vertex -14 116.873 43.506
    endloop
  endfacet
  facet normal 0 -0.707274 -0.706939
    outer loop
      vertex 0 116.873 43.506
      vertex -14 117.506 42.8727
      vertex 0 117.506 42.8727
    endloop
  endfacet
  facet normal 0 -0.94382 -0.33046
    outer loop
      vertex -14 116.396 44.2645
      vertex 116 116.1 45.1099
      vertex -14 116.1 45.1099
    endloop
  endfacet
  facet normal 0 -0.94382 -0.33046
    outer loop
      vertex 116 116.1 45.1099
      vertex -14 116.396 44.2645
      vertex 116 116.396 44.2645
    endloop
  endfacet
  facet normal 0 0.846261 -0.532768
    outer loop
      vertex 116 123.438 44
      vertex 116 123.127 43.506
      vertex 0 123.438 44
    endloop
  endfacet
  facet normal 0 0.847007 -0.531581
    outer loop
      vertex 0 123.438 44
      vertex -14 123.604 44.2645
      vertex 0 123.604 44.2645
    endloop
  endfacet
  facet normal -2.03679e-05 0.846522 -0.532354
    outer loop
      vertex 0 123.438 44
      vertex -14 123.127 43.506
      vertex -14 123.604 44.2645
    endloop
  endfacet
  facet normal 0 0.846261 -0.532768
    outer loop
      vertex -14 123.127 43.506
      vertex 0 123.438 44
      vertex 116 123.127 43.506
    endloop
  endfacet
  facet normal 0 0.330052 -0.943963
    outer loop
      vertex -14 120.89 42.1003
      vertex 116 121.736 42.3961
      vertex 116 120.89 42.1003
    endloop
  endfacet
  facet normal 0 0.330052 -0.943963
    outer loop
      vertex 116 121.736 42.3961
      vertex -14 120.89 42.1003
      vertex -14 121.736 42.3961
    endloop
  endfacet
  facet normal 0 -0.846522 0.532354
    outer loop
      vertex -14 116.396 47.7355
      vertex 116 116.873 48.494
      vertex -14 116.873 48.494
    endloop
  endfacet
  facet normal 0 -0.846522 0.532354
    outer loop
      vertex 116 116.873 48.494
      vertex -14 116.396 47.7355
      vertex 116 116.396 47.7355
    endloop
  endfacet
  facet normal 0 0.993748 0.111645
    outer loop
      vertex 0 124 46
      vertex -14 123.9 46.8901
      vertex 0 123.9 46.8901
    endloop
  endfacet
  facet normal 0 0.993748 0.111645
    outer loop
      vertex -14 123.9 46.8901
      vertex 0 124 46
      vertex -14 124 46
    endloop
  endfacet
  facet normal -0 0.330052 0.943963
    outer loop
      vertex -14 121.736 49.6039
      vertex 116 120.89 49.8997
      vertex 116 121.736 49.6039
    endloop
  endfacet
  facet normal 0 0.330052 0.943963
    outer loop
      vertex 116 120.89 49.8997
      vertex -14 121.736 49.6039
      vertex -14 120.89 49.8997
    endloop
  endfacet
  facet normal 0 -0.330052 -0.943963
    outer loop
      vertex 3 118.264 42.3961
      vertex 116 119.11 42.1003
      vertex 116 118.264 42.3961
    endloop
  endfacet
  facet normal -0 -0.330052 -0.943963
    outer loop
      vertex 116 119.11 42.1003
      vertex 3 118.264 42.3961
      vertex 3 119.11 42.1003
    endloop
  endfacet
  facet normal 0 -0.330052 -0.943963
    outer loop
      vertex -14 118.264 42.3961
      vertex 0 119.11 42.1003
      vertex 0 118.264 42.3961
    endloop
  endfacet
  facet normal -0 -0.330052 -0.943963
    outer loop
      vertex 0 119.11 42.1003
      vertex -14 118.264 42.3961
      vertex -14 119.11 42.1003
    endloop
  endfacet
  facet normal 0 0.707274 0.706939
    outer loop
      vertex 116 123.127 48.494
      vertex -14 122.494 49.1273
      vertex 116 122.494 49.1273
    endloop
  endfacet
  facet normal 0 0.707274 0.706939
    outer loop
      vertex -14 122.494 49.1273
      vertex 116 123.127 48.494
      vertex -14 123.127 48.494
    endloop
  endfacet
  facet normal -0 0.111988 0.99371
    outer loop
      vertex -14 120.89 49.8997
      vertex 116 120 50
      vertex 116 120.89 49.8997
    endloop
  endfacet
  facet normal 0 0.111988 0.99371
    outer loop
      vertex 116 120 50
      vertex -14 120.89 49.8997
      vertex -14 120 50
    endloop
  endfacet
  facet normal 0 0.532286 -0.846565
    outer loop
      vertex -14 121.736 42.3961
      vertex 116 122.494 42.8727
      vertex 116 121.736 42.3961
    endloop
  endfacet
  facet normal 0 0.532286 -0.846565
    outer loop
      vertex 116 122.494 42.8727
      vertex -14 121.736 42.3961
      vertex -14 122.494 42.8727
    endloop
  endfacet
  facet normal 0 -0.532286 -0.846565
    outer loop
      vertex 3 117.506 42.8727
      vertex 116 118.264 42.3961
      vertex 116 117.506 42.8727
    endloop
  endfacet
  facet normal -0 -0.532286 -0.846565
    outer loop
      vertex 116 118.264 42.3961
      vertex 3 117.506 42.8727
      vertex 3 118.264 42.3961
    endloop
  endfacet
  facet normal 0 -0.532286 -0.846565
    outer loop
      vertex -14 117.506 42.8727
      vertex 0 118.264 42.3961
      vertex 0 117.506 42.8727
    endloop
  endfacet
  facet normal -0 -0.532286 -0.846565
    outer loop
      vertex 0 118.264 42.3961
      vertex -14 117.506 42.8727
      vertex -14 118.264 42.3961
    endloop
  endfacet
  facet normal 0 -0.111988 0.99371
    outer loop
      vertex -14 120 50
      vertex 116 119.11 49.8997
      vertex 116 120 50
    endloop
  endfacet
  facet normal 0 -0.111988 0.99371
    outer loop
      vertex 116 119.11 49.8997
      vertex -14 120 50
      vertex -14 119.11 49.8997
    endloop
  endfacet
  facet normal 0 0.993748 -0.111645
    outer loop
      vertex 0 123.9 45.1099
      vertex -14 124 46
      vertex 0 124 46
    endloop
  endfacet
  facet normal 0 0.993748 -0.111645
    outer loop
      vertex -14 124 46
      vertex 0 123.9 45.1099
      vertex -14 123.9 45.1099
    endloop
  endfacet
  facet normal 0 -0.532286 0.846565
    outer loop
      vertex -14 118.264 49.6039
      vertex 116 117.506 49.1273
      vertex 116 118.264 49.6039
    endloop
  endfacet
  facet normal 0 -0.532286 0.846565
    outer loop
      vertex 116 117.506 49.1273
      vertex -14 118.264 49.6039
      vertex -14 117.506 49.1273
    endloop
  endfacet
  facet normal 0 -0.94382 0.33046
    outer loop
      vertex -14 116.1 46.8901
      vertex 116 116.396 47.7355
      vertex -14 116.396 47.7355
    endloop
  endfacet
  facet normal 0 -0.94382 0.33046
    outer loop
      vertex 116 116.396 47.7355
      vertex -14 116.1 46.8901
      vertex 116 116.1 46.8901
    endloop
  endfacet
  facet normal 0 -0.993748 0.111645
    outer loop
      vertex -14 116 46
      vertex 116 116.1 46.8901
      vertex -14 116.1 46.8901
    endloop
  endfacet
  facet normal 0 -0.993748 0.111645
    outer loop
      vertex 116 116.1 46.8901
      vertex -14 116 46
      vertex 116 116 46
    endloop
  endfacet
  facet normal -0 0.532286 0.846565
    outer loop
      vertex -14 122.494 49.1273
      vertex 116 121.736 49.6039
      vertex 116 122.494 49.1273
    endloop
  endfacet
  facet normal 0 0.532286 0.846565
    outer loop
      vertex 116 121.736 49.6039
      vertex -14 122.494 49.1273
      vertex -14 121.736 49.6039
    endloop
  endfacet
endsolid OpenSCAD_Model
